19:37:32 DEBUG   opendrift.config:168: Adding 17 config items from __init__
19:37:32 DEBUG   opendrift.config:178:   Overwriting config item readers:max_number_of_fails
19:37:32 DEBUG   opendrift.config:168: Adding 14 config items from __init__
19:37:32 INFO    opendrift:568: OpenDriftSimulation initialised (version 1.14.9)
19:37:32 DEBUG   opendrift.config:168: Adding 15 config items from openberg
19:37:40 DEBUG   opendrift.readers.reader_netCDF_CF_generic:131: Finding coordinate variables.
19:37:40 DEBUG   opendrift.readers.reader_netCDF_CF_generic:146: Parsing CF grid mapping dictionary: {'grid_mapping_name': 'polar_stereographic', 'latitude_of_projection_origin': np.float64(90.0), 'longitude_of_projection_origin': np.float64(-45.0), 'scale_factor_at_projection_origin': np.float64(1.0), 'straight_vertical_longitude_from_pole': np.float64(-45.0), 'earth_radius': np.float64(6378273.0), 'proj4': '+proj=stere +lon_0=-45 +lat_0=90 +k=1 +R=6378273 +no_defs', 'false_easting': np.float64(0.0), 'false_northing': np.float64(0.0)}
19:37:40 DEBUG   opendrift.readers.reader_netCDF_CF_generic:245: 10 ensemble members available
19:37:40 INFO    opendrift.readers.reader_netCDF_CF_generic:340: Detected dimensions: {'x': 'x', 'y': 'y', 'z': 'depth', 'time': 'time'}
19:37:40 DEBUG   opendrift.readers.reader_netCDF_CF_generic:376: Skipped variables without standard_name: ['surtx', 'surty']
19:37:40 DEBUG   opendrift.readers.basereader.variables:614: Setting buffer size 72 for reader Ensemble reader, assuming a maximum average speed of 5 m/s and time span of 1 day, 0:00:00
19:37:40 DEBUG   opendrift.readers.basereader:188: Variable mapping: ['sea_floor_depth_below_sea_level'] -> ['land_binary_mask'] is not activated
19:37:40 DEBUG   opendrift.readers.basereader.variables:569: Adding variable mapping: ['sea_ice_x_velocity', 'sea_ice_y_velocity'] -> sea_ice_speed
19:37:40 DEBUG   opendrift.readers.basereader.variables:569: Adding variable mapping: ['x_sea_water_velocity', 'y_sea_water_velocity'] -> sea_water_speed
19:37:40 DEBUG   opendrift.models.basemodel.environment:313: Added reader Ensemble reader
19:37:40 DEBUG   opendrift.readers.reader_lazy:37: Delaying initialisation of LazyReader: cmems_obs-wind_glo_phy_nrt_l4_0.125deg_PT1H
19:37:40 DEBUG   opendrift.models.basemodel.environment:313: Added reader LazyReader: cmems_obs-wind_glo_phy_nrt_l4_0.125deg_PT1H
19:37:40 INFO    opendrift.models.basemodel.environment:203: Adding a global landmask from GSHHG
19:37:40 DEBUG   opendrift.readers.basereader:188: Variable mapping: ['sea_floor_depth_below_sea_level'] -> ['land_binary_mask'] is not activated
19:37:44 DEBUG   opendrift.models.basemodel.environment:313: Added reader global_landmask
19:37:44 INFO    opendrift.models.basemodel.environment:227: Fallback values will be used for the following variables which have no readers: 
19:37:44 INFO    opendrift.models.basemodel.environment:230: 	sea_surface_x_slope: 0.000000
19:37:44 INFO    opendrift.models.basemodel.environment:230: 	sea_surface_y_slope: 0.000000
19:37:44 INFO    opendrift.models.basemodel.environment:230: 	x_wind: 0.000000
19:37:44 INFO    opendrift.models.basemodel.environment:230: 	y_wind: 0.000000
19:37:44 INFO    opendrift.models.basemodel.environment:230: 	horizontal_diffusivity: 0.000000
19:37:44 INFO    opendrift.models.basemodel.environment:230: 	sea_surface_wave_significant_height: 0.000000
19:37:44 INFO    opendrift.models.basemodel.environment:230: 	sea_surface_wave_from_direction: 0.000000
19:37:44 INFO    opendrift.models.basemodel.environment:230: 	sea_surface_wave_stokes_drift_x_velocity: 0.000000
19:37:44 INFO    opendrift.models.basemodel.environment:230: 	sea_surface_wave_stokes_drift_y_velocity: 0.000000
19:37:44 INFO    opendrift.models.basemodel.environment:230: 	sea_water_salinity: 35.000000
19:37:44 DEBUG   opendrift:164: Changed mode from Mode.Config to Mode.Ready
19:37:44 DEBUG   opendrift:164: Changed mode from Mode.Ready to Mode.Run
19:37:44 DEBUG   opendrift:1800: 
------------------------------------------------------
Software and hardware:
  OpenDrift version 1.14.9
  Platform: Linux, 5.17.4-200.fc35.x86_64
  31.349506378173828 GB memory
  8 processors (x86_64)
  NumPy version 2.4.6
  SciPy version 1.17.1
  Matplotlib version 3.10.9
  NetCDF4 version 1.7.4
  Xarray version 2026.4.0
  ADIOS (adios_db) version 1.2.7
  Copernicusmarine version 2.4.1
  Python version 3.12.11 | packaged by conda-forge | (main, Jun  4 2025, 14:45:31) [GCC 13.3.0]
------------------------------------------------------

19:37:44 INFO    opendrift:1839: Storing previous values of element property lon because of condition (('general:coastline_action', 'in', ['stranding', 'previous']), 'or', ('general:seafloor_action', 'in', ['previous']))
19:37:44 INFO    opendrift:1839: Storing previous values of element property lat because of condition (('general:coastline_action', 'in', ['stranding', 'previous']), 'or', ('general:seafloor_action', 'in', ['previous']))
19:37:44 DEBUG   opendrift:1962: Finalizing environment and preparing readers for simulation coverage ([-312.90592091   11.6425427   179.19912236   89.        ]) and time (2025-09-24 00:00:00 to 2025-12-11 00:00:00)
19:37:44 DEBUG   opendrift.models.basemodel.environment:166: 	Preparing Ensemble reader for extent [-312.90592091   11.6425427   179.19912236   89.        ]
19:37:44 DEBUG   opendrift.readers.basereader.structured:151: Clearing cache for reader Ensemble reader before starting new simulation
19:37:44 DEBUG   opendrift.readers.basereader.variables:614: Setting buffer size 16 for reader Ensemble reader, assuming a maximum average speed of 1 m/s and time span of 1 day, 0:00:00
19:37:44 DEBUG   opendrift.readers.basereader.variables:555: Nothing more to prepare for Ensemble reader
19:37:44 DEBUG   opendrift.models.basemodel.environment:166: 	Preparing LazyReader: cmems_obs-wind_glo_phy_nrt_l4_0.125deg_PT1H for extent [-312.90592091   11.6425427   179.19912236   89.        ]
19:37:44 DEBUG   opendrift.models.basemodel.environment:166: 	Preparing global_landmask for extent [-312.90592091   11.6425427   179.19912236   89.        ]
19:37:44 DEBUG   opendrift.readers.basereader.variables:555: Nothing more to prepare for global_landmask
19:37:44 DEBUG   opendrift:2059: Initial self.result, size Frozen({'trajectory': 260, 'time': 100})
19:37:44 DEBUG   opendrift.export.io_netcdf:24: Initialising output netCDF file {self.outfile_name}
19:37:44 INFO    opendrift:947: Using existing reader for land_binary_mask to move elements to ocean
19:37:44 DEBUG   opendrift.models.basemodel.environment:599: ----------------------------------------
19:37:44 DEBUG   opendrift.models.basemodel.environment:600: Variable group ['land_binary_mask']
19:37:44 DEBUG   opendrift.models.basemodel.environment:601: ----------------------------------------
19:37:44 DEBUG   opendrift.models.basemodel.environment:605: Calling reader global_landmask
19:37:44 DEBUG   opendrift.models.basemodel.environment:606: ----------------------------------------
19:37:44 DEBUG   opendrift.models.basemodel.environment:626: Data needed for 260 elements
19:37:44 DEBUG   opendrift.readers.basereader.variables:761: Fetching variables from global_landmask covering 260 elements
19:37:45 DEBUG   opendrift.readers.basereader.continuous:37: Fetched env-before
19:37:45 DEBUG   opendrift.readers.basereader.variables:639: Checking land_binary_mask for invalid values
19:37:45 DEBUG   opendrift.readers.basereader.variables:797: Reader projection is latlon - rotation of vectors is not needed.
19:37:45 DEBUG   opendrift.models.basemodel.environment:762: Obtained data for all elements.
19:37:45 DEBUG   opendrift.models.basemodel.environment:775: ---------------------------------------
19:37:45 DEBUG   opendrift.models.basemodel.environment:776: Finished processing all variable groups
19:37:45 DEBUG   opendrift.models.basemodel.environment:898: ------------ SUMMARY -------------
19:37:45 DEBUG   opendrift.models.basemodel.environment:900:     land_binary_mask: 0 (min) 0 (max)
19:37:45 DEBUG   opendrift.models.basemodel.environment:902: ---------------------------------
19:37:45 INFO    opendrift:978: All points are in ocean
19:37:45 DEBUG   opendrift:904: to be seeded: 260, already seeded 0
19:37:45 DEBUG   opendrift:926: Released 10 new elements.
19:37:45 DEBUG   opendrift:2135: ======================================================================
19:37:45 INFO    opendrift:2136: 2025-09-24 00:00:00 - step 1 of 1872 - 10 active elements (0 deactivated)
19:37:45 DEBUG   opendrift:2142: 250 elements scheduled.
19:37:45 DEBUG   opendrift:2144: ======================================================================
19:37:45 DEBUG   opendrift:2155: 		74.99825286865234 <- latitude -> 75.019287109375
19:37:45 DEBUG   opendrift:2155: 		-58.211177825927734 <- longitude -> -58.09977340698242
19:37:45 DEBUG   opendrift:2153: 		z = 0.0
19:37:45 DEBUG   opendrift:2156: ---------------------------------
19:37:45 DEBUG   opendrift.models.basemodel.environment:574: Variables not covered by any reader: ['sea_surface_wave_from_direction', 'sea_water_salinity', 'y_wind', 'sea_surface_wave_significant_height', 'x_wind']
19:37:45 DEBUG   opendrift.readers.reader_lazy:56: Initialising: LazyReader: cmems_obs-wind_glo_phy_nrt_l4_0.125deg_PT1H
19:37:45 DEBUG   opendrift.readers:189: Testing reader <module 'opendrift.readers.reader_copernicusmarine' from '/opt/conda/lib/python3.12/site-packages/opendrift/readers/reader_copernicusmarine.py'>
19:37:45 INFO    opendrift.readers.reader_copernicusmarine:39: Using CMEMS password for user lherrmannsdoerf from environment variables COPERNICUSMARINE_SERVICE_USERNAME and COPERNICUSMARINE_SERVICE_PASSWORD
19:37:46 DEBUG   opendrift.readers.reader_netCDF_CF_generic:131: Finding coordinate variables.
19:37:46 INFO    opendrift.readers.reader_netCDF_CF_generic:307: Grid coordinates are detected, but proj4 string not given: assuming latlong
19:37:46 INFO    opendrift.readers.reader_netCDF_CF_generic:340: Detected dimensions: {'y': 'latitude', 'x': 'longitude', 'time': 'time'}
19:37:46 DEBUG   opendrift.readers.basereader.variables:614: Setting buffer size 4 for reader cmems_obs-wind_glo_phy_nrt_l4_0.125deg_PT1H, assuming a maximum average speed of 5 m/s and time span of 1:00:00
19:37:46 INFO    opendrift.readers.basereader:178: Variable x_wind will be rotated from eastward_wind
19:37:46 INFO    opendrift.readers.basereader:178: Variable y_wind will be rotated from northward_wind
19:37:46 DEBUG   opendrift.readers.basereader:188: Variable mapping: ['sea_floor_depth_below_sea_level'] -> ['land_binary_mask'] is not activated
19:37:46 DEBUG   opendrift.readers.basereader.variables:569: Adding variable mapping: ['x_wind', 'y_wind'] -> wind_speed
19:37:46 DEBUG   opendrift.readers.basereader.structured:151: Clearing cache for reader cmems_obs-wind_glo_phy_nrt_l4_0.125deg_PT1H before starting new simulation
19:37:46 DEBUG   opendrift.readers.basereader.variables:614: Setting buffer size 3 for reader cmems_obs-wind_glo_phy_nrt_l4_0.125deg_PT1H, assuming a maximum average speed of 1 m/s and time span of 1:00:00
19:37:46 DEBUG   opendrift.readers.basereader.variables:555: Nothing more to prepare for cmems_obs-wind_glo_phy_nrt_l4_0.125deg_PT1H
19:37:46 DEBUG   opendrift.readers.reader_lazy:71: Reader initialised: cmems_obs-wind_glo_phy_nrt_l4_0.125deg_PT1H
19:37:46 DEBUG   opendrift.readers.basereader.variables:614: Setting buffer size 3 for reader cmems_obs-wind_glo_phy_nrt_l4_0.125deg_PT1H, assuming a maximum average speed of 1 m/s and time span of 1:00:00
19:37:46 DEBUG   opendrift.models.basemodel.environment:599: ----------------------------------------
19:37:46 DEBUG   opendrift.models.basemodel.environment:600: Variable group ['sea_floor_depth_below_sea_level', 'sea_water_temperature', 'x_sea_water_velocity', 'y_sea_water_velocity', 'sea_surface_height', 'sea_ice_thickness', 'sea_ice_area_fraction', 'sea_ice_x_velocity', 'sea_ice_y_velocity']
19:37:46 DEBUG   opendrift.models.basemodel.environment:601: ----------------------------------------
19:37:46 DEBUG   opendrift.models.basemodel.environment:605: Calling reader Ensemble reader
19:37:46 DEBUG   opendrift.models.basemodel.environment:606: ----------------------------------------
19:37:46 DEBUG   opendrift.models.basemodel.environment:626: Data needed for 10 elements
19:37:46 DEBUG   opendrift.readers.basereader.variables:761: Fetching variables from Ensemble reader covering 10 elements
19:37:46 DEBUG   opendrift.readers.basereader.structured:220: Reader time:
		2025-09-23 12:00:00 (before)
		2025-09-24 12:00:00 (after)
19:37:53 DEBUG   opendrift.readers.reader_netCDF_CF_generic:561: Num ensembles for sea_floor_depth_below_sea_level: 10
19:38:05 DEBUG   opendrift.readers.reader_netCDF_CF_generic:561: Num ensembles for sea_water_temperature: 10
19:38:18 DEBUG   opendrift.readers.reader_netCDF_CF_generic:561: Num ensembles for x_sea_water_velocity: 10
19:38:31 DEBUG   opendrift.readers.reader_netCDF_CF_generic:561: Num ensembles for y_sea_water_velocity: 10
19:38:37 DEBUG   opendrift.readers.reader_netCDF_CF_generic:561: Num ensembles for sea_surface_height: 10
19:38:43 DEBUG   opendrift.readers.reader_netCDF_CF_generic:561: Num ensembles for sea_ice_thickness: 10
19:38:48 DEBUG   opendrift.readers.reader_netCDF_CF_generic:561: Num ensembles for sea_ice_area_fraction: 10
19:38:53 DEBUG   opendrift.readers.reader_netCDF_CF_generic:561: Num ensembles for sea_ice_x_velocity: 10
19:39:00 DEBUG   opendrift.readers.reader_netCDF_CF_generic:561: Num ensembles for sea_ice_y_velocity: 10
19:39:00 DEBUG   opendrift.readers.basereader.variables:639: Checking sea_floor_depth_below_sea_level for invalid values
19:39:00 DEBUG   opendrift.readers.basereader.variables:641: Min-max checking for ensemble data (10 members)
19:39:00 DEBUG   opendrift.readers.basereader.variables:639: Checking sea_floor_depth_below_sea_level for invalid values
19:39:00 DEBUG   opendrift.readers.basereader.variables:639: Checking sea_floor_depth_below_sea_level for invalid values
19:39:00 DEBUG   opendrift.readers.basereader.variables:639: Checking sea_floor_depth_below_sea_level for invalid values
19:39:00 DEBUG   opendrift.readers.basereader.variables:639: Checking sea_floor_depth_below_sea_level for invalid values
19:39:00 DEBUG   opendrift.readers.basereader.variables:639: Checking sea_floor_depth_below_sea_level for invalid values
19:39:00 DEBUG   opendrift.readers.basereader.variables:639: Checking sea_floor_depth_below_sea_level for invalid values
19:39:00 DEBUG   opendrift.readers.basereader.variables:639: Checking sea_floor_depth_below_sea_level for invalid values
19:39:00 DEBUG   opendrift.readers.basereader.variables:639: Checking sea_floor_depth_below_sea_level for invalid values
19:39:00 DEBUG   opendrift.readers.basereader.variables:639: Checking sea_floor_depth_below_sea_level for invalid values
19:39:00 DEBUG   opendrift.readers.basereader.variables:639: Checking sea_floor_depth_below_sea_level for invalid values
19:39:00 WARNING opendrift.readers.interpolation.structured:63: Ensemble data currently not extrapolated towards seafloor
19:39:00 WARNING opendrift.readers.interpolation.structured:63: Ensemble data currently not extrapolated towards seafloor
19:39:00 DEBUG   opendrift.readers.basereader.variables:639: Checking x_sea_water_velocity for invalid values
19:39:00 DEBUG   opendrift.readers.basereader.variables:641: Min-max checking for ensemble data (10 members)
19:39:00 DEBUG   opendrift.readers.basereader.variables:639: Checking x_sea_water_velocity for invalid values
19:39:00 DEBUG   opendrift.readers.basereader.variables:639: Checking x_sea_water_velocity for invalid values
19:39:00 DEBUG   opendrift.readers.basereader.variables:639: Checking x_sea_water_velocity for invalid values
19:39:00 DEBUG   opendrift.readers.basereader.variables:639: Checking x_sea_water_velocity for invalid values
19:39:00 DEBUG   opendrift.readers.basereader.variables:639: Checking x_sea_water_velocity for invalid values
19:39:00 DEBUG   opendrift.readers.basereader.variables:639: Checking x_sea_water_velocity for invalid values
19:39:00 DEBUG   opendrift.readers.basereader.variables:639: Checking x_sea_water_velocity for invalid values
19:39:00 DEBUG   opendrift.readers.basereader.variables:639: Checking x_sea_water_velocity for invalid values
19:39:00 DEBUG   opendrift.readers.basereader.variables:639: Checking x_sea_water_velocity for invalid values
19:39:00 DEBUG   opendrift.readers.basereader.variables:639: Checking x_sea_water_velocity for invalid values
19:39:00 WARNING opendrift.readers.interpolation.structured:63: Ensemble data currently not extrapolated towards seafloor
19:39:00 DEBUG   opendrift.readers.basereader.variables:639: Checking y_sea_water_velocity for invalid values
19:39:00 DEBUG   opendrift.readers.basereader.variables:641: Min-max checking for ensemble data (10 members)
19:39:00 DEBUG   opendrift.readers.basereader.variables:639: Checking y_sea_water_velocity for invalid values
19:39:00 DEBUG   opendrift.readers.basereader.variables:639: Checking y_sea_water_velocity for invalid values
19:39:00 DEBUG   opendrift.readers.basereader.variables:639: Checking y_sea_water_velocity for invalid values
19:39:00 DEBUG   opendrift.readers.basereader.variables:639: Checking y_sea_water_velocity for invalid values
19:39:00 DEBUG   opendrift.readers.basereader.variables:639: Checking y_sea_water_velocity for invalid values
19:39:00 DEBUG   opendrift.readers.basereader.variables:639: Checking y_sea_water_velocity for invalid values
19:39:00 DEBUG   opendrift.readers.basereader.variables:639: Checking y_sea_water_velocity for invalid values
19:39:00 DEBUG   opendrift.readers.basereader.variables:639: Checking y_sea_water_velocity for invalid values
19:39:00 DEBUG   opendrift.readers.basereader.variables:639: Checking y_sea_water_velocity for invalid values
19:39:00 DEBUG   opendrift.readers.basereader.variables:639: Checking y_sea_water_velocity for invalid values
19:39:00 WARNING opendrift.readers.interpolation.structured:63: Ensemble data currently not extrapolated towards seafloor
19:39:00 WARNING opendrift.readers.interpolation.structured:63: Ensemble data currently not extrapolated towards seafloor
19:39:00 WARNING opendrift.readers.interpolation.structured:63: Ensemble data currently not extrapolated towards seafloor
19:39:00 WARNING opendrift.readers.interpolation.structured:63: Ensemble data currently not extrapolated towards seafloor
19:39:00 WARNING opendrift.readers.interpolation.structured:63: Ensemble data currently not extrapolated towards seafloor
19:39:00 WARNING opendrift.readers.interpolation.structured:63: Ensemble data currently not extrapolated towards seafloor
19:39:00 DEBUG   opendrift.readers.basereader.structured:290: Fetched env-block (size 34x32x2) for time before (2025-09-23 12:00:00)
19:39:01 DEBUG   opendrift.readers.reader_netCDF_CF_generic:561: Num ensembles for sea_floor_depth_below_sea_level: 10
19:39:18 DEBUG   opendrift.readers.reader_netCDF_CF_generic:561: Num ensembles for sea_water_temperature: 10
19:39:33 DEBUG   opendrift.readers.reader_netCDF_CF_generic:561: Num ensembles for x_sea_water_velocity: 10
19:39:44 DEBUG   opendrift.readers.reader_netCDF_CF_generic:561: Num ensembles for y_sea_water_velocity: 10
19:39:50 DEBUG   opendrift.readers.reader_netCDF_CF_generic:561: Num ensembles for sea_surface_height: 10
19:39:55 DEBUG   opendrift.readers.reader_netCDF_CF_generic:561: Num ensembles for sea_ice_thickness: 10
19:40:01 DEBUG   opendrift.readers.reader_netCDF_CF_generic:561: Num ensembles for sea_ice_area_fraction: 10
19:40:06 DEBUG   opendrift.readers.reader_netCDF_CF_generic:561: Num ensembles for sea_ice_x_velocity: 10
19:40:11 DEBUG   opendrift.readers.reader_netCDF_CF_generic:561: Num ensembles for sea_ice_y_velocity: 10
19:40:11 DEBUG   opendrift.readers.basereader.variables:639: Checking sea_floor_depth_below_sea_level for invalid values
19:40:11 DEBUG   opendrift.readers.basereader.variables:641: Min-max checking for ensemble data (10 members)
19:40:11 DEBUG   opendrift.readers.basereader.variables:639: Checking sea_floor_depth_below_sea_level for invalid values
19:40:11 DEBUG   opendrift.readers.basereader.variables:639: Checking sea_floor_depth_below_sea_level for invalid values
19:40:11 DEBUG   opendrift.readers.basereader.variables:639: Checking sea_floor_depth_below_sea_level for invalid values
19:40:11 DEBUG   opendrift.readers.basereader.variables:639: Checking sea_floor_depth_below_sea_level for invalid values
19:40:11 DEBUG   opendrift.readers.basereader.variables:639: Checking sea_floor_depth_below_sea_level for invalid values
19:40:11 DEBUG   opendrift.readers.basereader.variables:639: Checking sea_floor_depth_below_sea_level for invalid values
19:40:11 DEBUG   opendrift.readers.basereader.variables:639: Checking sea_floor_depth_below_sea_level for invalid values
19:40:11 DEBUG   opendrift.readers.basereader.variables:639: Checking sea_floor_depth_below_sea_level for invalid values
19:40:11 DEBUG   opendrift.readers.basereader.variables:639: Checking sea_floor_depth_below_sea_level for invalid values
19:40:11 DEBUG   opendrift.readers.basereader.variables:639: Checking sea_floor_depth_below_sea_level for invalid values
19:40:11 WARNING opendrift.readers.interpolation.structured:63: Ensemble data currently not extrapolated towards seafloor
19:40:11 WARNING opendrift.readers.interpolation.structured:63: Ensemble data currently not extrapolated towards seafloor
19:40:11 DEBUG   opendrift.readers.basereader.variables:639: Checking x_sea_water_velocity for invalid values
19:40:11 DEBUG   opendrift.readers.basereader.variables:641: Min-max checking for ensemble data (10 members)
19:40:11 DEBUG   opendrift.readers.basereader.variables:639: Checking x_sea_water_velocity for invalid values
19:40:11 DEBUG   opendrift.readers.basereader.variables:639: Checking x_sea_water_velocity for invalid values
19:40:11 DEBUG   opendrift.readers.basereader.variables:639: Checking x_sea_water_velocity for invalid values
19:40:11 DEBUG   opendrift.readers.basereader.variables:639: Checking x_sea_water_velocity for invalid values
19:40:11 DEBUG   opendrift.readers.basereader.variables:639: Checking x_sea_water_velocity for invalid values
19:40:11 DEBUG   opendrift.readers.basereader.variables:639: Checking x_sea_water_velocity for invalid values
19:40:11 DEBUG   opendrift.readers.basereader.variables:639: Checking x_sea_water_velocity for invalid values
19:40:11 DEBUG   opendrift.readers.basereader.variables:639: Checking x_sea_water_velocity for invalid values
19:40:11 DEBUG   opendrift.readers.basereader.variables:639: Checking x_sea_water_velocity for invalid values
19:40:11 DEBUG   opendrift.readers.basereader.variables:639: Checking x_sea_water_velocity for invalid values
19:40:11 WARNING opendrift.readers.interpolation.structured:63: Ensemble data currently not extrapolated towards seafloor
19:40:11 DEBUG   opendrift.readers.basereader.variables:639: Checking y_sea_water_velocity for invalid values
19:40:11 DEBUG   opendrift.readers.basereader.variables:641: Min-max checking for ensemble data (10 members)
19:40:11 DEBUG   opendrift.readers.basereader.variables:639: Checking y_sea_water_velocity for invalid values
19:40:11 DEBUG   opendrift.readers.basereader.variables:639: Checking y_sea_water_velocity for invalid values
19:40:11 DEBUG   opendrift.readers.basereader.variables:639: Checking y_sea_water_velocity for invalid values
19:40:11 DEBUG   opendrift.readers.basereader.variables:639: Checking y_sea_water_velocity for invalid values
19:40:11 DEBUG   opendrift.readers.basereader.variables:639: Checking y_sea_water_velocity for invalid values
19:40:11 DEBUG   opendrift.readers.basereader.variables:639: Checking y_sea_water_velocity for invalid values
19:40:11 DEBUG   opendrift.readers.basereader.variables:639: Checking y_sea_water_velocity for invalid values
19:40:11 DEBUG   opendrift.readers.basereader.variables:639: Checking y_sea_water_velocity for invalid values
19:40:11 DEBUG   opendrift.readers.basereader.variables:639: Checking y_sea_water_velocity for invalid values
19:40:11 DEBUG   opendrift.readers.basereader.variables:639: Checking y_sea_water_velocity for invalid values
19:40:11 WARNING opendrift.readers.interpolation.structured:63: Ensemble data currently not extrapolated towards seafloor
19:40:11 WARNING opendrift.readers.interpolation.structured:63: Ensemble data currently not extrapolated towards seafloor
19:40:11 WARNING opendrift.readers.interpolation.structured:63: Ensemble data currently not extrapolated towards seafloor
19:40:11 WARNING opendrift.readers.interpolation.structured:63: Ensemble data currently not extrapolated towards seafloor
19:40:11 WARNING opendrift.readers.interpolation.structured:63: Ensemble data currently not extrapolated towards seafloor
19:40:11 WARNING opendrift.readers.interpolation.structured:63: Ensemble data currently not extrapolated towards seafloor
19:40:11 DEBUG   opendrift.readers.basereader.structured:313: Fetched env-block (size 34x32x2) for time after (2025-09-24 12:00:00)
19:40:11 DEBUG   opendrift.readers.basereader.structured:334: Interpolating before (2025-09-23 12:00:00) in space  (linearNDFast)
19:40:11 DEBUG   opendrift.readers.interpolation.structured:97: Initialising interpolator.
19:40:11 DEBUG   opendrift.readers.interpolation.structured:122: Interpolating 10 ensembles for sea_floor_depth_below_sea_level
19:40:11 DEBUG   opendrift.readers.interpolation.interpolators:131: Linear2DInterpolator informational: NaN values for 10 elements, expanding data 1
19:40:11 DEBUG   opendrift.readers.interpolation.interpolators:131: Linear2DInterpolator informational: NaN values for 10 elements, expanding data 1
19:40:11 DEBUG   opendrift.readers.interpolation.interpolators:131: Linear2DInterpolator informational: NaN values for 10 elements, expanding data 1
19:40:11 DEBUG   opendrift.readers.interpolation.interpolators:131: Linear2DInterpolator informational: NaN values for 10 elements, expanding data 1
19:40:11 DEBUG   opendrift.readers.interpolation.interpolators:131: Linear2DInterpolator informational: NaN values for 10 elements, expanding data 1
19:40:11 DEBUG   opendrift.readers.interpolation.interpolators:131: Linear2DInterpolator informational: NaN values for 10 elements, expanding data 1
19:40:11 DEBUG   opendrift.readers.interpolation.interpolators:131: Linear2DInterpolator informational: NaN values for 10 elements, expanding data 1
19:40:11 DEBUG   opendrift.readers.interpolation.interpolators:131: Linear2DInterpolator informational: NaN values for 10 elements, expanding data 1
19:40:11 DEBUG   opendrift.readers.interpolation.interpolators:131: Linear2DInterpolator informational: NaN values for 10 elements, expanding data 1
19:40:11 DEBUG   opendrift.readers.interpolation.interpolators:131: Linear2DInterpolator informational: NaN values for 10 elements, expanding data 1
19:40:11 DEBUG   opendrift.readers.interpolation.structured:122: Interpolating 10 ensembles for sea_water_temperature
19:40:11 DEBUG   opendrift.readers.interpolation.interpolators:115: Converting masked array to numpy array for interpolation
19:40:11 DEBUG   opendrift.readers.interpolation.interpolators:131: Linear2DInterpolator informational: NaN values for 10 elements, expanding data 1
19:40:11 DEBUG   opendrift.readers.interpolation.interpolators:115: Converting masked array to numpy array for interpolation
19:40:11 DEBUG   opendrift.readers.interpolation.interpolators:131: Linear2DInterpolator informational: NaN values for 10 elements, expanding data 1
19:40:11 DEBUG   opendrift.readers.interpolation.interpolators:115: Converting masked array to numpy array for interpolation
19:40:11 DEBUG   opendrift.readers.interpolation.interpolators:131: Linear2DInterpolator informational: NaN values for 10 elements, expanding data 1
19:40:11 DEBUG   opendrift.readers.interpolation.interpolators:115: Converting masked array to numpy array for interpolation
19:40:11 DEBUG   opendrift.readers.interpolation.interpolators:131: Linear2DInterpolator informational: NaN values for 10 elements, expanding data 1
19:40:11 DEBUG   opendrift.readers.interpolation.interpolators:115: Converting masked array to numpy array for interpolation
19:40:11 DEBUG   opendrift.readers.interpolation.interpolators:131: Linear2DInterpolator informational: NaN values for 10 elements, expanding data 1
19:40:11 DEBUG   opendrift.readers.interpolation.interpolators:115: Converting masked array to numpy array for interpolation
19:40:11 DEBUG   opendrift.readers.interpolation.interpolators:131: Linear2DInterpolator informational: NaN values for 10 elements, expanding data 1
19:40:11 DEBUG   opendrift.readers.interpolation.interpolators:115: Converting masked array to numpy array for interpolation
19:40:11 DEBUG   opendrift.readers.interpolation.interpolators:131: Linear2DInterpolator informational: NaN values for 10 elements, expanding data 1
19:40:11 DEBUG   opendrift.readers.interpolation.interpolators:115: Converting masked array to numpy array for interpolation
19:40:11 DEBUG   opendrift.readers.interpolation.interpolators:131: Linear2DInterpolator informational: NaN values for 10 elements, expanding data 1
19:40:11 DEBUG   opendrift.readers.interpolation.interpolators:115: Converting masked array to numpy array for interpolation
19:40:11 DEBUG   opendrift.readers.interpolation.interpolators:131: Linear2DInterpolator informational: NaN values for 10 elements, expanding data 1
19:40:11 DEBUG   opendrift.readers.interpolation.interpolators:115: Converting masked array to numpy array for interpolation
19:40:11 DEBUG   opendrift.readers.interpolation.interpolators:131: Linear2DInterpolator informational: NaN values for 10 elements, expanding data 1
19:40:11 DEBUG   opendrift.readers.interpolation.interpolators:115: Converting masked array to numpy array for interpolation
19:40:11 DEBUG   opendrift.readers.interpolation.interpolators:131: Linear2DInterpolator informational: NaN values for 10 elements, expanding data 1
19:40:11 DEBUG   opendrift.readers.interpolation.interpolators:115: Converting masked array to numpy array for interpolation
19:40:11 DEBUG   opendrift.readers.interpolation.interpolators:131: Linear2DInterpolator informational: NaN values for 10 elements, expanding data 1
19:40:11 DEBUG   opendrift.readers.interpolation.interpolators:115: Converting masked array to numpy array for interpolation
19:40:11 DEBUG   opendrift.readers.interpolation.interpolators:131: Linear2DInterpolator informational: NaN values for 10 elements, expanding data 1
19:40:11 DEBUG   opendrift.readers.interpolation.interpolators:115: Converting masked array to numpy array for interpolation
19:40:11 DEBUG   opendrift.readers.interpolation.interpolators:131: Linear2DInterpolator informational: NaN values for 10 elements, expanding data 1
19:40:11 DEBUG   opendrift.readers.interpolation.interpolators:115: Converting masked array to numpy array for interpolation
19:40:11 DEBUG   opendrift.readers.interpolation.interpolators:131: Linear2DInterpolator informational: NaN values for 10 elements, expanding data 1
19:40:11 DEBUG   opendrift.readers.interpolation.interpolators:115: Converting masked array to numpy array for interpolation
19:40:11 DEBUG   opendrift.readers.interpolation.interpolators:131: Linear2DInterpolator informational: NaN values for 10 elements, expanding data 1
19:40:11 DEBUG   opendrift.readers.interpolation.interpolators:115: Converting masked array to numpy array for interpolation
19:40:11 DEBUG   opendrift.readers.interpolation.interpolators:131: Linear2DInterpolator informational: NaN values for 10 elements, expanding data 1
19:40:11 DEBUG   opendrift.readers.interpolation.interpolators:115: Converting masked array to numpy array for interpolation
19:40:11 DEBUG   opendrift.readers.interpolation.interpolators:131: Linear2DInterpolator informational: NaN values for 10 elements, expanding data 1
19:40:11 DEBUG   opendrift.readers.interpolation.interpolators:115: Converting masked array to numpy array for interpolation
19:40:11 DEBUG   opendrift.readers.interpolation.interpolators:131: Linear2DInterpolator informational: NaN values for 10 elements, expanding data 1
19:40:11 DEBUG   opendrift.readers.interpolation.interpolators:115: Converting masked array to numpy array for interpolation
19:40:11 DEBUG   opendrift.readers.interpolation.interpolators:131: Linear2DInterpolator informational: NaN values for 10 elements, expanding data 1
19:40:11 DEBUG   opendrift.readers.interpolation.structured:122: Interpolating 10 ensembles for x_sea_water_velocity
19:40:11 DEBUG   opendrift.readers.interpolation.interpolators:131: Linear2DInterpolator informational: NaN values for 10 elements, expanding data 1
19:40:11 DEBUG   opendrift.readers.interpolation.interpolators:131: Linear2DInterpolator informational: NaN values for 10 elements, expanding data 1
19:40:11 DEBUG   opendrift.readers.interpolation.interpolators:131: Linear2DInterpolator informational: NaN values for 10 elements, expanding data 1
19:40:11 DEBUG   opendrift.readers.interpolation.interpolators:131: Linear2DInterpolator informational: NaN values for 10 elements, expanding data 1
19:40:11 DEBUG   opendrift.readers.interpolation.interpolators:131: Linear2DInterpolator informational: NaN values for 10 elements, expanding data 1
19:40:11 DEBUG   opendrift.readers.interpolation.interpolators:131: Linear2DInterpolator informational: NaN values for 10 elements, expanding data 1
19:40:11 DEBUG   opendrift.readers.interpolation.interpolators:131: Linear2DInterpolator informational: NaN values for 10 elements, expanding data 1
19:40:11 DEBUG   opendrift.readers.interpolation.interpolators:131: Linear2DInterpolator informational: NaN values for 10 elements, expanding data 1
19:40:11 DEBUG   opendrift.readers.interpolation.interpolators:131: Linear2DInterpolator informational: NaN values for 10 elements, expanding data 1
19:40:11 DEBUG   opendrift.readers.interpolation.interpolators:131: Linear2DInterpolator informational: NaN values for 10 elements, expanding data 1
19:40:11 DEBUG   opendrift.readers.interpolation.interpolators:131: Linear2DInterpolator informational: NaN values for 10 elements, expanding data 1
19:40:11 DEBUG   opendrift.readers.interpolation.interpolators:131: Linear2DInterpolator informational: NaN values for 10 elements, expanding data 1
19:40:11 DEBUG   opendrift.readers.interpolation.interpolators:131: Linear2DInterpolator informational: NaN values for 10 elements, expanding data 1
19:40:11 DEBUG   opendrift.readers.interpolation.interpolators:131: Linear2DInterpolator informational: NaN values for 10 elements, expanding data 1
19:40:11 DEBUG   opendrift.readers.interpolation.interpolators:131: Linear2DInterpolator informational: NaN values for 10 elements, expanding data 1
19:40:11 DEBUG   opendrift.readers.interpolation.interpolators:131: Linear2DInterpolator informational: NaN values for 10 elements, expanding data 1
19:40:11 DEBUG   opendrift.readers.interpolation.interpolators:131: Linear2DInterpolator informational: NaN values for 10 elements, expanding data 1
19:40:11 DEBUG   opendrift.readers.interpolation.interpolators:131: Linear2DInterpolator informational: NaN values for 10 elements, expanding data 1
19:40:11 DEBUG   opendrift.readers.interpolation.interpolators:131: Linear2DInterpolator informational: NaN values for 10 elements, expanding data 1
19:40:11 DEBUG   opendrift.readers.interpolation.interpolators:131: Linear2DInterpolator informational: NaN values for 10 elements, expanding data 1
19:40:11 DEBUG   opendrift.readers.interpolation.structured:122: Interpolating 10 ensembles for y_sea_water_velocity
19:40:11 DEBUG   opendrift.readers.interpolation.interpolators:131: Linear2DInterpolator informational: NaN values for 10 elements, expanding data 1
19:40:11 DEBUG   opendrift.readers.interpolation.interpolators:131: Linear2DInterpolator informational: NaN values for 10 elements, expanding data 1
19:40:11 DEBUG   opendrift.readers.interpolation.interpolators:131: Linear2DInterpolator informational: NaN values for 10 elements, expanding data 1
19:40:11 DEBUG   opendrift.readers.interpolation.interpolators:131: Linear2DInterpolator informational: NaN values for 10 elements, expanding data 1
19:40:11 DEBUG   opendrift.readers.interpolation.interpolators:131: Linear2DInterpolator informational: NaN values for 10 elements, expanding data 1
19:40:11 DEBUG   opendrift.readers.interpolation.interpolators:131: Linear2DInterpolator informational: NaN values for 10 elements, expanding data 1
19:40:11 DEBUG   opendrift.readers.interpolation.interpolators:131: Linear2DInterpolator informational: NaN values for 10 elements, expanding data 1
19:40:11 DEBUG   opendrift.readers.interpolation.interpolators:131: Linear2DInterpolator informational: NaN values for 10 elements, expanding data 1
19:40:11 DEBUG   opendrift.readers.interpolation.interpolators:131: Linear2DInterpolator informational: NaN values for 10 elements, expanding data 1
19:40:11 DEBUG   opendrift.readers.interpolation.interpolators:131: Linear2DInterpolator informational: NaN values for 10 elements, expanding data 1
19:40:11 DEBUG   opendrift.readers.interpolation.interpolators:131: Linear2DInterpolator informational: NaN values for 10 elements, expanding data 1
19:40:11 DEBUG   opendrift.readers.interpolation.interpolators:131: Linear2DInterpolator informational: NaN values for 10 elements, expanding data 1
19:40:11 DEBUG   opendrift.readers.interpolation.interpolators:131: Linear2DInterpolator informational: NaN values for 10 elements, expanding data 1
19:40:11 DEBUG   opendrift.readers.interpolation.interpolators:131: Linear2DInterpolator informational: NaN values for 10 elements, expanding data 1
19:40:11 DEBUG   opendrift.readers.interpolation.interpolators:131: Linear2DInterpolator informational: NaN values for 10 elements, expanding data 1
19:40:11 DEBUG   opendrift.readers.interpolation.interpolators:131: Linear2DInterpolator informational: NaN values for 10 elements, expanding data 1
19:40:11 DEBUG   opendrift.readers.interpolation.interpolators:131: Linear2DInterpolator informational: NaN values for 10 elements, expanding data 1
19:40:11 DEBUG   opendrift.readers.interpolation.interpolators:131: Linear2DInterpolator informational: NaN values for 10 elements, expanding data 1
19:40:11 DEBUG   opendrift.readers.interpolation.interpolators:131: Linear2DInterpolator informational: NaN values for 10 elements, expanding data 1
19:40:11 DEBUG   opendrift.readers.interpolation.interpolators:131: Linear2DInterpolator informational: NaN values for 10 elements, expanding data 1
19:40:11 DEBUG   opendrift.readers.interpolation.structured:122: Interpolating 10 ensembles for sea_surface_height
19:40:11 DEBUG   opendrift.readers.interpolation.interpolators:115: Converting masked array to numpy array for interpolation
19:40:11 DEBUG   opendrift.readers.interpolation.interpolators:131: Linear2DInterpolator informational: NaN values for 10 elements, expanding data 1
19:40:11 DEBUG   opendrift.readers.interpolation.interpolators:115: Converting masked array to numpy array for interpolation
19:40:11 DEBUG   opendrift.readers.interpolation.interpolators:131: Linear2DInterpolator informational: NaN values for 10 elements, expanding data 1
19:40:11 DEBUG   opendrift.readers.interpolation.interpolators:115: Converting masked array to numpy array for interpolation
19:40:11 DEBUG   opendrift.readers.interpolation.interpolators:131: Linear2DInterpolator informational: NaN values for 10 elements, expanding data 1
19:40:11 DEBUG   opendrift.readers.interpolation.interpolators:115: Converting masked array to numpy array for interpolation
19:40:11 DEBUG   opendrift.readers.interpolation.interpolators:131: Linear2DInterpolator informational: NaN values for 10 elements, expanding data 1
19:40:11 DEBUG   opendrift.readers.interpolation.interpolators:115: Converting masked array to numpy array for interpolation
19:40:11 DEBUG   opendrift.readers.interpolation.interpolators:131: Linear2DInterpolator informational: NaN values for 10 elements, expanding data 1
19:40:11 DEBUG   opendrift.readers.interpolation.interpolators:115: Converting masked array to numpy array for interpolation
19:40:11 DEBUG   opendrift.readers.interpolation.interpolators:131: Linear2DInterpolator informational: NaN values for 10 elements, expanding data 1
19:40:11 DEBUG   opendrift.readers.interpolation.interpolators:115: Converting masked array to numpy array for interpolation
19:40:11 DEBUG   opendrift.readers.interpolation.interpolators:131: Linear2DInterpolator informational: NaN values for 10 elements, expanding data 1
19:40:11 DEBUG   opendrift.readers.interpolation.interpolators:115: Converting masked array to numpy array for interpolation
19:40:11 DEBUG   opendrift.readers.interpolation.interpolators:131: Linear2DInterpolator informational: NaN values for 10 elements, expanding data 1
19:40:11 DEBUG   opendrift.readers.interpolation.interpolators:115: Converting masked array to numpy array for interpolation
19:40:11 DEBUG   opendrift.readers.interpolation.interpolators:131: Linear2DInterpolator informational: NaN values for 10 elements, expanding data 1
19:40:11 DEBUG   opendrift.readers.interpolation.interpolators:115: Converting masked array to numpy array for interpolation
19:40:11 DEBUG   opendrift.readers.interpolation.interpolators:131: Linear2DInterpolator informational: NaN values for 10 elements, expanding data 1
19:40:11 DEBUG   opendrift.readers.interpolation.structured:122: Interpolating 10 ensembles for sea_ice_thickness
19:40:11 DEBUG   opendrift.readers.interpolation.interpolators:115: Converting masked array to numpy array for interpolation
19:40:11 DEBUG   opendrift.readers.interpolation.interpolators:131: Linear2DInterpolator informational: NaN values for 10 elements, expanding data 1
19:40:11 DEBUG   opendrift.readers.interpolation.interpolators:115: Converting masked array to numpy array for interpolation
19:40:11 DEBUG   opendrift.readers.interpolation.interpolators:131: Linear2DInterpolator informational: NaN values for 10 elements, expanding data 1
19:40:11 DEBUG   opendrift.readers.interpolation.interpolators:115: Converting masked array to numpy array for interpolation
19:40:11 DEBUG   opendrift.readers.interpolation.interpolators:131: Linear2DInterpolator informational: NaN values for 10 elements, expanding data 1
19:40:11 DEBUG   opendrift.readers.interpolation.interpolators:115: Converting masked array to numpy array for interpolation
19:40:11 DEBUG   opendrift.readers.interpolation.interpolators:131: Linear2DInterpolator informational: NaN values for 10 elements, expanding data 1
19:40:11 DEBUG   opendrift.readers.interpolation.interpolators:115: Converting masked array to numpy array for interpolation
19:40:11 DEBUG   opendrift.readers.interpolation.interpolators:131: Linear2DInterpolator informational: NaN values for 10 elements, expanding data 1
19:40:11 DEBUG   opendrift.readers.interpolation.interpolators:115: Converting masked array to numpy array for interpolation
19:40:11 DEBUG   opendrift.readers.interpolation.interpolators:131: Linear2DInterpolator informational: NaN values for 10 elements, expanding data 1
19:40:11 DEBUG   opendrift.readers.interpolation.interpolators:115: Converting masked array to numpy array for interpolation
19:40:11 DEBUG   opendrift.readers.interpolation.interpolators:131: Linear2DInterpolator informational: NaN values for 10 elements, expanding data 1
19:40:11 DEBUG   opendrift.readers.interpolation.interpolators:115: Converting masked array to numpy array for interpolation
19:40:11 DEBUG   opendrift.readers.interpolation.interpolators:131: Linear2DInterpolator informational: NaN values for 10 elements, expanding data 1
19:40:11 DEBUG   opendrift.readers.interpolation.interpolators:115: Converting masked array to numpy array for interpolation
19:40:11 DEBUG   opendrift.readers.interpolation.interpolators:131: Linear2DInterpolator informational: NaN values for 10 elements, expanding data 1
19:40:11 DEBUG   opendrift.readers.interpolation.interpolators:115: Converting masked array to numpy array for interpolation
19:40:11 DEBUG   opendrift.readers.interpolation.interpolators:131: Linear2DInterpolator informational: NaN values for 10 elements, expanding data 1
19:40:11 DEBUG   opendrift.readers.interpolation.structured:122: Interpolating 10 ensembles for sea_ice_area_fraction
19:40:11 DEBUG   opendrift.readers.interpolation.interpolators:115: Converting masked array to numpy array for interpolation
19:40:11 DEBUG   opendrift.readers.interpolation.interpolators:131: Linear2DInterpolator informational: NaN values for 10 elements, expanding data 1
19:40:11 DEBUG   opendrift.readers.interpolation.interpolators:115: Converting masked array to numpy array for interpolation
19:40:11 DEBUG   opendrift.readers.interpolation.interpolators:131: Linear2DInterpolator informational: NaN values for 10 elements, expanding data 1
19:40:11 DEBUG   opendrift.readers.interpolation.interpolators:115: Converting masked array to numpy array for interpolation
19:40:11 DEBUG   opendrift.readers.interpolation.interpolators:131: Linear2DInterpolator informational: NaN values for 10 elements, expanding data 1
19:40:11 DEBUG   opendrift.readers.interpolation.interpolators:115: Converting masked array to numpy array for interpolation
19:40:11 DEBUG   opendrift.readers.interpolation.interpolators:131: Linear2DInterpolator informational: NaN values for 10 elements, expanding data 1
19:40:11 DEBUG   opendrift.readers.interpolation.interpolators:115: Converting masked array to numpy array for interpolation
19:40:11 DEBUG   opendrift.readers.interpolation.interpolators:131: Linear2DInterpolator informational: NaN values for 10 elements, expanding data 1
19:40:11 DEBUG   opendrift.readers.interpolation.interpolators:115: Converting masked array to numpy array for interpolation
19:40:11 DEBUG   opendrift.readers.interpolation.interpolators:131: Linear2DInterpolator informational: NaN values for 10 elements, expanding data 1
19:40:11 DEBUG   opendrift.readers.interpolation.interpolators:115: Converting masked array to numpy array for interpolation
19:40:11 DEBUG   opendrift.readers.interpolation.interpolators:131: Linear2DInterpolator informational: NaN values for 10 elements, expanding data 1
19:40:11 DEBUG   opendrift.readers.interpolation.interpolators:115: Converting masked array to numpy array for interpolation
19:40:11 DEBUG   opendrift.readers.interpolation.interpolators:131: Linear2DInterpolator informational: NaN values for 10 elements, expanding data 1
19:40:11 DEBUG   opendrift.readers.interpolation.interpolators:115: Converting masked array to numpy array for interpolation
19:40:11 DEBUG   opendrift.readers.interpolation.interpolators:131: Linear2DInterpolator informational: NaN values for 10 elements, expanding data 1
19:40:11 DEBUG   opendrift.readers.interpolation.interpolators:115: Converting masked array to numpy array for interpolation
19:40:11 DEBUG   opendrift.readers.interpolation.interpolators:131: Linear2DInterpolator informational: NaN values for 10 elements, expanding data 1
19:40:11 DEBUG   opendrift.readers.interpolation.structured:122: Interpolating 10 ensembles for sea_ice_x_velocity
19:40:11 DEBUG   opendrift.readers.interpolation.interpolators:115: Converting masked array to numpy array for interpolation
19:40:11 DEBUG   opendrift.readers.interpolation.interpolators:131: Linear2DInterpolator informational: NaN values for 10 elements, expanding data 1
19:40:11 DEBUG   opendrift.readers.interpolation.interpolators:115: Converting masked array to numpy array for interpolation
19:40:11 DEBUG   opendrift.readers.interpolation.interpolators:131: Linear2DInterpolator informational: NaN values for 10 elements, expanding data 1
19:40:11 DEBUG   opendrift.readers.interpolation.interpolators:115: Converting masked array to numpy array for interpolation
19:40:11 DEBUG   opendrift.readers.interpolation.interpolators:131: Linear2DInterpolator informational: NaN values for 10 elements, expanding data 1
19:40:11 DEBUG   opendrift.readers.interpolation.interpolators:115: Converting masked array to numpy array for interpolation
19:40:11 DEBUG   opendrift.readers.interpolation.interpolators:131: Linear2DInterpolator informational: NaN values for 10 elements, expanding data 1
19:40:11 DEBUG   opendrift.readers.interpolation.interpolators:115: Converting masked array to numpy array for interpolation
19:40:11 DEBUG   opendrift.readers.interpolation.interpolators:131: Linear2DInterpolator informational: NaN values for 10 elements, expanding data 1
19:40:11 DEBUG   opendrift.readers.interpolation.interpolators:115: Converting masked array to numpy array for interpolation
19:40:11 DEBUG   opendrift.readers.interpolation.interpolators:131: Linear2DInterpolator informational: NaN values for 10 elements, expanding data 1
19:40:11 DEBUG   opendrift.readers.interpolation.interpolators:115: Converting masked array to numpy array for interpolation
19:40:11 DEBUG   opendrift.readers.interpolation.interpolators:131: Linear2DInterpolator informational: NaN values for 10 elements, expanding data 1
19:40:11 DEBUG   opendrift.readers.interpolation.interpolators:115: Converting masked array to numpy array for interpolation
19:40:11 DEBUG   opendrift.readers.interpolation.interpolators:131: Linear2DInterpolator informational: NaN values for 10 elements, expanding data 1
19:40:11 DEBUG   opendrift.readers.interpolation.interpolators:115: Converting masked array to numpy array for interpolation
19:40:11 DEBUG   opendrift.readers.interpolation.interpolators:131: Linear2DInterpolator informational: NaN values for 10 elements, expanding data 1
19:40:11 DEBUG   opendrift.readers.interpolation.interpolators:115: Converting masked array to numpy array for interpolation
19:40:11 DEBUG   opendrift.readers.interpolation.interpolators:131: Linear2DInterpolator informational: NaN values for 10 elements, expanding data 1
19:40:11 DEBUG   opendrift.readers.interpolation.structured:122: Interpolating 10 ensembles for sea_ice_y_velocity
19:40:11 DEBUG   opendrift.readers.interpolation.interpolators:115: Converting masked array to numpy array for interpolation
19:40:11 DEBUG   opendrift.readers.interpolation.interpolators:131: Linear2DInterpolator informational: NaN values for 10 elements, expanding data 1
19:40:11 DEBUG   opendrift.readers.interpolation.interpolators:115: Converting masked array to numpy array for interpolation
19:40:11 DEBUG   opendrift.readers.interpolation.interpolators:131: Linear2DInterpolator informational: NaN values for 10 elements, expanding data 1
19:40:11 DEBUG   opendrift.readers.interpolation.interpolators:115: Converting masked array to numpy array for interpolation
19:40:11 DEBUG   opendrift.readers.interpolation.interpolators:131: Linear2DInterpolator informational: NaN values for 10 elements, expanding data 1
19:40:11 DEBUG   opendrift.readers.interpolation.interpolators:115: Converting masked array to numpy array for interpolation
19:40:11 DEBUG   opendrift.readers.interpolation.interpolators:131: Linear2DInterpolator informational: NaN values for 10 elements, expanding data 1
19:40:11 DEBUG   opendrift.readers.interpolation.interpolators:115: Converting masked array to numpy array for interpolation
19:40:11 DEBUG   opendrift.readers.interpolation.interpolators:131: Linear2DInterpolator informational: NaN values for 10 elements, expanding data 1
19:40:11 DEBUG   opendrift.readers.interpolation.interpolators:115: Converting masked array to numpy array for interpolation
19:40:11 DEBUG   opendrift.readers.interpolation.interpolators:131: Linear2DInterpolator informational: NaN values for 10 elements, expanding data 1
19:40:11 DEBUG   opendrift.readers.interpolation.interpolators:115: Converting masked array to numpy array for interpolation
19:40:11 DEBUG   opendrift.readers.interpolation.interpolators:131: Linear2DInterpolator informational: NaN values for 10 elements, expanding data 1
19:40:11 DEBUG   opendrift.readers.interpolation.interpolators:115: Converting masked array to numpy array for interpolation
19:40:11 DEBUG   opendrift.readers.interpolation.interpolators:131: Linear2DInterpolator informational: NaN values for 10 elements, expanding data 1
19:40:11 DEBUG   opendrift.readers.interpolation.interpolators:115: Converting masked array to numpy array for interpolation
19:40:11 DEBUG   opendrift.readers.interpolation.interpolators:131: Linear2DInterpolator informational: NaN values for 10 elements, expanding data 1
19:40:11 DEBUG   opendrift.readers.interpolation.interpolators:115: Converting masked array to numpy array for interpolation
19:40:11 DEBUG   opendrift.readers.interpolation.interpolators:131: Linear2DInterpolator informational: NaN values for 10 elements, expanding data 1
19:40:11 DEBUG   opendrift.readers.basereader.structured:340: Interpolating after (2025-09-24 12:00:00) in space  (linearNDFast)
19:40:11 DEBUG   opendrift.readers.interpolation.structured:97: Initialising interpolator.
19:40:11 DEBUG   opendrift.readers.interpolation.structured:122: Interpolating 10 ensembles for sea_floor_depth_below_sea_level
19:40:11 DEBUG   opendrift.readers.interpolation.interpolators:131: Linear2DInterpolator informational: NaN values for 10 elements, expanding data 1
19:40:11 DEBUG   opendrift.readers.interpolation.interpolators:131: Linear2DInterpolator informational: NaN values for 10 elements, expanding data 1
19:40:11 DEBUG   opendrift.readers.interpolation.interpolators:131: Linear2DInterpolator informational: NaN values for 10 elements, expanding data 1
19:40:11 DEBUG   opendrift.readers.interpolation.interpolators:131: Linear2DInterpolator informational: NaN values for 10 elements, expanding data 1
19:40:11 DEBUG   opendrift.readers.interpolation.interpolators:131: Linear2DInterpolator informational: NaN values for 10 elements, expanding data 1
19:40:11 DEBUG   opendrift.readers.interpolation.interpolators:131: Linear2DInterpolator informational: NaN values for 10 elements, expanding data 1
19:40:11 DEBUG   opendrift.readers.interpolation.interpolators:131: Linear2DInterpolator informational: NaN values for 10 elements, expanding data 1
19:40:11 DEBUG   opendrift.readers.interpolation.interpolators:131: Linear2DInterpolator informational: NaN values for 10 elements, expanding data 1
19:40:11 DEBUG   opendrift.readers.interpolation.interpolators:131: Linear2DInterpolator informational: NaN values for 10 elements, expanding data 1
19:40:11 DEBUG   opendrift.readers.interpolation.interpolators:131: Linear2DInterpolator informational: NaN values for 10 elements, expanding data 1
19:40:11 DEBUG   opendrift.readers.interpolation.structured:122: Interpolating 10 ensembles for sea_water_temperature
19:40:11 DEBUG   opendrift.readers.interpolation.interpolators:115: Converting masked array to numpy array for interpolation
19:40:11 DEBUG   opendrift.readers.interpolation.interpolators:131: Linear2DInterpolator informational: NaN values for 10 elements, expanding data 1
19:40:11 DEBUG   opendrift.readers.interpolation.interpolators:115: Converting masked array to numpy array for interpolation
19:40:11 DEBUG   opendrift.readers.interpolation.interpolators:131: Linear2DInterpolator informational: NaN values for 10 elements, expanding data 1
19:40:11 DEBUG   opendrift.readers.interpolation.interpolators:115: Converting masked array to numpy array for interpolation
19:40:11 DEBUG   opendrift.readers.interpolation.interpolators:131: Linear2DInterpolator informational: NaN values for 10 elements, expanding data 1
19:40:11 DEBUG   opendrift.readers.interpolation.interpolators:115: Converting masked array to numpy array for interpolation
19:40:11 DEBUG   opendrift.readers.interpolation.interpolators:131: Linear2DInterpolator informational: NaN values for 10 elements, expanding data 1
19:40:11 DEBUG   opendrift.readers.interpolation.interpolators:115: Converting masked array to numpy array for interpolation
19:40:11 DEBUG   opendrift.readers.interpolation.interpolators:131: Linear2DInterpolator informational: NaN values for 10 elements, expanding data 1
19:40:11 DEBUG   opendrift.readers.interpolation.interpolators:115: Converting masked array to numpy array for interpolation
19:40:11 DEBUG   opendrift.readers.interpolation.interpolators:131: Linear2DInterpolator informational: NaN values for 10 elements, expanding data 1
19:40:11 DEBUG   opendrift.readers.interpolation.interpolators:115: Converting masked array to numpy array for interpolation
19:40:11 DEBUG   opendrift.readers.interpolation.interpolators:131: Linear2DInterpolator informational: NaN values for 10 elements, expanding data 1
19:40:11 DEBUG   opendrift.readers.interpolation.interpolators:115: Converting masked array to numpy array for interpolation
19:40:11 DEBUG   opendrift.readers.interpolation.interpolators:131: Linear2DInterpolator informational: NaN values for 10 elements, expanding data 1
19:40:11 DEBUG   opendrift.readers.interpolation.interpolators:115: Converting masked array to numpy array for interpolation
19:40:11 DEBUG   opendrift.readers.interpolation.interpolators:131: Linear2DInterpolator informational: NaN values for 10 elements, expanding data 1
19:40:11 DEBUG   opendrift.readers.interpolation.interpolators:115: Converting masked array to numpy array for interpolation
19:40:11 DEBUG   opendrift.readers.interpolation.interpolators:131: Linear2DInterpolator informational: NaN values for 10 elements, expanding data 1
19:40:11 DEBUG   opendrift.readers.interpolation.interpolators:115: Converting masked array to numpy array for interpolation
19:40:11 DEBUG   opendrift.readers.interpolation.interpolators:131: Linear2DInterpolator informational: NaN values for 10 elements, expanding data 1
19:40:11 DEBUG   opendrift.readers.interpolation.interpolators:115: Converting masked array to numpy array for interpolation
19:40:11 DEBUG   opendrift.readers.interpolation.interpolators:131: Linear2DInterpolator informational: NaN values for 10 elements, expanding data 1
19:40:11 DEBUG   opendrift.readers.interpolation.interpolators:115: Converting masked array to numpy array for interpolation
19:40:11 DEBUG   opendrift.readers.interpolation.interpolators:131: Linear2DInterpolator informational: NaN values for 10 elements, expanding data 1
19:40:11 DEBUG   opendrift.readers.interpolation.interpolators:115: Converting masked array to numpy array for interpolation
19:40:11 DEBUG   opendrift.readers.interpolation.interpolators:131: Linear2DInterpolator informational: NaN values for 10 elements, expanding data 1
19:40:11 DEBUG   opendrift.readers.interpolation.interpolators:115: Converting masked array to numpy array for interpolation
19:40:11 DEBUG   opendrift.readers.interpolation.interpolators:131: Linear2DInterpolator informational: NaN values for 10 elements, expanding data 1
19:40:11 DEBUG   opendrift.readers.interpolation.interpolators:115: Converting masked array to numpy array for interpolation
19:40:11 DEBUG   opendrift.readers.interpolation.interpolators:131: Linear2DInterpolator informational: NaN values for 10 elements, expanding data 1
19:40:11 DEBUG   opendrift.readers.interpolation.interpolators:115: Converting masked array to numpy array for interpolation
19:40:11 DEBUG   opendrift.readers.interpolation.interpolators:131: Linear2DInterpolator informational: NaN values for 10 elements, expanding data 1
19:40:11 DEBUG   opendrift.readers.interpolation.interpolators:115: Converting masked array to numpy array for interpolation
19:40:11 DEBUG   opendrift.readers.interpolation.interpolators:131: Linear2DInterpolator informational: NaN values for 10 elements, expanding data 1
19:40:11 DEBUG   opendrift.readers.interpolation.interpolators:115: Converting masked array to numpy array for interpolation
19:40:11 DEBUG   opendrift.readers.interpolation.interpolators:131: Linear2DInterpolator informational: NaN values for 10 elements, expanding data 1
19:40:11 DEBUG   opendrift.readers.interpolation.interpolators:115: Converting masked array to numpy array for interpolation
19:40:11 DEBUG   opendrift.readers.interpolation.interpolators:131: Linear2DInterpolator informational: NaN values for 10 elements, expanding data 1
19:40:11 DEBUG   opendrift.readers.interpolation.structured:122: Interpolating 10 ensembles for x_sea_water_velocity
19:40:11 DEBUG   opendrift.readers.interpolation.interpolators:131: Linear2DInterpolator informational: NaN values for 10 elements, expanding data 1
19:40:11 DEBUG   opendrift.readers.interpolation.interpolators:131: Linear2DInterpolator informational: NaN values for 10 elements, expanding data 1
19:40:11 DEBUG   opendrift.readers.interpolation.interpolators:131: Linear2DInterpolator informational: NaN values for 10 elements, expanding data 1
19:40:11 DEBUG   opendrift.readers.interpolation.interpolators:131: Linear2DInterpolator informational: NaN values for 10 elements, expanding data 1
19:40:11 DEBUG   opendrift.readers.interpolation.interpolators:131: Linear2DInterpolator informational: NaN values for 10 elements, expanding data 1
19:40:11 DEBUG   opendrift.readers.interpolation.interpolators:131: Linear2DInterpolator informational: NaN values for 10 elements, expanding data 1
19:40:11 DEBUG   opendrift.readers.interpolation.interpolators:131: Linear2DInterpolator informational: NaN values for 10 elements, expanding data 1
19:40:11 DEBUG   opendrift.readers.interpolation.interpolators:131: Linear2DInterpolator informational: NaN values for 10 elements, expanding data 1
19:40:11 DEBUG   opendrift.readers.interpolation.interpolators:131: Linear2DInterpolator informational: NaN values for 10 elements, expanding data 1
19:40:11 DEBUG   opendrift.readers.interpolation.interpolators:131: Linear2DInterpolator informational: NaN values for 10 elements, expanding data 1
19:40:11 DEBUG   opendrift.readers.interpolation.interpolators:131: Linear2DInterpolator informational: NaN values for 10 elements, expanding data 1
19:40:11 DEBUG   opendrift.readers.interpolation.interpolators:131: Linear2DInterpolator informational: NaN values for 10 elements, expanding data 1
19:40:11 DEBUG   opendrift.readers.interpolation.interpolators:131: Linear2DInterpolator informational: NaN values for 10 elements, expanding data 1
19:40:11 DEBUG   opendrift.readers.interpolation.interpolators:131: Linear2DInterpolator informational: NaN values for 10 elements, expanding data 1
19:40:11 DEBUG   opendrift.readers.interpolation.interpolators:131: Linear2DInterpolator informational: NaN values for 10 elements, expanding data 1
19:40:11 DEBUG   opendrift.readers.interpolation.interpolators:131: Linear2DInterpolator informational: NaN values for 10 elements, expanding data 1
19:40:11 DEBUG   opendrift.readers.interpolation.interpolators:131: Linear2DInterpolator informational: NaN values for 10 elements, expanding data 1
19:40:11 DEBUG   opendrift.readers.interpolation.interpolators:131: Linear2DInterpolator informational: NaN values for 10 elements, expanding data 1
19:40:11 DEBUG   opendrift.readers.interpolation.interpolators:131: Linear2DInterpolator informational: NaN values for 10 elements, expanding data 1
19:40:11 DEBUG   opendrift.readers.interpolation.interpolators:131: Linear2DInterpolator informational: NaN values for 10 elements, expanding data 1
19:40:11 DEBUG   opendrift.readers.interpolation.structured:122: Interpolating 10 ensembles for y_sea_water_velocity
19:40:11 DEBUG   opendrift.readers.interpolation.interpolators:131: Linear2DInterpolator informational: NaN values for 10 elements, expanding data 1
19:40:11 DEBUG   opendrift.readers.interpolation.interpolators:131: Linear2DInterpolator informational: NaN values for 10 elements, expanding data 1
19:40:11 DEBUG   opendrift.readers.interpolation.interpolators:131: Linear2DInterpolator informational: NaN values for 10 elements, expanding data 1
19:40:11 DEBUG   opendrift.readers.interpolation.interpolators:131: Linear2DInterpolator informational: NaN values for 10 elements, expanding data 1
19:40:11 DEBUG   opendrift.readers.interpolation.interpolators:131: Linear2DInterpolator informational: NaN values for 10 elements, expanding data 1
19:40:11 DEBUG   opendrift.readers.interpolation.interpolators:131: Linear2DInterpolator informational: NaN values for 10 elements, expanding data 1
19:40:11 DEBUG   opendrift.readers.interpolation.interpolators:131: Linear2DInterpolator informational: NaN values for 10 elements, expanding data 1
19:40:11 DEBUG   opendrift.readers.interpolation.interpolators:131: Linear2DInterpolator informational: NaN values for 10 elements, expanding data 1
19:40:11 DEBUG   opendrift.readers.interpolation.interpolators:131: Linear2DInterpolator informational: NaN values for 10 elements, expanding data 1
19:40:11 DEBUG   opendrift.readers.interpolation.interpolators:131: Linear2DInterpolator informational: NaN values for 10 elements, expanding data 1
19:40:11 DEBUG   opendrift.readers.interpolation.interpolators:131: Linear2DInterpolator informational: NaN values for 10 elements, expanding data 1
19:40:11 DEBUG   opendrift.readers.interpolation.interpolators:131: Linear2DInterpolator informational: NaN values for 10 elements, expanding data 1
19:40:11 DEBUG   opendrift.readers.interpolation.interpolators:131: Linear2DInterpolator informational: NaN values for 10 elements, expanding data 1
19:40:11 DEBUG   opendrift.readers.interpolation.interpolators:131: Linear2DInterpolator informational: NaN values for 10 elements, expanding data 1
19:40:11 DEBUG   opendrift.readers.interpolation.interpolators:131: Linear2DInterpolator informational: NaN values for 10 elements, expanding data 1
19:40:11 DEBUG   opendrift.readers.interpolation.interpolators:131: Linear2DInterpolator informational: NaN values for 10 elements, expanding data 1
19:40:11 DEBUG   opendrift.readers.interpolation.interpolators:131: Linear2DInterpolator informational: NaN values for 10 elements, expanding data 1
19:40:11 DEBUG   opendrift.readers.interpolation.interpolators:131: Linear2DInterpolator informational: NaN values for 10 elements, expanding data 1
19:40:11 DEBUG   opendrift.readers.interpolation.interpolators:131: Linear2DInterpolator informational: NaN values for 10 elements, expanding data 1
19:40:11 DEBUG   opendrift.readers.interpolation.interpolators:131: Linear2DInterpolator informational: NaN values for 10 elements, expanding data 1
19:40:11 DEBUG   opendrift.readers.interpolation.structured:122: Interpolating 10 ensembles for sea_surface_height
19:40:11 DEBUG   opendrift.readers.interpolation.interpolators:115: Converting masked array to numpy array for interpolation
19:40:11 DEBUG   opendrift.readers.interpolation.interpolators:131: Linear2DInterpolator informational: NaN values for 10 elements, expanding data 1
19:40:11 DEBUG   opendrift.readers.interpolation.interpolators:115: Converting masked array to numpy array for interpolation
19:40:11 DEBUG   opendrift.readers.interpolation.interpolators:131: Linear2DInterpolator informational: NaN values for 10 elements, expanding data 1
19:40:11 DEBUG   opendrift.readers.interpolation.interpolators:115: Converting masked array to numpy array for interpolation
19:40:11 DEBUG   opendrift.readers.interpolation.interpolators:131: Linear2DInterpolator informational: NaN values for 10 elements, expanding data 1
19:40:11 DEBUG   opendrift.readers.interpolation.interpolators:115: Converting masked array to numpy array for interpolation
19:40:11 DEBUG   opendrift.readers.interpolation.interpolators:131: Linear2DInterpolator informational: NaN values for 10 elements, expanding data 1
19:40:11 DEBUG   opendrift.readers.interpolation.interpolators:115: Converting masked array to numpy array for interpolation
19:40:11 DEBUG   opendrift.readers.interpolation.interpolators:131: Linear2DInterpolator informational: NaN values for 10 elements, expanding data 1
19:40:11 DEBUG   opendrift.readers.interpolation.interpolators:115: Converting masked array to numpy array for interpolation
19:40:11 DEBUG   opendrift.readers.interpolation.interpolators:131: Linear2DInterpolator informational: NaN values for 10 elements, expanding data 1
19:40:11 DEBUG   opendrift.readers.interpolation.interpolators:115: Converting masked array to numpy array for interpolation
19:40:11 DEBUG   opendrift.readers.interpolation.interpolators:131: Linear2DInterpolator informational: NaN values for 10 elements, expanding data 1
19:40:11 DEBUG   opendrift.readers.interpolation.interpolators:115: Converting masked array to numpy array for interpolation
19:40:11 DEBUG   opendrift.readers.interpolation.interpolators:131: Linear2DInterpolator informational: NaN values for 10 elements, expanding data 1
19:40:11 DEBUG   opendrift.readers.interpolation.interpolators:115: Converting masked array to numpy array for interpolation
19:40:11 DEBUG   opendrift.readers.interpolation.interpolators:131: Linear2DInterpolator informational: NaN values for 10 elements, expanding data 1
19:40:11 DEBUG   opendrift.readers.interpolation.interpolators:115: Converting masked array to numpy array for interpolation
19:40:11 DEBUG   opendrift.readers.interpolation.interpolators:131: Linear2DInterpolator informational: NaN values for 10 elements, expanding data 1
19:40:11 DEBUG   opendrift.readers.interpolation.structured:122: Interpolating 10 ensembles for sea_ice_thickness
19:40:11 DEBUG   opendrift.readers.interpolation.interpolators:115: Converting masked array to numpy array for interpolation
19:40:11 DEBUG   opendrift.readers.interpolation.interpolators:131: Linear2DInterpolator informational: NaN values for 10 elements, expanding data 1
19:40:11 DEBUG   opendrift.readers.interpolation.interpolators:115: Converting masked array to numpy array for interpolation
19:40:11 DEBUG   opendrift.readers.interpolation.interpolators:131: Linear2DInterpolator informational: NaN values for 10 elements, expanding data 1
19:40:11 DEBUG   opendrift.readers.interpolation.interpolators:115: Converting masked array to numpy array for interpolation
19:40:11 DEBUG   opendrift.readers.interpolation.interpolators:131: Linear2DInterpolator informational: NaN values for 10 elements, expanding data 1
19:40:11 DEBUG   opendrift.readers.interpolation.interpolators:115: Converting masked array to numpy array for interpolation
19:40:11 DEBUG   opendrift.readers.interpolation.interpolators:131: Linear2DInterpolator informational: NaN values for 10 elements, expanding data 1
19:40:11 DEBUG   opendrift.readers.interpolation.interpolators:115: Converting masked array to numpy array for interpolation
19:40:11 DEBUG   opendrift.readers.interpolation.interpolators:131: Linear2DInterpolator informational: NaN values for 10 elements, expanding data 1
19:40:11 DEBUG   opendrift.readers.interpolation.interpolators:115: Converting masked array to numpy array for interpolation
19:40:11 DEBUG   opendrift.readers.interpolation.interpolators:131: Linear2DInterpolator informational: NaN values for 10 elements, expanding data 1
19:40:11 DEBUG   opendrift.readers.interpolation.interpolators:115: Converting masked array to numpy array for interpolation
19:40:11 DEBUG   opendrift.readers.interpolation.interpolators:131: Linear2DInterpolator informational: NaN values for 10 elements, expanding data 1
19:40:11 DEBUG   opendrift.readers.interpolation.interpolators:115: Converting masked array to numpy array for interpolation
19:40:11 DEBUG   opendrift.readers.interpolation.interpolators:131: Linear2DInterpolator informational: NaN values for 10 elements, expanding data 1
19:40:11 DEBUG   opendrift.readers.interpolation.interpolators:115: Converting masked array to numpy array for interpolation
19:40:11 DEBUG   opendrift.readers.interpolation.interpolators:131: Linear2DInterpolator informational: NaN values for 10 elements, expanding data 1
19:40:11 DEBUG   opendrift.readers.interpolation.interpolators:115: Converting masked array to numpy array for interpolation
19:40:11 DEBUG   opendrift.readers.interpolation.interpolators:131: Linear2DInterpolator informational: NaN values for 10 elements, expanding data 1
19:40:11 DEBUG   opendrift.readers.interpolation.structured:122: Interpolating 10 ensembles for sea_ice_area_fraction
19:40:11 DEBUG   opendrift.readers.interpolation.interpolators:115: Converting masked array to numpy array for interpolation
19:40:11 DEBUG   opendrift.readers.interpolation.interpolators:131: Linear2DInterpolator informational: NaN values for 10 elements, expanding data 1
19:40:11 DEBUG   opendrift.readers.interpolation.interpolators:115: Converting masked array to numpy array for interpolation
19:40:11 DEBUG   opendrift.readers.interpolation.interpolators:131: Linear2DInterpolator informational: NaN values for 10 elements, expanding data 1
19:40:11 DEBUG   opendrift.readers.interpolation.interpolators:115: Converting masked array to numpy array for interpolation
19:40:11 DEBUG   opendrift.readers.interpolation.interpolators:131: Linear2DInterpolator informational: NaN values for 10 elements, expanding data 1
19:40:11 DEBUG   opendrift.readers.interpolation.interpolators:115: Converting masked array to numpy array for interpolation
19:40:11 DEBUG   opendrift.readers.interpolation.interpolators:131: Linear2DInterpolator informational: NaN values for 10 elements, expanding data 1
19:40:11 DEBUG   opendrift.readers.interpolation.interpolators:115: Converting masked array to numpy array for interpolation
19:40:11 DEBUG   opendrift.readers.interpolation.interpolators:131: Linear2DInterpolator informational: NaN values for 10 elements, expanding data 1
19:40:11 DEBUG   opendrift.readers.interpolation.interpolators:115: Converting masked array to numpy array for interpolation
19:40:11 DEBUG   opendrift.readers.interpolation.interpolators:131: Linear2DInterpolator informational: NaN values for 10 elements, expanding data 1
19:40:11 DEBUG   opendrift.readers.interpolation.interpolators:115: Converting masked array to numpy array for interpolation
19:40:11 DEBUG   opendrift.readers.interpolation.interpolators:131: Linear2DInterpolator informational: NaN values for 10 elements, expanding data 1
19:40:11 DEBUG   opendrift.readers.interpolation.interpolators:115: Converting masked array to numpy array for interpolation
19:40:11 DEBUG   opendrift.readers.interpolation.interpolators:131: Linear2DInterpolator informational: NaN values for 10 elements, expanding data 1
19:40:11 DEBUG   opendrift.readers.interpolation.interpolators:115: Converting masked array to numpy array for interpolation
19:40:11 DEBUG   opendrift.readers.interpolation.interpolators:131: Linear2DInterpolator informational: NaN values for 10 elements, expanding data 1
19:40:11 DEBUG   opendrift.readers.interpolation.interpolators:115: Converting masked array to numpy array for interpolation
19:40:11 DEBUG   opendrift.readers.interpolation.interpolators:131: Linear2DInterpolator informational: NaN values for 10 elements, expanding data 1
19:40:11 DEBUG   opendrift.readers.interpolation.structured:122: Interpolating 10 ensembles for sea_ice_x_velocity
19:40:11 DEBUG   opendrift.readers.interpolation.interpolators:115: Converting masked array to numpy array for interpolation
19:40:11 DEBUG   opendrift.readers.interpolation.interpolators:131: Linear2DInterpolator informational: NaN values for 10 elements, expanding data 1
19:40:11 DEBUG   opendrift.readers.interpolation.interpolators:115: Converting masked array to numpy array for interpolation
19:40:11 DEBUG   opendrift.readers.interpolation.interpolators:131: Linear2DInterpolator informational: NaN values for 10 elements, expanding data 1
19:40:11 DEBUG   opendrift.readers.interpolation.interpolators:115: Converting masked array to numpy array for interpolation
19:40:11 DEBUG   opendrift.readers.interpolation.interpolators:131: Linear2DInterpolator informational: NaN values for 10 elements, expanding data 1
19:40:11 DEBUG   opendrift.readers.interpolation.interpolators:115: Converting masked array to numpy array for interpolation
19:40:11 DEBUG   opendrift.readers.interpolation.interpolators:131: Linear2DInterpolator informational: NaN values for 10 elements, expanding data 1
19:40:11 DEBUG   opendrift.readers.interpolation.interpolators:115: Converting masked array to numpy array for interpolation
19:40:11 DEBUG   opendrift.readers.interpolation.interpolators:131: Linear2DInterpolator informational: NaN values for 10 elements, expanding data 1
19:40:11 DEBUG   opendrift.readers.interpolation.interpolators:115: Converting masked array to numpy array for interpolation
19:40:11 DEBUG   opendrift.readers.interpolation.interpolators:131: Linear2DInterpolator informational: NaN values for 10 elements, expanding data 1
19:40:11 DEBUG   opendrift.readers.interpolation.interpolators:115: Converting masked array to numpy array for interpolation
19:40:11 DEBUG   opendrift.readers.interpolation.interpolators:131: Linear2DInterpolator informational: NaN values for 10 elements, expanding data 1
19:40:11 DEBUG   opendrift.readers.interpolation.interpolators:115: Converting masked array to numpy array for interpolation
19:40:11 DEBUG   opendrift.readers.interpolation.interpolators:131: Linear2DInterpolator informational: NaN values for 10 elements, expanding data 1
19:40:11 DEBUG   opendrift.readers.interpolation.interpolators:115: Converting masked array to numpy array for interpolation
19:40:11 DEBUG   opendrift.readers.interpolation.interpolators:131: Linear2DInterpolator informational: NaN values for 10 elements, expanding data 1
19:40:11 DEBUG   opendrift.readers.interpolation.interpolators:115: Converting masked array to numpy array for interpolation
19:40:11 DEBUG   opendrift.readers.interpolation.interpolators:131: Linear2DInterpolator informational: NaN values for 10 elements, expanding data 1
19:40:11 DEBUG   opendrift.readers.interpolation.structured:122: Interpolating 10 ensembles for sea_ice_y_velocity
19:40:11 DEBUG   opendrift.readers.interpolation.interpolators:115: Converting masked array to numpy array for interpolation
19:40:11 DEBUG   opendrift.readers.interpolation.interpolators:131: Linear2DInterpolator informational: NaN values for 10 elements, expanding data 1
19:40:11 DEBUG   opendrift.readers.interpolation.interpolators:115: Converting masked array to numpy array for interpolation
19:40:11 DEBUG   opendrift.readers.interpolation.interpolators:131: Linear2DInterpolator informational: NaN values for 10 elements, expanding data 1
19:40:11 DEBUG   opendrift.readers.interpolation.interpolators:115: Converting masked array to numpy array for interpolation
19:40:11 DEBUG   opendrift.readers.interpolation.interpolators:131: Linear2DInterpolator informational: NaN values for 10 elements, expanding data 1
19:40:11 DEBUG   opendrift.readers.interpolation.interpolators:115: Converting masked array to numpy array for interpolation
19:40:11 DEBUG   opendrift.readers.interpolation.interpolators:131: Linear2DInterpolator informational: NaN values for 10 elements, expanding data 1
19:40:11 DEBUG   opendrift.readers.interpolation.interpolators:115: Converting masked array to numpy array for interpolation
19:40:11 DEBUG   opendrift.readers.interpolation.interpolators:131: Linear2DInterpolator informational: NaN values for 10 elements, expanding data 1
19:40:11 DEBUG   opendrift.readers.interpolation.interpolators:115: Converting masked array to numpy array for interpolation
19:40:11 DEBUG   opendrift.readers.interpolation.interpolators:131: Linear2DInterpolator informational: NaN values for 10 elements, expanding data 1
19:40:11 DEBUG   opendrift.readers.interpolation.interpolators:115: Converting masked array to numpy array for interpolation
19:40:11 DEBUG   opendrift.readers.interpolation.interpolators:131: Linear2DInterpolator informational: NaN values for 10 elements, expanding data 1
19:40:11 DEBUG   opendrift.readers.interpolation.interpolators:115: Converting masked array to numpy array for interpolation
19:40:11 DEBUG   opendrift.readers.interpolation.interpolators:131: Linear2DInterpolator informational: NaN values for 10 elements, expanding data 1
19:40:11 DEBUG   opendrift.readers.interpolation.interpolators:115: Converting masked array to numpy array for interpolation
19:40:11 DEBUG   opendrift.readers.interpolation.interpolators:131: Linear2DInterpolator informational: NaN values for 10 elements, expanding data 1
19:40:11 DEBUG   opendrift.readers.interpolation.interpolators:115: Converting masked array to numpy array for interpolation
19:40:11 DEBUG   opendrift.readers.interpolation.interpolators:131: Linear2DInterpolator informational: NaN values for 10 elements, expanding data 1
19:40:11 DEBUG   opendrift.readers.basereader.structured:355: Interpolating before (2025-09-23 12:00:00, weight 0.50) and
		      after (2025-09-24 12:00:00, weight 0.50) in time
19:40:11 DEBUG   opendrift.readers.basereader.structured:368: Interpolating profiles in time
19:40:11 DEBUG   opendrift.readers.basereader.variables:100: Rotating vectors between -13.216931316437474 and -13.105483278767235 degrees.
19:40:11 DEBUG   opendrift.readers.basereader.variables:100: Rotating vectors between -13.216931316437474 and -13.105483278767235 degrees.
19:40:11 DEBUG   opendrift.readers.basereader.variables:100: Rotating vectors between -13.216931316437474 and -13.105483278767235 degrees.
19:40:11 DEBUG   opendrift.models.basemodel.environment:762: Obtained data for all elements.
19:40:11 DEBUG   opendrift.models.basemodel.environment:599: ----------------------------------------
19:40:11 DEBUG   opendrift.models.basemodel.environment:600: Variable group ['land_binary_mask']
19:40:11 DEBUG   opendrift.models.basemodel.environment:601: ----------------------------------------
19:40:11 DEBUG   opendrift.models.basemodel.environment:605: Calling reader global_landmask
19:40:11 DEBUG   opendrift.models.basemodel.environment:606: ----------------------------------------
19:40:11 DEBUG   opendrift.models.basemodel.environment:626: Data needed for 10 elements
19:40:11 DEBUG   opendrift.readers.basereader.variables:761: Fetching variables from global_landmask covering 10 elements
19:40:11 DEBUG   opendrift.readers.basereader.continuous:37: Fetched env-before
19:40:11 DEBUG   opendrift.readers.basereader.variables:639: Checking land_binary_mask for invalid values
19:40:11 DEBUG   opendrift.readers.basereader.variables:797: Reader projection is latlon - rotation of vectors is not needed.
19:40:11 DEBUG   opendrift.models.basemodel.environment:762: Obtained data for all elements.
19:40:11 DEBUG   opendrift.models.basemodel.environment:599: ----------------------------------------
19:40:11 DEBUG   opendrift.models.basemodel.environment:600: Variable group ['x_wind', 'y_wind']
19:40:11 DEBUG   opendrift.models.basemodel.environment:601: ----------------------------------------
19:40:11 DEBUG   opendrift.models.basemodel.environment:605: Calling reader cmems_obs-wind_glo_phy_nrt_l4_0.125deg_PT1H
19:40:11 DEBUG   opendrift.models.basemodel.environment:606: ----------------------------------------
19:40:11 DEBUG   opendrift.models.basemodel.environment:626: Data needed for 10 elements
19:40:11 DEBUG   opendrift.readers.basereader.variables:761: Fetching variables from cmems_obs-wind_glo_phy_nrt_l4_0.125deg_PT1H covering 10 elements
19:40:11 DEBUG   opendrift.readers.basereader.structured:208: Shifting coordinates to -180-180
19:40:11 DEBUG   opendrift.readers.basereader.structured:220: Reader time:
		2025-09-24 00:00:00 (before)
		2025-09-24 01:00:00 (after)
19:40:11 DEBUG   opendrift.readers.reader_netCDF_CF_generic:470: Using eastward_wind to retrieve x_wind
19:40:11 DEBUG   opendrift.readers.reader_netCDF_CF_generic:470: Using northward_wind to retrieve y_wind
19:40:12 DEBUG   opendrift.readers.reader_netCDF_CF_generic:592: North is up, no rotation necessary
19:40:12 DEBUG   opendrift.readers.basereader.variables:639: Checking x_wind for invalid values
19:40:12 DEBUG   opendrift.readers.basereader.variables:639: Checking y_wind for invalid values
19:40:12 DEBUG   opendrift.readers.basereader.structured:290: Fetched env-block (size 8x6x1) for time before (2025-09-24 00:00:00)
19:40:12 DEBUG   opendrift.readers.basereader.structured:334: Interpolating before (2025-09-24 00:00:00) in space  (linearNDFast)
19:40:12 DEBUG   opendrift.readers.interpolation.structured:97: Initialising interpolator.
19:40:12 DEBUG   opendrift.readers.basereader.structured:388: No time interpolation needed - right on time.
19:40:12 DEBUG   opendrift.readers.basereader.variables:797: Reader projection is latlon - rotation of vectors is not needed.
19:40:12 DEBUG   opendrift.models.basemodel.environment:762: Obtained data for all elements.
19:40:12 DEBUG   opendrift.models.basemodel.environment:775: ---------------------------------------
19:40:12 DEBUG   opendrift.models.basemodel.environment:776: Finished processing all variable groups
19:40:12 DEBUG   opendrift.models.basemodel.environment:812:       Using fallback value 0 for x_sea_water_velocity for 0 profiles
19:40:12 DEBUG   opendrift.models.basemodel.environment:812:       Using fallback value 0 for y_sea_water_velocity for 0 profiles
19:40:12 DEBUG   opendrift.models.basemodel.environment:812:       Using fallback value 2 for sea_water_temperature for 0 profiles
19:40:12 DEBUG   opendrift.models.basemodel.environment:801:       Using fallback value 35 for sea_water_salinity for all profiles
19:40:12 DEBUG   opendrift.models.basemodel.environment:898: ------------ SUMMARY -------------
19:40:12 DEBUG   opendrift.models.basemodel.environment:900:     x_sea_water_velocity: 0.00661533 (min) 0.0145269 (max)
19:40:12 DEBUG   opendrift.models.basemodel.environment:900:     y_sea_water_velocity: 0.0351689 (min) 0.106455 (max)
19:40:12 DEBUG   opendrift.models.basemodel.environment:900:     sea_floor_depth_below_sea_level: 46.3651 (min) 63.5334 (max)
19:40:12 DEBUG   opendrift.models.basemodel.environment:900:     sea_surface_height: -0.441305 (min) -0.420052 (max)
19:40:12 DEBUG   opendrift.models.basemodel.environment:900:     sea_surface_x_slope: 0 (min) 0 (max)
19:40:12 DEBUG   opendrift.models.basemodel.environment:900:     sea_surface_y_slope: 0 (min) 0 (max)
19:40:12 DEBUG   opendrift.models.basemodel.environment:900:     x_wind: -4.35427 (min) -4.19158 (max)
19:40:12 DEBUG   opendrift.models.basemodel.environment:900:     y_wind: 5.11922 (min) 5.3027 (max)
19:40:12 DEBUG   opendrift.models.basemodel.environment:900:     horizontal_diffusivity: 0 (min) 0 (max)
19:40:12 DEBUG   opendrift.models.basemodel.environment:900:     sea_surface_wave_significant_height: 0 (min) 0 (max)
19:40:12 DEBUG   opendrift.models.basemodel.environment:900:     sea_surface_wave_from_direction: 0 (min) 0 (max)
19:40:12 DEBUG   opendrift.models.basemodel.environment:900:     sea_surface_wave_stokes_drift_x_velocity: 0 (min) 0 (max)
19:40:12 DEBUG   opendrift.models.basemodel.environment:900:     sea_surface_wave_stokes_drift_y_velocity: 0 (min) 0 (max)
19:40:12 DEBUG   opendrift.models.basemodel.environment:900:     sea_water_temperature: 2.11477 (min) 2.67475 (max)
19:40:12 DEBUG   opendrift.models.basemodel.environment:900:     sea_water_salinity: 35 (min) 35 (max)
19:40:12 DEBUG   opendrift.models.basemodel.environment:900:     sea_ice_area_fraction: 0 (min) 0 (max)
19:40:12 DEBUG   opendrift.models.basemodel.environment:900:     sea_ice_thickness: 0 (min) 0 (max)
19:40:12 DEBUG   opendrift.models.basemodel.environment:900:     sea_ice_x_velocity: 0 (min) 0 (max)
19:40:12 DEBUG   opendrift.models.basemodel.environment:900:     sea_ice_y_velocity: 0 (min) 0 (max)
19:40:12 DEBUG   opendrift.models.basemodel.environment:900:     land_binary_mask: 0 (min) 0 (max)
19:40:12 DEBUG   opendrift.models.basemodel.environment:902: ---------------------------------
19:40:12 DEBUG   opendrift.models.physics_methods:823: Calculating Hs from wind, min: 1.111086, mean: 1.117411, max: 1.123924
19:40:12 WARNING opendrift.models.physics_methods:832: Setting wave direction equal to wind direction, min: -40.383587, mean: -39.478481, max: -38.324955
19:40:12 DEBUG   opendrift:689: No elements hit coastline.
19:40:12 DEBUG   opendrift:760: No elements hit seafloor.
19:40:12 DEBUG   opendrift:1732: No elements to deactivate
19:40:12 DEBUG   opendrift:2193: Calling OpenBerg.update()
19:40:12 DEBUG   opendrift.models.openberg:507: Advection with surface currents
19:40:12 DEBUG   opendrift.models.openberg:569: Grounding condition: Icebergs grounded = 9
19:40:12 DEBUG   opendrift:1680: Horizontal diffusivity is 0, no random walk.
19:40:12 DEBUG   opendrift:904: to be seeded: 250, already seeded 10
19:40:12 DEBUG   opendrift:926: Released 0 new elements.
19:40:12 DEBUG   opendrift:2135: ======================================================================
19:40:12 INFO    opendrift:2136: 2025-09-24 01:00:00 - step 2 of 1872 - 10 active elements (0 deactivated)
19:40:12 DEBUG   opendrift:2142: 250 elements scheduled.
19:40:12 DEBUG   opendrift:2144: ======================================================================
19:40:12 DEBUG   opendrift:2155: 		74.99825286865234 <- latitude -> 75.019287109375
19:40:12 DEBUG   opendrift:2155: 		-58.211177825927734 <- longitude -> -58.09977340698242
19:40:12 DEBUG   opendrift:2153: 		z = 0.0
19:40:12 DEBUG   opendrift:2156: ---------------------------------
19:40:12 DEBUG   opendrift.models.basemodel.environment:599: ----------------------------------------
19:40:12 DEBUG   opendrift.models.basemodel.environment:600: Variable group ['sea_floor_depth_below_sea_level', 'sea_water_temperature', 'x_sea_water_velocity', 'y_sea_water_velocity', 'sea_surface_height', 'sea_ice_thickness', 'sea_ice_area_fraction', 'sea_ice_x_velocity', 'sea_ice_y_velocity']
19:40:12 DEBUG   opendrift.models.basemodel.environment:601: ----------------------------------------
19:40:12 DEBUG   opendrift.models.basemodel.environment:605: Calling reader Ensemble reader
19:40:12 DEBUG   opendrift.models.basemodel.environment:606: ----------------------------------------
19:40:12 DEBUG   opendrift.models.basemodel.environment:626: Data needed for 10 elements
19:40:12 DEBUG   opendrift.readers.basereader.variables:761: Fetching variables from Ensemble reader covering 10 elements
19:40:12 DEBUG   opendrift.readers.basereader.structured:220: Reader time:
		2025-09-23 12:00:00 (before)
		2025-09-24 12:00:00 (after)
19:40:12 DEBUG   opendrift.readers.basereader.structured:334: Interpolating before (2025-09-23 12:00:00) in space  (linearNDFast)
19:40:12 DEBUG   opendrift.readers.interpolation.structured:97: Initialising interpolator.
19:40:12 DEBUG   opendrift.readers.interpolation.structured:122: Interpolating 10 ensembles for sea_floor_depth_below_sea_level
19:40:12 DEBUG   opendrift.readers.interpolation.structured:122: Interpolating 10 ensembles for sea_water_temperature
19:40:12 DEBUG   opendrift.readers.interpolation.interpolators:115: Converting masked array to numpy array for interpolation
19:40:12 DEBUG   opendrift.readers.interpolation.interpolators:115: Converting masked array to numpy array for interpolation
19:40:12 DEBUG   opendrift.readers.interpolation.interpolators:115: Converting masked array to numpy array for interpolation
19:40:12 DEBUG   opendrift.readers.interpolation.interpolators:115: Converting masked array to numpy array for interpolation
19:40:12 DEBUG   opendrift.readers.interpolation.interpolators:115: Converting masked array to numpy array for interpolation
19:40:12 DEBUG   opendrift.readers.interpolation.interpolators:115: Converting masked array to numpy array for interpolation
19:40:12 DEBUG   opendrift.readers.interpolation.interpolators:115: Converting masked array to numpy array for interpolation
19:40:12 DEBUG   opendrift.readers.interpolation.interpolators:115: Converting masked array to numpy array for interpolation
19:40:12 DEBUG   opendrift.readers.interpolation.interpolators:115: Converting masked array to numpy array for interpolation
19:40:12 DEBUG   opendrift.readers.interpolation.interpolators:115: Converting masked array to numpy array for interpolation
19:40:12 DEBUG   opendrift.readers.interpolation.interpolators:115: Converting masked array to numpy array for interpolation
19:40:12 DEBUG   opendrift.readers.interpolation.interpolators:115: Converting masked array to numpy array for interpolation
19:40:12 DEBUG   opendrift.readers.interpolation.interpolators:115: Converting masked array to numpy array for interpolation
19:40:12 DEBUG   opendrift.readers.interpolation.interpolators:115: Converting masked array to numpy array for interpolation
19:40:12 DEBUG   opendrift.readers.interpolation.interpolators:115: Converting masked array to numpy array for interpolation
19:40:12 DEBUG   opendrift.readers.interpolation.interpolators:115: Converting masked array to numpy array for interpolation
19:40:12 DEBUG   opendrift.readers.interpolation.interpolators:115: Converting masked array to numpy array for interpolation
19:40:12 DEBUG   opendrift.readers.interpolation.interpolators:115: Converting masked array to numpy array for interpolation
19:40:12 DEBUG   opendrift.readers.interpolation.interpolators:115: Converting masked array to numpy array for interpolation
19:40:12 DEBUG   opendrift.readers.interpolation.interpolators:115: Converting masked array to numpy array for interpolation
19:40:12 DEBUG   opendrift.readers.interpolation.structured:122: Interpolating 10 ensembles for x_sea_water_velocity
19:40:12 DEBUG   opendrift.readers.interpolation.structured:122: Interpolating 10 ensembles for y_sea_water_velocity
19:40:12 DEBUG   opendrift.readers.interpolation.structured:122: Interpolating 10 ensembles for sea_surface_height
19:40:12 DEBUG   opendrift.readers.interpolation.interpolators:115: Converting masked array to numpy array for interpolation
19:40:12 DEBUG   opendrift.readers.interpolation.interpolators:115: Converting masked array to numpy array for interpolation
19:40:12 DEBUG   opendrift.readers.interpolation.interpolators:115: Converting masked array to numpy array for interpolation
19:40:12 DEBUG   opendrift.readers.interpolation.interpolators:115: Converting masked array to numpy array for interpolation
19:40:12 DEBUG   opendrift.readers.interpolation.interpolators:115: Converting masked array to numpy array for interpolation
19:40:12 DEBUG   opendrift.readers.interpolation.interpolators:115: Converting masked array to numpy array for interpolation
19:40:12 DEBUG   opendrift.readers.interpolation.interpolators:115: Converting masked array to numpy array for interpolation
19:40:12 DEBUG   opendrift.readers.interpolation.interpolators:115: Converting masked array to numpy array for interpolation
19:40:12 DEBUG   opendrift.readers.interpolation.interpolators:115: Converting masked array to numpy array for interpolation
19:40:12 DEBUG   opendrift.readers.interpolation.interpolators:115: Converting masked array to numpy array for interpolation
19:40:12 DEBUG   opendrift.readers.interpolation.structured:122: Interpolating 10 ensembles for sea_ice_thickness
19:40:12 DEBUG   opendrift.readers.interpolation.interpolators:115: Converting masked array to numpy array for interpolation
19:40:12 DEBUG   opendrift.readers.interpolation.interpolators:115: Converting masked array to numpy array for interpolation
19:40:12 DEBUG   opendrift.readers.interpolation.interpolators:115: Converting masked array to numpy array for interpolation
19:40:12 DEBUG   opendrift.readers.interpolation.interpolators:115: Converting masked array to numpy array for interpolation
19:40:12 DEBUG   opendrift.readers.interpolation.interpolators:115: Converting masked array to numpy array for interpolation
19:40:12 DEBUG   opendrift.readers.interpolation.interpolators:115: Converting masked array to numpy array for interpolation
19:40:12 DEBUG   opendrift.readers.interpolation.interpolators:115: Converting masked array to numpy array for interpolation
19:40:12 DEBUG   opendrift.readers.interpolation.interpolators:115: Converting masked array to numpy array for interpolation
19:40:12 DEBUG   opendrift.readers.interpolation.interpolators:115: Converting masked array to numpy array for interpolation
19:40:12 DEBUG   opendrift.readers.interpolation.interpolators:115: Converting masked array to numpy array for interpolation
19:40:12 DEBUG   opendrift.readers.interpolation.structured:122: Interpolating 10 ensembles for sea_ice_area_fraction
19:40:12 DEBUG   opendrift.readers.interpolation.interpolators:115: Converting masked array to numpy array for interpolation
19:40:12 DEBUG   opendrift.readers.interpolation.interpolators:115: Converting masked array to numpy array for interpolation
19:40:12 DEBUG   opendrift.readers.interpolation.interpolators:115: Converting masked array to numpy array for interpolation
19:40:12 DEBUG   opendrift.readers.interpolation.interpolators:115: Converting masked array to numpy array for interpolation
19:40:12 DEBUG   opendrift.readers.interpolation.interpolators:115: Converting masked array to numpy array for interpolation
19:40:12 DEBUG   opendrift.readers.interpolation.interpolators:115: Converting masked array to numpy array for interpolation
19:40:12 DEBUG   opendrift.readers.interpolation.interpolators:115: Converting masked array to numpy array for interpolation
19:40:12 DEBUG   opendrift.readers.interpolation.interpolators:115: Converting masked array to numpy array for interpolation
19:40:12 DEBUG   opendrift.readers.interpolation.interpolators:115: Converting masked array to numpy array for interpolation
19:40:12 DEBUG   opendrift.readers.interpolation.interpolators:115: Converting masked array to numpy array for interpolation
19:40:12 DEBUG   opendrift.readers.interpolation.structured:122: Interpolating 10 ensembles for sea_ice_x_velocity
19:40:12 DEBUG   opendrift.readers.interpolation.interpolators:115: Converting masked array to numpy array for interpolation
19:40:12 DEBUG   opendrift.readers.interpolation.interpolators:115: Converting masked array to numpy array for interpolation
19:40:12 DEBUG   opendrift.readers.interpolation.interpolators:115: Converting masked array to numpy array for interpolation
19:40:12 DEBUG   opendrift.readers.interpolation.interpolators:115: Converting masked array to numpy array for interpolation
19:40:12 DEBUG   opendrift.readers.interpolation.interpolators:115: Converting masked array to numpy array for interpolation
19:40:12 DEBUG   opendrift.readers.interpolation.interpolators:115: Converting masked array to numpy array for interpolation
19:40:12 DEBUG   opendrift.readers.interpolation.interpolators:115: Converting masked array to numpy array for interpolation
19:40:12 DEBUG   opendrift.readers.interpolation.interpolators:115: Converting masked array to numpy array for interpolation
19:40:12 DEBUG   opendrift.readers.interpolation.interpolators:115: Converting masked array to numpy array for interpolation
19:40:12 DEBUG   opendrift.readers.interpolation.interpolators:115: Converting masked array to numpy array for interpolation
19:40:12 DEBUG   opendrift.readers.interpolation.structured:122: Interpolating 10 ensembles for sea_ice_y_velocity
19:40:12 DEBUG   opendrift.readers.interpolation.interpolators:115: Converting masked array to numpy array for interpolation
19:40:12 DEBUG   opendrift.readers.interpolation.interpolators:115: Converting masked array to numpy array for interpolation
19:40:12 DEBUG   opendrift.readers.interpolation.interpolators:115: Converting masked array to numpy array for interpolation
19:40:12 DEBUG   opendrift.readers.interpolation.interpolators:115: Converting masked array to numpy array for interpolation
19:40:12 DEBUG   opendrift.readers.interpolation.interpolators:115: Converting masked array to numpy array for interpolation
19:40:12 DEBUG   opendrift.readers.interpolation.interpolators:115: Converting masked array to numpy array for interpolation
19:40:12 DEBUG   opendrift.readers.interpolation.interpolators:115: Converting masked array to numpy array for interpolation
19:40:12 DEBUG   opendrift.readers.interpolation.interpolators:115: Converting masked array to numpy array for interpolation
19:40:12 DEBUG   opendrift.readers.interpolation.interpolators:115: Converting masked array to numpy array for interpolation
19:40:12 DEBUG   opendrift.readers.interpolation.interpolators:115: Converting masked array to numpy array for interpolation
19:40:12 DEBUG   opendrift.readers.basereader.structured:340: Interpolating after (2025-09-24 12:00:00) in space  (linearNDFast)
19:40:12 DEBUG   opendrift.readers.interpolation.structured:97: Initialising interpolator.
19:40:12 DEBUG   opendrift.readers.interpolation.structured:122: Interpolating 10 ensembles for sea_floor_depth_below_sea_level
19:40:12 DEBUG   opendrift.readers.interpolation.structured:122: Interpolating 10 ensembles for sea_water_temperature
19:40:12 DEBUG   opendrift.readers.interpolation.interpolators:115: Converting masked array to numpy array for interpolation
19:40:12 DEBUG   opendrift.readers.interpolation.interpolators:115: Converting masked array to numpy array for interpolation
19:40:12 DEBUG   opendrift.readers.interpolation.interpolators:115: Converting masked array to numpy array for interpolation
19:40:12 DEBUG   opendrift.readers.interpolation.interpolators:115: Converting masked array to numpy array for interpolation
19:40:12 DEBUG   opendrift.readers.interpolation.interpolators:115: Converting masked array to numpy array for interpolation
19:40:12 DEBUG   opendrift.readers.interpolation.interpolators:115: Converting masked array to numpy array for interpolation
19:40:12 DEBUG   opendrift.readers.interpolation.interpolators:115: Converting masked array to numpy array for interpolation
19:40:12 DEBUG   opendrift.readers.interpolation.interpolators:115: Converting masked array to numpy array for interpolation
19:40:12 DEBUG   opendrift.readers.interpolation.interpolators:115: Converting masked array to numpy array for interpolation
19:40:12 DEBUG   opendrift.readers.interpolation.interpolators:115: Converting masked array to numpy array for interpolation
19:40:12 DEBUG   opendrift.readers.interpolation.interpolators:115: Converting masked array to numpy array for interpolation
19:40:12 DEBUG   opendrift.readers.interpolation.interpolators:115: Converting masked array to numpy array for interpolation
19:40:12 DEBUG   opendrift.readers.interpolation.interpolators:115: Converting masked array to numpy array for interpolation
19:40:12 DEBUG   opendrift.readers.interpolation.interpolators:115: Converting masked array to numpy array for interpolation
19:40:12 DEBUG   opendrift.readers.interpolation.interpolators:115: Converting masked array to numpy array for interpolation
19:40:12 DEBUG   opendrift.readers.interpolation.interpolators:115: Converting masked array to numpy array for interpolation
19:40:12 DEBUG   opendrift.readers.interpolation.interpolators:115: Converting masked array to numpy array for interpolation
19:40:12 DEBUG   opendrift.readers.interpolation.interpolators:115: Converting masked array to numpy array for interpolation
19:40:12 DEBUG   opendrift.readers.interpolation.interpolators:115: Converting masked array to numpy array for interpolation
19:40:12 DEBUG   opendrift.readers.interpolation.interpolators:115: Converting masked array to numpy array for interpolation
19:40:12 DEBUG   opendrift.readers.interpolation.structured:122: Interpolating 10 ensembles for x_sea_water_velocity
19:40:12 DEBUG   opendrift.readers.interpolation.structured:122: Interpolating 10 ensembles for y_sea_water_velocity
19:40:12 DEBUG   opendrift.readers.interpolation.structured:122: Interpolating 10 ensembles for sea_surface_height
19:40:12 DEBUG   opendrift.readers.interpolation.interpolators:115: Converting masked array to numpy array for interpolation
19:40:12 DEBUG   opendrift.readers.interpolation.interpolators:115: Converting masked array to numpy array for interpolation
19:40:12 DEBUG   opendrift.readers.interpolation.interpolators:115: Converting masked array to numpy array for interpolation
19:40:12 DEBUG   opendrift.readers.interpolation.interpolators:115: Converting masked array to numpy array for interpolation
19:40:12 DEBUG   opendrift.readers.interpolation.interpolators:115: Converting masked array to numpy array for interpolation
19:40:12 DEBUG   opendrift.readers.interpolation.interpolators:115: Converting masked array to numpy array for interpolation
19:40:12 DEBUG   opendrift.readers.interpolation.interpolators:115: Converting masked array to numpy array for interpolation
19:40:12 DEBUG   opendrift.readers.interpolation.interpolators:115: Converting masked array to numpy array for interpolation
19:40:12 DEBUG   opendrift.readers.interpolation.interpolators:115: Converting masked array to numpy array for interpolation
19:40:12 DEBUG   opendrift.readers.interpolation.interpolators:115: Converting masked array to numpy array for interpolation
19:40:12 DEBUG   opendrift.readers.interpolation.structured:122: Interpolating 10 ensembles for sea_ice_thickness
19:40:12 DEBUG   opendrift.readers.interpolation.interpolators:115: Converting masked array to numpy array for interpolation
19:40:12 DEBUG   opendrift.readers.interpolation.interpolators:115: Converting masked array to numpy array for interpolation
19:40:12 DEBUG   opendrift.readers.interpolation.interpolators:115: Converting masked array to numpy array for interpolation
19:40:12 DEBUG   opendrift.readers.interpolation.interpolators:115: Converting masked array to numpy array for interpolation
19:40:12 DEBUG   opendrift.readers.interpolation.interpolators:115: Converting masked array to numpy array for interpolation
19:40:12 DEBUG   opendrift.readers.interpolation.interpolators:115: Converting masked array to numpy array for interpolation
19:40:12 DEBUG   opendrift.readers.interpolation.interpolators:115: Converting masked array to numpy array for interpolation
19:40:12 DEBUG   opendrift.readers.interpolation.interpolators:115: Converting masked array to numpy array for interpolation
19:40:12 DEBUG   opendrift.readers.interpolation.interpolators:115: Converting masked array to numpy array for interpolation
19:40:12 DEBUG   opendrift.readers.interpolation.interpolators:115: Converting masked array to numpy array for interpolation
19:40:12 DEBUG   opendrift.readers.interpolation.structured:122: Interpolating 10 ensembles for sea_ice_area_fraction
19:40:12 DEBUG   opendrift.readers.interpolation.interpolators:115: Converting masked array to numpy array for interpolation
19:40:12 DEBUG   opendrift.readers.interpolation.interpolators:115: Converting masked array to numpy array for interpolation
19:40:12 DEBUG   opendrift.readers.interpolation.interpolators:115: Converting masked array to numpy array for interpolation
19:40:12 DEBUG   opendrift.readers.interpolation.interpolators:115: Converting masked array to numpy array for interpolation
19:40:12 DEBUG   opendrift.readers.interpolation.interpolators:115: Converting masked array to numpy array for interpolation
19:40:12 DEBUG   opendrift.readers.interpolation.interpolators:115: Converting masked array to numpy array for interpolation
19:40:12 DEBUG   opendrift.readers.interpolation.interpolators:115: Converting masked array to numpy array for interpolation
19:40:12 DEBUG   opendrift.readers.interpolation.interpolators:115: Converting masked array to numpy array for interpolation
19:40:12 DEBUG   opendrift.readers.interpolation.interpolators:115: Converting masked array to numpy array for interpolation
19:40:12 DEBUG   opendrift.readers.interpolation.interpolators:115: Converting masked array to numpy array for interpolation
19:40:12 DEBUG   opendrift.readers.interpolation.structured:122: Interpolating 10 ensembles for sea_ice_x_velocity
19:40:12 DEBUG   opendrift.readers.interpolation.interpolators:115: Converting masked array to numpy array for interpolation
19:40:12 DEBUG   opendrift.readers.interpolation.interpolators:115: Converting masked array to numpy array for interpolation
19:40:12 DEBUG   opendrift.readers.interpolation.interpolators:115: Converting masked array to numpy array for interpolation
19:40:12 DEBUG   opendrift.readers.interpolation.interpolators:115: Converting masked array to numpy array for interpolation
19:40:12 DEBUG   opendrift.readers.interpolation.interpolators:115: Converting masked array to numpy array for interpolation
19:40:12 DEBUG   opendrift.readers.interpolation.interpolators:115: Converting masked array to numpy array for interpolation
19:40:12 DEBUG   opendrift.readers.interpolation.interpolators:115: Converting masked array to numpy array for interpolation
19:40:12 DEBUG   opendrift.readers.interpolation.interpolators:115: Converting masked array to numpy array for interpolation
19:40:12 DEBUG   opendrift.readers.interpolation.interpolators:115: Converting masked array to numpy array for interpolation
19:40:12 DEBUG   opendrift.readers.interpolation.interpolators:115: Converting masked array to numpy array for interpolation
19:40:12 DEBUG   opendrift.readers.interpolation.structured:122: Interpolating 10 ensembles for sea_ice_y_velocity
19:40:12 DEBUG   opendrift.readers.interpolation.interpolators:115: Converting masked array to numpy array for interpolation
19:40:12 DEBUG   opendrift.readers.interpolation.interpolators:115: Converting masked array to numpy array for interpolation
19:40:12 DEBUG   opendrift.readers.interpolation.interpolators:115: Converting masked array to numpy array for interpolation
19:40:12 DEBUG   opendrift.readers.interpolation.interpolators:115: Converting masked array to numpy array for interpolation
19:40:12 DEBUG   opendrift.readers.interpolation.interpolators:115: Converting masked array to numpy array for interpolation
19:40:12 DEBUG   opendrift.readers.interpolation.interpolators:115: Converting masked array to numpy array for interpolation
19:40:12 DEBUG   opendrift.readers.interpolation.interpolators:115: Converting masked array to numpy array for interpolation
19:40:12 DEBUG   opendrift.readers.interpolation.interpolators:115: Converting masked array to numpy array for interpolation
19:40:12 DEBUG   opendrift.readers.interpolation.interpolators:115: Converting masked array to numpy array for interpolation
19:40:12 DEBUG   opendrift.readers.interpolation.interpolators:115: Converting masked array to numpy array for interpolation
19:40:12 DEBUG   opendrift.readers.basereader.structured:355: Interpolating before (2025-09-23 12:00:00, weight 0.46) and
		      after (2025-09-24 12:00:00, weight 0.54) in time
19:40:12 DEBUG   opendrift.readers.basereader.structured:368: Interpolating profiles in time
19:40:12 DEBUG   opendrift.readers.basereader.variables:100: Rotating vectors between -13.216927497249685 and -13.10547946101443 degrees.
19:40:12 DEBUG   opendrift.readers.basereader.variables:100: Rotating vectors between -13.216927497249685 and -13.10547946101443 degrees.
19:40:12 DEBUG   opendrift.readers.basereader.variables:100: Rotating vectors between -13.216927497249685 and -13.10547946101443 degrees.
19:40:12 DEBUG   opendrift.models.basemodel.environment:762: Obtained data for all elements.
19:40:12 DEBUG   opendrift.models.basemodel.environment:599: ----------------------------------------
19:40:12 DEBUG   opendrift.models.basemodel.environment:600: Variable group ['land_binary_mask']
19:40:12 DEBUG   opendrift.models.basemodel.environment:601: ----------------------------------------
19:40:12 DEBUG   opendrift.models.basemodel.environment:605: Calling reader global_landmask
19:40:12 DEBUG   opendrift.models.basemodel.environment:606: ----------------------------------------
19:40:12 DEBUG   opendrift.models.basemodel.environment:626: Data needed for 10 elements
19:40:12 DEBUG   opendrift.readers.basereader.variables:761: Fetching variables from global_landmask covering 10 elements
19:40:12 DEBUG   opendrift.readers.basereader.continuous:37: Fetched env-before
19:40:12 DEBUG   opendrift.readers.basereader.variables:639: Checking land_binary_mask for invalid values
19:40:12 DEBUG   opendrift.readers.basereader.variables:797: Reader projection is latlon - rotation of vectors is not needed.
19:40:12 DEBUG   opendrift.models.basemodel.environment:762: Obtained data for all elements.
19:40:12 DEBUG   opendrift.models.basemodel.environment:599: ----------------------------------------
19:40:12 DEBUG   opendrift.models.basemodel.environment:600: Variable group ['x_wind', 'y_wind']
19:40:12 DEBUG   opendrift.models.basemodel.environment:601: ----------------------------------------
19:40:12 DEBUG   opendrift.models.basemodel.environment:605: Calling reader cmems_obs-wind_glo_phy_nrt_l4_0.125deg_PT1H
19:40:12 DEBUG   opendrift.models.basemodel.environment:606: ----------------------------------------
19:40:12 DEBUG   opendrift.models.basemodel.environment:626: Data needed for 10 elements
19:40:12 DEBUG   opendrift.readers.basereader.variables:761: Fetching variables from cmems_obs-wind_glo_phy_nrt_l4_0.125deg_PT1H covering 10 elements
19:40:12 DEBUG   opendrift.readers.basereader.structured:208: Shifting coordinates to -180-180
19:40:12 DEBUG   opendrift.readers.basereader.structured:220: Reader time:
		2025-09-24 01:00:00 (before)
		2025-09-24 02:00:00 (after)
19:40:12 DEBUG   opendrift.readers.reader_netCDF_CF_generic:470: Using eastward_wind to retrieve x_wind
19:40:12 DEBUG   opendrift.readers.reader_netCDF_CF_generic:470: Using northward_wind to retrieve y_wind
19:40:12 DEBUG   opendrift.readers.reader_netCDF_CF_generic:592: North is up, no rotation necessary
19:40:12 DEBUG   opendrift.readers.basereader.variables:639: Checking x_wind for invalid values
19:40:12 DEBUG   opendrift.readers.basereader.variables:639: Checking y_wind for invalid values
19:40:12 DEBUG   opendrift.readers.basereader.structured:290: Fetched env-block (size 8x6x1) for time before (2025-09-24 01:00:00)
19:40:12 DEBUG   opendrift.readers.basereader.structured:334: Interpolating before (2025-09-24 01:00:00) in space  (linearNDFast)
19:40:12 DEBUG   opendrift.readers.interpolation.structured:97: Initialising interpolator.
19:40:12 DEBUG   opendrift.readers.basereader.structured:388: No time interpolation needed - right on time.
19:40:12 DEBUG   opendrift.readers.basereader.variables:797: Reader projection is latlon - rotation of vectors is not needed.
19:40:12 DEBUG   opendrift.models.basemodel.environment:762: Obtained data for all elements.
19:40:12 DEBUG   opendrift.models.basemodel.environment:775: ---------------------------------------
19:40:12 DEBUG   opendrift.models.basemodel.environment:776: Finished processing all variable groups
19:40:12 DEBUG   opendrift.models.basemodel.environment:812:       Using fallback value 0 for x_sea_water_velocity for 0 profiles
19:40:12 DEBUG   opendrift.models.basemodel.environment:812:       Using fallback value 0 for y_sea_water_velocity for 0 profiles
19:40:12 DEBUG   opendrift.models.basemodel.environment:812:       Using fallback value 2 for sea_water_temperature for 0 profiles
19:40:12 DEBUG   opendrift.models.basemodel.environment:801:       Using fallback value 35 for sea_water_salinity for all profiles
19:40:12 DEBUG   opendrift.models.basemodel.environment:898: ------------ SUMMARY -------------
19:40:12 DEBUG   opendrift.models.basemodel.environment:900:     x_sea_water_velocity: 0.00646597 (min) 0.0148818 (max)
19:40:12 DEBUG   opendrift.models.basemodel.environment:900:     y_sea_water_velocity: 0.042027 (min) 0.117742 (max)
19:40:12 DEBUG   opendrift.models.basemodel.environment:900:     sea_floor_depth_below_sea_level: 46.3656 (min) 63.5334 (max)
19:40:12 DEBUG   opendrift.models.basemodel.environment:900:     sea_surface_height: -0.438838 (min) -0.416408 (max)
19:40:12 DEBUG   opendrift.models.basemodel.environment:900:     sea_surface_x_slope: 0 (min) 0 (max)
19:40:12 DEBUG   opendrift.models.basemodel.environment:900:     sea_surface_y_slope: 0 (min) 0 (max)
19:40:12 DEBUG   opendrift.models.basemodel.environment:900:     x_wind: -4.30713 (min) -4.19156 (max)
19:40:12 DEBUG   opendrift.models.basemodel.environment:900:     y_wind: 5.53005 (min) 5.71659 (max)
19:40:12 DEBUG   opendrift.models.basemodel.environment:900:     horizontal_diffusivity: 0 (min) 0 (max)
19:40:12 DEBUG   opendrift.models.basemodel.environment:900:     sea_surface_wave_significant_height: 0 (min) 0 (max)
19:40:12 DEBUG   opendrift.models.basemodel.environment:900:     sea_surface_wave_from_direction: 0 (min) 0 (max)
19:40:12 DEBUG   opendrift.models.basemodel.environment:900:     sea_surface_wave_stokes_drift_x_velocity: 0 (min) 0 (max)
19:40:12 DEBUG   opendrift.models.basemodel.environment:900:     sea_surface_wave_stokes_drift_y_velocity: 0 (min) 0 (max)
19:40:12 DEBUG   opendrift.models.basemodel.environment:900:     sea_water_temperature: 2.11159 (min) 2.67008 (max)
19:40:12 DEBUG   opendrift.models.basemodel.environment:900:     sea_water_salinity: 35 (min) 35 (max)
19:40:12 DEBUG   opendrift.models.basemodel.environment:900:     sea_ice_area_fraction: 0 (min) 0 (max)
19:40:12 DEBUG   opendrift.models.basemodel.environment:900:     sea_ice_thickness: 0 (min) 0 (max)
19:40:12 DEBUG   opendrift.models.basemodel.environment:900:     sea_ice_x_velocity: 0 (min) 0 (max)
19:40:12 DEBUG   opendrift.models.basemodel.environment:900:     sea_ice_y_velocity: 0 (min) 0 (max)
19:40:12 DEBUG   opendrift.models.basemodel.environment:900:     land_binary_mask: 0 (min) 0 (max)
19:40:12 DEBUG   opendrift.models.basemodel.environment:902: ---------------------------------
19:40:12 DEBUG   opendrift.models.physics_methods:823: Calculating Hs from wind, min: 1.208669, mean: 1.222141, max: 1.236115
19:40:12 WARNING opendrift.models.physics_methods:832: Setting wave direction equal to wind direction, min: -37.913586, mean: -37.175182, max: -36.249882
19:40:12 DEBUG   opendrift:689: No elements hit coastline.
19:40:12 DEBUG   opendrift:760: No elements hit seafloor.
19:40:12 DEBUG   opendrift:1732: No elements to deactivate
19:40:12 DEBUG   opendrift:2193: Calling OpenBerg.update()
19:40:12 DEBUG   opendrift.models.openberg:507: Advection with surface currents
19:40:12 DEBUG   opendrift.models.openberg:569: Grounding condition: Icebergs grounded = 9
19:40:12 DEBUG   opendrift:1680: Horizontal diffusivity is 0, no random walk.
19:40:12 DEBUG   opendrift:904: to be seeded: 250, already seeded 10
19:40:12 DEBUG   opendrift:926: Released 0 new elements.
19:40:12 DEBUG   opendrift:2135: ======================================================================
19:40:12 INFO    opendrift:2136: 2025-09-24 02:00:00 - step 3 of 1872 - 10 active elements (0 deactivated)
19:40:12 DEBUG   opendrift:2142: 250 elements scheduled.
19:40:12 DEBUG   opendrift:2144: ======================================================================
19:40:12 DEBUG   opendrift:2155: 		74.99825286865234 <- latitude -> 75.01959878574532
19:40:12 DEBUG   opendrift:2155: 		-58.211177825927734 <- longitude -> -58.09977340698242
19:40:12 DEBUG   opendrift:2153: 		z = 0.0
19:40:12 DEBUG   opendrift:2156: ---------------------------------
19:40:12 DEBUG   opendrift.models.basemodel.environment:599: ----------------------------------------
19:40:12 DEBUG   opendrift.models.basemodel.environment:600: Variable group ['sea_floor_depth_below_sea_level', 'sea_water_temperature', 'x_sea_water_velocity', 'y_sea_water_velocity', 'sea_surface_height', 'sea_ice_thickness', 'sea_ice_area_fraction', 'sea_ice_x_velocity', 'sea_ice_y_velocity']
19:40:12 DEBUG   opendrift.models.basemodel.environment:601: ----------------------------------------
19:40:12 DEBUG   opendrift.models.basemodel.environment:605: Calling reader Ensemble reader
19:40:12 DEBUG   opendrift.models.basemodel.environment:606: ----------------------------------------
19:40:12 DEBUG   opendrift.models.basemodel.environment:626: Data needed for 10 elements
19:40:12 DEBUG   opendrift.readers.basereader.variables:761: Fetching variables from Ensemble reader covering 10 elements
19:40:12 DEBUG   opendrift.readers.basereader.structured:220: Reader time:
		2025-09-23 12:00:00 (before)
		2025-09-24 12:00:00 (after)
19:40:12 DEBUG   opendrift.readers.basereader.structured:334: Interpolating before (2025-09-23 12:00:00) in space  (linearNDFast)
19:40:12 DEBUG   opendrift.readers.interpolation.structured:97: Initialising interpolator.
19:40:12 DEBUG   opendrift.readers.interpolation.structured:122: Interpolating 10 ensembles for sea_floor_depth_below_sea_level
19:40:12 DEBUG   opendrift.readers.interpolation.structured:122: Interpolating 10 ensembles for sea_water_temperature
19:40:12 DEBUG   opendrift.readers.interpolation.interpolators:115: Converting masked array to numpy array for interpolation
19:40:12 DEBUG   opendrift.readers.interpolation.interpolators:115: Converting masked array to numpy array for interpolation
19:40:12 DEBUG   opendrift.readers.interpolation.interpolators:115: Converting masked array to numpy array for interpolation
19:40:12 DEBUG   opendrift.readers.interpolation.interpolators:115: Converting masked array to numpy array for interpolation
19:40:12 DEBUG   opendrift.readers.interpolation.interpolators:115: Converting masked array to numpy array for interpolation
19:40:12 DEBUG   opendrift.readers.interpolation.interpolators:115: Converting masked array to numpy array for interpolation
19:40:12 DEBUG   opendrift.readers.interpolation.interpolators:115: Converting masked array to numpy array for interpolation
19:40:12 DEBUG   opendrift.readers.interpolation.interpolators:115: Converting masked array to numpy array for interpolation
19:40:12 DEBUG   opendrift.readers.interpolation.interpolators:115: Converting masked array to numpy array for interpolation
19:40:12 DEBUG   opendrift.readers.interpolation.interpolators:115: Converting masked array to numpy array for interpolation
19:40:12 DEBUG   opendrift.readers.interpolation.interpolators:115: Converting masked array to numpy array for interpolation
19:40:12 DEBUG   opendrift.readers.interpolation.interpolators:115: Converting masked array to numpy array for interpolation
19:40:12 DEBUG   opendrift.readers.interpolation.interpolators:115: Converting masked array to numpy array for interpolation
19:40:12 DEBUG   opendrift.readers.interpolation.interpolators:115: Converting masked array to numpy array for interpolation
19:40:12 DEBUG   opendrift.readers.interpolation.interpolators:115: Converting masked array to numpy array for interpolation
19:40:12 DEBUG   opendrift.readers.interpolation.interpolators:115: Converting masked array to numpy array for interpolation
19:40:12 DEBUG   opendrift.readers.interpolation.interpolators:115: Converting masked array to numpy array for interpolation
19:40:12 DEBUG   opendrift.readers.interpolation.interpolators:115: Converting masked array to numpy array for interpolation
19:40:12 DEBUG   opendrift.readers.interpolation.interpolators:115: Converting masked array to numpy array for interpolation
19:40:12 DEBUG   opendrift.readers.interpolation.interpolators:115: Converting masked array to numpy array for interpolation
19:40:12 DEBUG   opendrift.readers.interpolation.structured:122: Interpolating 10 ensembles for x_sea_water_velocity
19:40:12 DEBUG   opendrift.readers.interpolation.structured:122: Interpolating 10 ensembles for y_sea_water_velocity
19:40:12 DEBUG   opendrift.readers.interpolation.structured:122: Interpolating 10 ensembles for sea_surface_height
19:40:12 DEBUG   opendrift.readers.interpolation.interpolators:115: Converting masked array to numpy array for interpolation
19:40:12 DEBUG   opendrift.readers.interpolation.interpolators:115: Converting masked array to numpy array for interpolation
19:40:12 DEBUG   opendrift.readers.interpolation.interpolators:115: Converting masked array to numpy array for interpolation
19:40:12 DEBUG   opendrift.readers.interpolation.interpolators:115: Converting masked array to numpy array for interpolation
19:40:12 DEBUG   opendrift.readers.interpolation.interpolators:115: Converting masked array to numpy array for interpolation
19:40:12 DEBUG   opendrift.readers.interpolation.interpolators:115: Converting masked array to numpy array for interpolation
19:40:12 DEBUG   opendrift.readers.interpolation.interpolators:115: Converting masked array to numpy array for interpolation
19:40:12 DEBUG   opendrift.readers.interpolation.interpolators:115: Converting masked array to numpy array for interpolation
19:40:12 DEBUG   opendrift.readers.interpolation.interpolators:115: Converting masked array to numpy array for interpolation
19:40:12 DEBUG   opendrift.readers.interpolation.interpolators:115: Converting masked array to numpy array for interpolation
19:40:12 DEBUG   opendrift.readers.interpolation.structured:122: Interpolating 10 ensembles for sea_ice_thickness
19:40:12 DEBUG   opendrift.readers.interpolation.interpolators:115: Converting masked array to numpy array for interpolation
19:40:12 DEBUG   opendrift.readers.interpolation.interpolators:115: Converting masked array to numpy array for interpolation
19:40:12 DEBUG   opendrift.readers.interpolation.interpolators:115: Converting masked array to numpy array for interpolation
19:40:12 DEBUG   opendrift.readers.interpolation.interpolators:115: Converting masked array to numpy array for interpolation
19:40:12 DEBUG   opendrift.readers.interpolation.interpolators:115: Converting masked array to numpy array for interpolation
19:40:12 DEBUG   opendrift.readers.interpolation.interpolators:115: Converting masked array to numpy array for interpolation
19:40:12 DEBUG   opendrift.readers.interpolation.interpolators:115: Converting masked array to numpy array for interpolation
19:40:12 DEBUG   opendrift.readers.interpolation.interpolators:115: Converting masked array to numpy array for interpolation
19:40:12 DEBUG   opendrift.readers.interpolation.interpolators:115: Converting masked array to numpy array for interpolation
19:40:12 DEBUG   opendrift.readers.interpolation.interpolators:115: Converting masked array to numpy array for interpolation
19:40:12 DEBUG   opendrift.readers.interpolation.structured:122: Interpolating 10 ensembles for sea_ice_area_fraction
19:40:12 DEBUG   opendrift.readers.interpolation.interpolators:115: Converting masked array to numpy array for interpolation
19:40:12 DEBUG   opendrift.readers.interpolation.interpolators:115: Converting masked array to numpy array for interpolation
19:40:12 DEBUG   opendrift.readers.interpolation.interpolators:115: Converting masked array to numpy array for interpolation
19:40:12 DEBUG   opendrift.readers.interpolation.interpolators:115: Converting masked array to numpy array for interpolation
19:40:12 DEBUG   opendrift.readers.interpolation.interpolators:115: Converting masked array to numpy array for interpolation
19:40:12 DEBUG   opendrift.readers.interpolation.interpolators:115: Converting masked array to numpy array for interpolation
19:40:12 DEBUG   opendrift.readers.interpolation.interpolators:115: Converting masked array to numpy array for interpolation
19:40:12 DEBUG   opendrift.readers.interpolation.interpolators:115: Converting masked array to numpy array for interpolation
19:40:12 DEBUG   opendrift.readers.interpolation.interpolators:115: Converting masked array to numpy array for interpolation
19:40:12 DEBUG   opendrift.readers.interpolation.interpolators:115: Converting masked array to numpy array for interpolation
19:40:12 DEBUG   opendrift.readers.interpolation.structured:122: Interpolating 10 ensembles for sea_ice_x_velocity
19:40:12 DEBUG   opendrift.readers.interpolation.interpolators:115: Converting masked array to numpy array for interpolation
19:40:12 DEBUG   opendrift.readers.interpolation.interpolators:115: Converting masked array to numpy array for interpolation
19:40:12 DEBUG   opendrift.readers.interpolation.interpolators:115: Converting masked array to numpy array for interpolation
19:40:12 DEBUG   opendrift.readers.interpolation.interpolators:115: Converting masked array to numpy array for interpolation
19:40:12 DEBUG   opendrift.readers.interpolation.interpolators:115: Converting masked array to numpy array for interpolation
19:40:12 DEBUG   opendrift.readers.interpolation.interpolators:115: Converting masked array to numpy array for interpolation
19:40:12 DEBUG   opendrift.readers.interpolation.interpolators:115: Converting masked array to numpy array for interpolation
19:40:12 DEBUG   opendrift.readers.interpolation.interpolators:115: Converting masked array to numpy array for interpolation
19:40:12 DEBUG   opendrift.readers.interpolation.interpolators:115: Converting masked array to numpy array for interpolation
19:40:12 DEBUG   opendrift.readers.interpolation.interpolators:115: Converting masked array to numpy array for interpolation
19:40:12 DEBUG   opendrift.readers.interpolation.structured:122: Interpolating 10 ensembles for sea_ice_y_velocity
19:40:12 DEBUG   opendrift.readers.interpolation.interpolators:115: Converting masked array to numpy array for interpolation
19:40:12 DEBUG   opendrift.readers.interpolation.interpolators:115: Converting masked array to numpy array for interpolation
19:40:12 DEBUG   opendrift.readers.interpolation.interpolators:115: Converting masked array to numpy array for interpolation
19:40:12 DEBUG   opendrift.readers.interpolation.interpolators:115: Converting masked array to numpy array for interpolation
19:40:12 DEBUG   opendrift.readers.interpolation.interpolators:115: Converting masked array to numpy array for interpolation
19:40:12 DEBUG   opendrift.readers.interpolation.interpolators:115: Converting masked array to numpy array for interpolation
19:40:12 DEBUG   opendrift.readers.interpolation.interpolators:115: Converting masked array to numpy array for interpolation
19:40:12 DEBUG   opendrift.readers.interpolation.interpolators:115: Converting masked array to numpy array for interpolation
19:40:12 DEBUG   opendrift.readers.interpolation.interpolators:115: Converting masked array to numpy array for interpolation
19:40:12 DEBUG   opendrift.readers.interpolation.interpolators:115: Converting masked array to numpy array for interpolation
19:40:12 DEBUG   opendrift.readers.basereader.structured:340: Interpolating after (2025-09-24 12:00:00) in space  (linearNDFast)
19:40:12 DEBUG   opendrift.readers.interpolation.structured:97: Initialising interpolator.
19:40:12 DEBUG   opendrift.readers.interpolation.structured:122: Interpolating 10 ensembles for sea_floor_depth_below_sea_level
19:40:12 DEBUG   opendrift.readers.interpolation.structured:122: Interpolating 10 ensembles for sea_water_temperature
19:40:12 DEBUG   opendrift.readers.interpolation.interpolators:115: Converting masked array to numpy array for interpolation
19:40:12 DEBUG   opendrift.readers.interpolation.interpolators:115: Converting masked array to numpy array for interpolation
19:40:12 DEBUG   opendrift.readers.interpolation.interpolators:115: Converting masked array to numpy array for interpolation
19:40:12 DEBUG   opendrift.readers.interpolation.interpolators:115: Converting masked array to numpy array for interpolation
19:40:12 DEBUG   opendrift.readers.interpolation.interpolators:115: Converting masked array to numpy array for interpolation
19:40:12 DEBUG   opendrift.readers.interpolation.interpolators:115: Converting masked array to numpy array for interpolation
19:40:12 DEBUG   opendrift.readers.interpolation.interpolators:115: Converting masked array to numpy array for interpolation
19:40:12 DEBUG   opendrift.readers.interpolation.interpolators:115: Converting masked array to numpy array for interpolation
19:40:12 DEBUG   opendrift.readers.interpolation.interpolators:115: Converting masked array to numpy array for interpolation
19:40:12 DEBUG   opendrift.readers.interpolation.interpolators:115: Converting masked array to numpy array for interpolation
19:40:12 DEBUG   opendrift.readers.interpolation.interpolators:115: Converting masked array to numpy array for interpolation
19:40:12 DEBUG   opendrift.readers.interpolation.interpolators:115: Converting masked array to numpy array for interpolation
19:40:12 DEBUG   opendrift.readers.interpolation.interpolators:115: Converting masked array to numpy array for interpolation
19:40:12 DEBUG   opendrift.readers.interpolation.interpolators:115: Converting masked array to numpy array for interpolation
19:40:12 DEBUG   opendrift.readers.interpolation.interpolators:115: Converting masked array to numpy array for interpolation
19:40:12 DEBUG   opendrift.readers.interpolation.interpolators:115: Converting masked array to numpy array for interpolation
19:40:12 DEBUG   opendrift.readers.interpolation.interpolators:115: Converting masked array to numpy array for interpolation
19:40:12 DEBUG   opendrift.readers.interpolation.interpolators:115: Converting masked array to numpy array for interpolation
19:40:12 DEBUG   opendrift.readers.interpolation.interpolators:115: Converting masked array to numpy array for interpolation
19:40:12 DEBUG   opendrift.readers.interpolation.interpolators:115: Converting masked array to numpy array for interpolation
19:40:12 DEBUG   opendrift.readers.interpolation.structured:122: Interpolating 10 ensembles for x_sea_water_velocity
19:40:12 DEBUG   opendrift.readers.interpolation.structured:122: Interpolating 10 ensembles for y_sea_water_velocity
19:40:12 DEBUG   opendrift.readers.interpolation.structured:122: Interpolating 10 ensembles for sea_surface_height
19:40:12 DEBUG   opendrift.readers.interpolation.interpolators:115: Converting masked array to numpy array for interpolation
19:40:12 DEBUG   opendrift.readers.interpolation.interpolators:115: Converting masked array to numpy array for interpolation
19:40:12 DEBUG   opendrift.readers.interpolation.interpolators:115: Converting masked array to numpy array for interpolation
19:40:12 DEBUG   opendrift.readers.interpolation.interpolators:115: Converting masked array to numpy array for interpolation
19:40:12 DEBUG   opendrift.readers.interpolation.interpolators:115: Converting masked array to numpy array for interpolation
19:40:12 DEBUG   opendrift.readers.interpolation.interpolators:115: Converting masked array to numpy array for interpolation
19:40:12 DEBUG   opendrift.readers.interpolation.interpolators:115: Converting masked array to numpy array for interpolation
19:40:12 DEBUG   opendrift.readers.interpolation.interpolators:115: Converting masked array to numpy array for interpolation
19:40:12 DEBUG   opendrift.readers.interpolation.interpolators:115: Converting masked array to numpy array for interpolation
19:40:12 DEBUG   opendrift.readers.interpolation.interpolators:115: Converting masked array to numpy array for interpolation
19:40:12 DEBUG   opendrift.readers.interpolation.structured:122: Interpolating 10 ensembles for sea_ice_thickness
19:40:12 DEBUG   opendrift.readers.interpolation.interpolators:115: Converting masked array to numpy array for interpolation
19:40:12 DEBUG   opendrift.readers.interpolation.interpolators:115: Converting masked array to numpy array for interpolation
19:40:12 DEBUG   opendrift.readers.interpolation.interpolators:115: Converting masked array to numpy array for interpolation
19:40:12 DEBUG   opendrift.readers.interpolation.interpolators:115: Converting masked array to numpy array for interpolation
19:40:12 DEBUG   opendrift.readers.interpolation.interpolators:115: Converting masked array to numpy array for interpolation
19:40:12 DEBUG   opendrift.readers.interpolation.interpolators:115: Converting masked array to numpy array for interpolation
19:40:12 DEBUG   opendrift.readers.interpolation.interpolators:115: Converting masked array to numpy array for interpolation
19:40:12 DEBUG   opendrift.readers.interpolation.interpolators:115: Converting masked array to numpy array for interpolation
19:40:12 DEBUG   opendrift.readers.interpolation.interpolators:115: Converting masked array to numpy array for interpolation
19:40:12 DEBUG   opendrift.readers.interpolation.interpolators:115: Converting masked array to numpy array for interpolation
19:40:12 DEBUG   opendrift.readers.interpolation.structured:122: Interpolating 10 ensembles for sea_ice_area_fraction
19:40:12 DEBUG   opendrift.readers.interpolation.interpolators:115: Converting masked array to numpy array for interpolation
19:40:12 DEBUG   opendrift.readers.interpolation.interpolators:115: Converting masked array to numpy array for interpolation
19:40:12 DEBUG   opendrift.readers.interpolation.interpolators:115: Converting masked array to numpy array for interpolation
19:40:12 DEBUG   opendrift.readers.interpolation.interpolators:115: Converting masked array to numpy array for interpolation
19:40:12 DEBUG   opendrift.readers.interpolation.interpolators:115: Converting masked array to numpy array for interpolation
19:40:12 DEBUG   opendrift.readers.interpolation.interpolators:115: Converting masked array to numpy array for interpolation
19:40:12 DEBUG   opendrift.readers.interpolation.interpolators:115: Converting masked array to numpy array for interpolation
19:40:12 DEBUG   opendrift.readers.interpolation.interpolators:115: Converting masked array to numpy array for interpolation
19:40:12 DEBUG   opendrift.readers.interpolation.interpolators:115: Converting masked array to numpy array for interpolation
19:40:12 DEBUG   opendrift.readers.interpolation.interpolators:115: Converting masked array to numpy array for interpolation
19:40:12 DEBUG   opendrift.readers.interpolation.structured:122: Interpolating 10 ensembles for sea_ice_x_velocity
19:40:12 DEBUG   opendrift.readers.interpolation.interpolators:115: Converting masked array to numpy array for interpolation
19:40:12 DEBUG   opendrift.readers.interpolation.interpolators:115: Converting masked array to numpy array for interpolation
19:40:12 DEBUG   opendrift.readers.interpolation.interpolators:115: Converting masked array to numpy array for interpolation
19:40:12 DEBUG   opendrift.readers.interpolation.interpolators:115: Converting masked array to numpy array for interpolation
19:40:12 DEBUG   opendrift.readers.interpolation.interpolators:115: Converting masked array to numpy array for interpolation
19:40:12 DEBUG   opendrift.readers.interpolation.interpolators:115: Converting masked array to numpy array for interpolation
19:40:12 DEBUG   opendrift.readers.interpolation.interpolators:115: Converting masked array to numpy array for interpolation
19:40:12 DEBUG   opendrift.readers.interpolation.interpolators:115: Converting masked array to numpy array for interpolation
19:40:12 DEBUG   opendrift.readers.interpolation.interpolators:115: Converting masked array to numpy array for interpolation
19:40:12 DEBUG   opendrift.readers.interpolation.interpolators:115: Converting masked array to numpy array for interpolation
19:40:12 DEBUG   opendrift.readers.interpolation.structured:122: Interpolating 10 ensembles for sea_ice_y_velocity
19:40:12 DEBUG   opendrift.readers.interpolation.interpolators:115: Converting masked array to numpy array for interpolation
19:40:12 DEBUG   opendrift.readers.interpolation.interpolators:115: Converting masked array to numpy array for interpolation
19:40:12 DEBUG   opendrift.readers.interpolation.interpolators:115: Converting masked array to numpy array for interpolation
19:40:12 DEBUG   opendrift.readers.interpolation.interpolators:115: Converting masked array to numpy array for interpolation
19:40:12 DEBUG   opendrift.readers.interpolation.interpolators:115: Converting masked array to numpy array for interpolation
19:40:12 DEBUG   opendrift.readers.interpolation.interpolators:115: Converting masked array to numpy array for interpolation
19:40:12 DEBUG   opendrift.readers.interpolation.interpolators:115: Converting masked array to numpy array for interpolation
19:40:12 DEBUG   opendrift.readers.interpolation.interpolators:115: Converting masked array to numpy array for interpolation
19:40:12 DEBUG   opendrift.readers.interpolation.interpolators:115: Converting masked array to numpy array for interpolation
19:40:12 DEBUG   opendrift.readers.interpolation.interpolators:115: Converting masked array to numpy array for interpolation
19:40:12 DEBUG   opendrift.readers.basereader.structured:355: Interpolating before (2025-09-23 12:00:00, weight 0.42) and
		      after (2025-09-24 12:00:00, weight 0.58) in time
19:40:12 DEBUG   opendrift.readers.basereader.structured:368: Interpolating profiles in time
19:40:12 DEBUG   opendrift.readers.basereader.variables:100: Rotating vectors between -13.216927497249685 and -13.10547946101443 degrees.
19:40:12 DEBUG   opendrift.readers.basereader.variables:100: Rotating vectors between -13.216927497249685 and -13.10547946101443 degrees.
19:40:12 DEBUG   opendrift.readers.basereader.variables:100: Rotating vectors between -13.216927497249685 and -13.10547946101443 degrees.
19:40:12 DEBUG   opendrift.models.basemodel.environment:762: Obtained data for all elements.
19:40:12 DEBUG   opendrift.models.basemodel.environment:599: ----------------------------------------
19:40:12 DEBUG   opendrift.models.basemodel.environment:600: Variable group ['land_binary_mask']
19:40:12 DEBUG   opendrift.models.basemodel.environment:601: ----------------------------------------
19:40:12 DEBUG   opendrift.models.basemodel.environment:605: Calling reader global_landmask
19:40:12 DEBUG   opendrift.models.basemodel.environment:606: ----------------------------------------
19:40:12 DEBUG   opendrift.models.basemodel.environment:626: Data needed for 10 elements
19:40:12 DEBUG   opendrift.readers.basereader.variables:761: Fetching variables from global_landmask covering 10 elements
19:40:12 DEBUG   opendrift.readers.basereader.continuous:37: Fetched env-before
19:40:12 DEBUG   opendrift.readers.basereader.variables:639: Checking land_binary_mask for invalid values
19:40:12 DEBUG   opendrift.readers.basereader.variables:797: Reader projection is latlon - rotation of vectors is not needed.
19:40:12 DEBUG   opendrift.models.basemodel.environment:762: Obtained data for all elements.
19:40:12 DEBUG   opendrift.models.basemodel.environment:599: ----------------------------------------
19:40:12 DEBUG   opendrift.models.basemodel.environment:600: Variable group ['x_wind', 'y_wind']
19:40:12 DEBUG   opendrift.models.basemodel.environment:601: ----------------------------------------
19:40:12 DEBUG   opendrift.models.basemodel.environment:605: Calling reader cmems_obs-wind_glo_phy_nrt_l4_0.125deg_PT1H
19:40:12 DEBUG   opendrift.models.basemodel.environment:606: ----------------------------------------
19:40:12 DEBUG   opendrift.models.basemodel.environment:626: Data needed for 10 elements
19:40:12 DEBUG   opendrift.readers.basereader.variables:761: Fetching variables from cmems_obs-wind_glo_phy_nrt_l4_0.125deg_PT1H covering 10 elements
19:40:12 DEBUG   opendrift.readers.basereader.structured:208: Shifting coordinates to -180-180
19:40:12 DEBUG   opendrift.readers.basereader.structured:220: Reader time:
		2025-09-24 02:00:00 (before)
		2025-09-24 03:00:00 (after)
19:40:12 DEBUG   opendrift.readers.reader_netCDF_CF_generic:470: Using eastward_wind to retrieve x_wind
19:40:12 DEBUG   opendrift.readers.reader_netCDF_CF_generic:470: Using northward_wind to retrieve y_wind
19:40:12 DEBUG   opendrift.readers.reader_netCDF_CF_generic:592: North is up, no rotation necessary
19:40:12 DEBUG   opendrift.readers.basereader.variables:639: Checking x_wind for invalid values
19:40:12 DEBUG   opendrift.readers.basereader.variables:639: Checking y_wind for invalid values
19:40:12 DEBUG   opendrift.readers.basereader.structured:290: Fetched env-block (size 8x6x1) for time before (2025-09-24 02:00:00)
19:40:12 DEBUG   opendrift.readers.basereader.structured:334: Interpolating before (2025-09-24 02:00:00) in space  (linearNDFast)
19:40:12 DEBUG   opendrift.readers.interpolation.structured:97: Initialising interpolator.
19:40:12 DEBUG   opendrift.readers.basereader.structured:388: No time interpolation needed - right on time.
19:40:12 DEBUG   opendrift.readers.basereader.variables:797: Reader projection is latlon - rotation of vectors is not needed.
19:40:12 DEBUG   opendrift.models.basemodel.environment:762: Obtained data for all elements.
19:40:12 DEBUG   opendrift.models.basemodel.environment:775: ---------------------------------------
19:40:12 DEBUG   opendrift.models.basemodel.environment:776: Finished processing all variable groups
19:40:12 DEBUG   opendrift.models.basemodel.environment:812:       Using fallback value 0 for x_sea_water_velocity for 0 profiles
19:40:12 DEBUG   opendrift.models.basemodel.environment:812:       Using fallback value 0 for y_sea_water_velocity for 0 profiles
19:40:12 DEBUG   opendrift.models.basemodel.environment:812:       Using fallback value 2 for sea_water_temperature for 0 profiles
19:40:12 DEBUG   opendrift.models.basemodel.environment:801:       Using fallback value 35 for sea_water_salinity for all profiles
19:40:12 DEBUG   opendrift.models.basemodel.environment:898: ------------ SUMMARY -------------
19:40:12 DEBUG   opendrift.models.basemodel.environment:900:     x_sea_water_velocity: 0.00595331 (min) 0.0152998 (max)
19:40:12 DEBUG   opendrift.models.basemodel.environment:900:     y_sea_water_velocity: 0.0488851 (min) 0.12966 (max)
19:40:12 DEBUG   opendrift.models.basemodel.environment:900:     sea_floor_depth_below_sea_level: 45.1385 (min) 63.5334 (max)
19:40:12 DEBUG   opendrift.models.basemodel.environment:900:     sea_surface_height: -0.436372 (min) -0.412764 (max)
19:40:12 DEBUG   opendrift.models.basemodel.environment:900:     sea_surface_x_slope: 0 (min) 0 (max)
19:40:12 DEBUG   opendrift.models.basemodel.environment:900:     sea_surface_y_slope: 0 (min) 0 (max)
19:40:12 DEBUG   opendrift.models.basemodel.environment:900:     x_wind: -5.01872 (min) -4.96424 (max)
19:40:12 DEBUG   opendrift.models.basemodel.environment:900:     y_wind: 6.30832 (min) 6.49567 (max)
19:40:12 DEBUG   opendrift.models.basemodel.environment:900:     horizontal_diffusivity: 0 (min) 0 (max)
19:40:12 DEBUG   opendrift.models.basemodel.environment:900:     sea_surface_wave_significant_height: 0 (min) 0 (max)
19:40:12 DEBUG   opendrift.models.basemodel.environment:900:     sea_surface_wave_from_direction: 0 (min) 0 (max)
19:40:12 DEBUG   opendrift.models.basemodel.environment:900:     sea_surface_wave_stokes_drift_x_velocity: 0 (min) 0 (max)
19:40:12 DEBUG   opendrift.models.basemodel.environment:900:     sea_surface_wave_stokes_drift_y_velocity: 0 (min) 0 (max)
19:40:12 DEBUG   opendrift.models.basemodel.environment:900:     sea_water_temperature: 2.1084 (min) 2.66542 (max)
19:40:12 DEBUG   opendrift.models.basemodel.environment:900:     sea_water_salinity: 35 (min) 35 (max)
19:40:12 DEBUG   opendrift.models.basemodel.environment:900:     sea_ice_area_fraction: 0 (min) 0 (max)
19:40:12 DEBUG   opendrift.models.basemodel.environment:900:     sea_ice_thickness: 0 (min) 0 (max)
19:40:12 DEBUG   opendrift.models.basemodel.environment:900:     sea_ice_x_velocity: 0 (min) 0 (max)
19:40:12 DEBUG   opendrift.models.basemodel.environment:900:     sea_ice_y_velocity: 0 (min) 0 (max)
19:40:12 DEBUG   opendrift.models.basemodel.environment:900:     land_binary_mask: 0 (min) 0 (max)
19:40:12 DEBUG   opendrift.models.basemodel.environment:902: ---------------------------------
19:40:12 DEBUG   opendrift.models.physics_methods:823: Calculating Hs from wind, min: 1.592046, mean: 1.620082, max: 1.648078
19:40:12 WARNING opendrift.models.physics_methods:832: Setting wave direction equal to wind direction, min: -38.357121, mean: -37.971630, max: -37.476582
19:40:12 DEBUG   opendrift:689: No elements hit coastline.
19:40:12 DEBUG   opendrift:760: No elements hit seafloor.
19:40:12 DEBUG   opendrift:1732: No elements to deactivate
19:40:12 DEBUG   opendrift:2193: Calling OpenBerg.update()
19:40:12 DEBUG   opendrift.models.openberg:507: Advection with surface currents
19:40:12 DEBUG   opendrift.models.openberg:569: Grounding condition: Icebergs grounded = 9
19:40:12 DEBUG   opendrift:1680: Horizontal diffusivity is 0, no random walk.
19:40:12 DEBUG   opendrift:904: to be seeded: 250, already seeded 10
19:40:12 DEBUG   opendrift:926: Released 0 new elements.
19:40:12 DEBUG   opendrift:2135: ======================================================================
19:40:12 INFO    opendrift:2136: 2025-09-24 03:00:00 - step 4 of 1872 - 10 active elements (0 deactivated)
19:40:12 DEBUG   opendrift:2142: 250 elements scheduled.
19:40:12 DEBUG   opendrift:2144: ======================================================================
19:40:12 DEBUG   opendrift:2155: 		74.99825286865234 <- latitude -> 75.02684792891384
19:40:12 DEBUG   opendrift:2155: 		-58.211177825927734 <- longitude -> -58.09977340698242
19:40:12 DEBUG   opendrift:2153: 		z = 0.0
19:40:12 DEBUG   opendrift:2156: ---------------------------------
19:40:12 DEBUG   opendrift.models.basemodel.environment:599: ----------------------------------------
19:40:12 DEBUG   opendrift.models.basemodel.environment:600: Variable group ['sea_floor_depth_below_sea_level', 'sea_water_temperature', 'x_sea_water_velocity', 'y_sea_water_velocity', 'sea_surface_height', 'sea_ice_thickness', 'sea_ice_area_fraction', 'sea_ice_x_velocity', 'sea_ice_y_velocity']
19:40:12 DEBUG   opendrift.models.basemodel.environment:601: ----------------------------------------
19:40:12 DEBUG   opendrift.models.basemodel.environment:605: Calling reader Ensemble reader
19:40:12 DEBUG   opendrift.models.basemodel.environment:606: ----------------------------------------
19:40:12 DEBUG   opendrift.models.basemodel.environment:626: Data needed for 10 elements
19:40:12 DEBUG   opendrift.readers.basereader.variables:761: Fetching variables from Ensemble reader covering 10 elements
19:40:12 DEBUG   opendrift.readers.basereader.structured:220: Reader time:
		2025-09-23 12:00:00 (before)
		2025-09-24 12:00:00 (after)
19:40:12 DEBUG   opendrift.readers.basereader.structured:334: Interpolating before (2025-09-23 12:00:00) in space  (linearNDFast)
19:40:12 DEBUG   opendrift.readers.interpolation.structured:97: Initialising interpolator.
19:40:12 DEBUG   opendrift.readers.interpolation.structured:122: Interpolating 10 ensembles for sea_floor_depth_below_sea_level
19:40:12 DEBUG   opendrift.readers.interpolation.structured:122: Interpolating 10 ensembles for sea_water_temperature
19:40:12 DEBUG   opendrift.readers.interpolation.interpolators:115: Converting masked array to numpy array for interpolation
19:40:12 DEBUG   opendrift.readers.interpolation.interpolators:115: Converting masked array to numpy array for interpolation
19:40:12 DEBUG   opendrift.readers.interpolation.interpolators:115: Converting masked array to numpy array for interpolation
19:40:12 DEBUG   opendrift.readers.interpolation.interpolators:115: Converting masked array to numpy array for interpolation
19:40:12 DEBUG   opendrift.readers.interpolation.interpolators:115: Converting masked array to numpy array for interpolation
19:40:12 DEBUG   opendrift.readers.interpolation.interpolators:115: Converting masked array to numpy array for interpolation
19:40:12 DEBUG   opendrift.readers.interpolation.interpolators:115: Converting masked array to numpy array for interpolation
19:40:12 DEBUG   opendrift.readers.interpolation.interpolators:115: Converting masked array to numpy array for interpolation
19:40:12 DEBUG   opendrift.readers.interpolation.interpolators:115: Converting masked array to numpy array for interpolation
19:40:12 DEBUG   opendrift.readers.interpolation.interpolators:115: Converting masked array to numpy array for interpolation
19:40:12 DEBUG   opendrift.readers.interpolation.interpolators:115: Converting masked array to numpy array for interpolation
19:40:12 DEBUG   opendrift.readers.interpolation.interpolators:115: Converting masked array to numpy array for interpolation
19:40:12 DEBUG   opendrift.readers.interpolation.interpolators:115: Converting masked array to numpy array for interpolation
19:40:12 DEBUG   opendrift.readers.interpolation.interpolators:115: Converting masked array to numpy array for interpolation
19:40:12 DEBUG   opendrift.readers.interpolation.interpolators:115: Converting masked array to numpy array for interpolation
19:40:12 DEBUG   opendrift.readers.interpolation.interpolators:115: Converting masked array to numpy array for interpolation
19:40:12 DEBUG   opendrift.readers.interpolation.interpolators:115: Converting masked array to numpy array for interpolation
19:40:12 DEBUG   opendrift.readers.interpolation.interpolators:115: Converting masked array to numpy array for interpolation
19:40:12 DEBUG   opendrift.readers.interpolation.interpolators:115: Converting masked array to numpy array for interpolation
19:40:12 DEBUG   opendrift.readers.interpolation.interpolators:115: Converting masked array to numpy array for interpolation
19:40:12 DEBUG   opendrift.readers.interpolation.structured:122: Interpolating 10 ensembles for x_sea_water_velocity
19:40:12 DEBUG   opendrift.readers.interpolation.structured:122: Interpolating 10 ensembles for y_sea_water_velocity
19:40:12 DEBUG   opendrift.readers.interpolation.structured:122: Interpolating 10 ensembles for sea_surface_height
19:40:12 DEBUG   opendrift.readers.interpolation.interpolators:115: Converting masked array to numpy array for interpolation
19:40:12 DEBUG   opendrift.readers.interpolation.interpolators:115: Converting masked array to numpy array for interpolation
19:40:12 DEBUG   opendrift.readers.interpolation.interpolators:115: Converting masked array to numpy array for interpolation
19:40:12 DEBUG   opendrift.readers.interpolation.interpolators:115: Converting masked array to numpy array for interpolation
19:40:12 DEBUG   opendrift.readers.interpolation.interpolators:115: Converting masked array to numpy array for interpolation
19:40:12 DEBUG   opendrift.readers.interpolation.interpolators:115: Converting masked array to numpy array for interpolation
19:40:12 DEBUG   opendrift.readers.interpolation.interpolators:115: Converting masked array to numpy array for interpolation
19:40:12 DEBUG   opendrift.readers.interpolation.interpolators:115: Converting masked array to numpy array for interpolation
19:40:12 DEBUG   opendrift.readers.interpolation.interpolators:115: Converting masked array to numpy array for interpolation
19:40:12 DEBUG   opendrift.readers.interpolation.interpolators:115: Converting masked array to numpy array for interpolation
19:40:12 DEBUG   opendrift.readers.interpolation.structured:122: Interpolating 10 ensembles for sea_ice_thickness
19:40:12 DEBUG   opendrift.readers.interpolation.interpolators:115: Converting masked array to numpy array for interpolation
19:40:12 DEBUG   opendrift.readers.interpolation.interpolators:115: Converting masked array to numpy array for interpolation
19:40:12 DEBUG   opendrift.readers.interpolation.interpolators:115: Converting masked array to numpy array for interpolation
19:40:12 DEBUG   opendrift.readers.interpolation.interpolators:115: Converting masked array to numpy array for interpolation
19:40:12 DEBUG   opendrift.readers.interpolation.interpolators:115: Converting masked array to numpy array for interpolation
19:40:12 DEBUG   opendrift.readers.interpolation.interpolators:115: Converting masked array to numpy array for interpolation
19:40:12 DEBUG   opendrift.readers.interpolation.interpolators:115: Converting masked array to numpy array for interpolation
19:40:12 DEBUG   opendrift.readers.interpolation.interpolators:115: Converting masked array to numpy array for interpolation
19:40:12 DEBUG   opendrift.readers.interpolation.interpolators:115: Converting masked array to numpy array for interpolation
19:40:12 DEBUG   opendrift.readers.interpolation.interpolators:115: Converting masked array to numpy array for interpolation
19:40:12 DEBUG   opendrift.readers.interpolation.structured:122: Interpolating 10 ensembles for sea_ice_area_fraction
19:40:12 DEBUG   opendrift.readers.interpolation.interpolators:115: Converting masked array to numpy array for interpolation
19:40:12 DEBUG   opendrift.readers.interpolation.interpolators:115: Converting masked array to numpy array for interpolation
19:40:12 DEBUG   opendrift.readers.interpolation.interpolators:115: Converting masked array to numpy array for interpolation
19:40:12 DEBUG   opendrift.readers.interpolation.interpolators:115: Converting masked array to numpy array for interpolation
19:40:12 DEBUG   opendrift.readers.interpolation.interpolators:115: Converting masked array to numpy array for interpolation
19:40:12 DEBUG   opendrift.readers.interpolation.interpolators:115: Converting masked array to numpy array for interpolation
19:40:12 DEBUG   opendrift.readers.interpolation.interpolators:115: Converting masked array to numpy array for interpolation
19:40:12 DEBUG   opendrift.readers.interpolation.interpolators:115: Converting masked array to numpy array for interpolation
19:40:12 DEBUG   opendrift.readers.interpolation.interpolators:115: Converting masked array to numpy array for interpolation
19:40:12 DEBUG   opendrift.readers.interpolation.interpolators:115: Converting masked array to numpy array for interpolation
19:40:12 DEBUG   opendrift.readers.interpolation.structured:122: Interpolating 10 ensembles for sea_ice_x_velocity
19:40:12 DEBUG   opendrift.readers.interpolation.interpolators:115: Converting masked array to numpy array for interpolation
19:40:12 DEBUG   opendrift.readers.interpolation.interpolators:115: Converting masked array to numpy array for interpolation
19:40:12 DEBUG   opendrift.readers.interpolation.interpolators:115: Converting masked array to numpy array for interpolation
19:40:12 DEBUG   opendrift.readers.interpolation.interpolators:115: Converting masked array to numpy array for interpolation
19:40:12 DEBUG   opendrift.readers.interpolation.interpolators:115: Converting masked array to numpy array for interpolation
19:40:12 DEBUG   opendrift.readers.interpolation.interpolators:115: Converting masked array to numpy array for interpolation
19:40:12 DEBUG   opendrift.readers.interpolation.interpolators:115: Converting masked array to numpy array for interpolation
19:40:12 DEBUG   opendrift.readers.interpolation.interpolators:115: Converting masked array to numpy array for interpolation
19:40:12 DEBUG   opendrift.readers.interpolation.interpolators:115: Converting masked array to numpy array for interpolation
19:40:12 DEBUG   opendrift.readers.interpolation.interpolators:115: Converting masked array to numpy array for interpolation
19:40:12 DEBUG   opendrift.readers.interpolation.structured:122: Interpolating 10 ensembles for sea_ice_y_velocity
19:40:12 DEBUG   opendrift.readers.interpolation.interpolators:115: Converting masked array to numpy array for interpolation
19:40:12 DEBUG   opendrift.readers.interpolation.interpolators:115: Converting masked array to numpy array for interpolation
19:40:12 DEBUG   opendrift.readers.interpolation.interpolators:115: Converting masked array to numpy array for interpolation
19:40:12 DEBUG   opendrift.readers.interpolation.interpolators:115: Converting masked array to numpy array for interpolation
19:40:12 DEBUG   opendrift.readers.interpolation.interpolators:115: Converting masked array to numpy array for interpolation
19:40:12 DEBUG   opendrift.readers.interpolation.interpolators:115: Converting masked array to numpy array for interpolation
19:40:12 DEBUG   opendrift.readers.interpolation.interpolators:115: Converting masked array to numpy array for interpolation
19:40:12 DEBUG   opendrift.readers.interpolation.interpolators:115: Converting masked array to numpy array for interpolation
19:40:12 DEBUG   opendrift.readers.interpolation.interpolators:115: Converting masked array to numpy array for interpolation
19:40:12 DEBUG   opendrift.readers.interpolation.interpolators:115: Converting masked array to numpy array for interpolation
19:40:12 DEBUG   opendrift.readers.basereader.structured:340: Interpolating after (2025-09-24 12:00:00) in space  (linearNDFast)
19:40:12 DEBUG   opendrift.readers.interpolation.structured:97: Initialising interpolator.
19:40:12 DEBUG   opendrift.readers.interpolation.structured:122: Interpolating 10 ensembles for sea_floor_depth_below_sea_level
19:40:12 DEBUG   opendrift.readers.interpolation.structured:122: Interpolating 10 ensembles for sea_water_temperature
19:40:12 DEBUG   opendrift.readers.interpolation.interpolators:115: Converting masked array to numpy array for interpolation
19:40:12 DEBUG   opendrift.readers.interpolation.interpolators:115: Converting masked array to numpy array for interpolation
19:40:12 DEBUG   opendrift.readers.interpolation.interpolators:115: Converting masked array to numpy array for interpolation
19:40:12 DEBUG   opendrift.readers.interpolation.interpolators:115: Converting masked array to numpy array for interpolation
19:40:12 DEBUG   opendrift.readers.interpolation.interpolators:115: Converting masked array to numpy array for interpolation
19:40:12 DEBUG   opendrift.readers.interpolation.interpolators:115: Converting masked array to numpy array for interpolation
19:40:12 DEBUG   opendrift.readers.interpolation.interpolators:115: Converting masked array to numpy array for interpolation
19:40:12 DEBUG   opendrift.readers.interpolation.interpolators:115: Converting masked array to numpy array for interpolation
19:40:12 DEBUG   opendrift.readers.interpolation.interpolators:115: Converting masked array to numpy array for interpolation
19:40:12 DEBUG   opendrift.readers.interpolation.interpolators:115: Converting masked array to numpy array for interpolation
19:40:12 DEBUG   opendrift.readers.interpolation.interpolators:115: Converting masked array to numpy array for interpolation
19:40:12 DEBUG   opendrift.readers.interpolation.interpolators:115: Converting masked array to numpy array for interpolation
19:40:12 DEBUG   opendrift.readers.interpolation.interpolators:115: Converting masked array to numpy array for interpolation
19:40:12 DEBUG   opendrift.readers.interpolation.interpolators:115: Converting masked array to numpy array for interpolation
19:40:12 DEBUG   opendrift.readers.interpolation.interpolators:115: Converting masked array to numpy array for interpolation
19:40:12 DEBUG   opendrift.readers.interpolation.interpolators:115: Converting masked array to numpy array for interpolation
19:40:12 DEBUG   opendrift.readers.interpolation.interpolators:115: Converting masked array to numpy array for interpolation
19:40:12 DEBUG   opendrift.readers.interpolation.interpolators:115: Converting masked array to numpy array for interpolation
19:40:12 DEBUG   opendrift.readers.interpolation.interpolators:115: Converting masked array to numpy array for interpolation
19:40:12 DEBUG   opendrift.readers.interpolation.interpolators:115: Converting masked array to numpy array for interpolation
19:40:12 DEBUG   opendrift.readers.interpolation.structured:122: Interpolating 10 ensembles for x_sea_water_velocity
19:40:12 DEBUG   opendrift.readers.interpolation.structured:122: Interpolating 10 ensembles for y_sea_water_velocity
19:40:12 DEBUG   opendrift.readers.interpolation.structured:122: Interpolating 10 ensembles for sea_surface_height
19:40:12 DEBUG   opendrift.readers.interpolation.interpolators:115: Converting masked array to numpy array for interpolation
19:40:12 DEBUG   opendrift.readers.interpolation.interpolators:115: Converting masked array to numpy array for interpolation
19:40:12 DEBUG   opendrift.readers.interpolation.interpolators:115: Converting masked array to numpy array for interpolation
19:40:12 DEBUG   opendrift.readers.interpolation.interpolators:115: Converting masked array to numpy array for interpolation
19:40:12 DEBUG   opendrift.readers.interpolation.interpolators:115: Converting masked array to numpy array for interpolation
19:40:12 DEBUG   opendrift.readers.interpolation.interpolators:115: Converting masked array to numpy array for interpolation
19:40:12 DEBUG   opendrift.readers.interpolation.interpolators:115: Converting masked array to numpy array for interpolation
19:40:12 DEBUG   opendrift.readers.interpolation.interpolators:115: Converting masked array to numpy array for interpolation
19:40:12 DEBUG   opendrift.readers.interpolation.interpolators:115: Converting masked array to numpy array for interpolation
19:40:12 DEBUG   opendrift.readers.interpolation.interpolators:115: Converting masked array to numpy array for interpolation
19:40:12 DEBUG   opendrift.readers.interpolation.structured:122: Interpolating 10 ensembles for sea_ice_thickness
19:40:12 DEBUG   opendrift.readers.interpolation.interpolators:115: Converting masked array to numpy array for interpolation
19:40:12 DEBUG   opendrift.readers.interpolation.interpolators:115: Converting masked array to numpy array for interpolation
19:40:12 DEBUG   opendrift.readers.interpolation.interpolators:115: Converting masked array to numpy array for interpolation
19:40:12 DEBUG   opendrift.readers.interpolation.interpolators:115: Converting masked array to numpy array for interpolation
19:40:12 DEBUG   opendrift.readers.interpolation.interpolators:115: Converting masked array to numpy array for interpolation
19:40:12 DEBUG   opendrift.readers.interpolation.interpolators:115: Converting masked array to numpy array for interpolation
19:40:12 DEBUG   opendrift.readers.interpolation.interpolators:115: Converting masked array to numpy array for interpolation
19:40:12 DEBUG   opendrift.readers.interpolation.interpolators:115: Converting masked array to numpy array for interpolation
19:40:12 DEBUG   opendrift.readers.interpolation.interpolators:115: Converting masked array to numpy array for interpolation
19:40:12 DEBUG   opendrift.readers.interpolation.interpolators:115: Converting masked array to numpy array for interpolation
19:40:12 DEBUG   opendrift.readers.interpolation.structured:122: Interpolating 10 ensembles for sea_ice_area_fraction
19:40:12 DEBUG   opendrift.readers.interpolation.interpolators:115: Converting masked array to numpy array for interpolation
19:40:12 DEBUG   opendrift.readers.interpolation.interpolators:115: Converting masked array to numpy array for interpolation
19:40:12 DEBUG   opendrift.readers.interpolation.interpolators:115: Converting masked array to numpy array for interpolation
19:40:12 DEBUG   opendrift.readers.interpolation.interpolators:115: Converting masked array to numpy array for interpolation
19:40:12 DEBUG   opendrift.readers.interpolation.interpolators:115: Converting masked array to numpy array for interpolation
19:40:12 DEBUG   opendrift.readers.interpolation.interpolators:115: Converting masked array to numpy array for interpolation
19:40:12 DEBUG   opendrift.readers.interpolation.interpolators:115: Converting masked array to numpy array for interpolation
19:40:12 DEBUG   opendrift.readers.interpolation.interpolators:115: Converting masked array to numpy array for interpolation
19:40:12 DEBUG   opendrift.readers.interpolation.interpolators:115: Converting masked array to numpy array for interpolation
19:40:12 DEBUG   opendrift.readers.interpolation.interpolators:115: Converting masked array to numpy array for interpolation
19:40:12 DEBUG   opendrift.readers.interpolation.structured:122: Interpolating 10 ensembles for sea_ice_x_velocity
19:40:12 DEBUG   opendrift.readers.interpolation.interpolators:115: Converting masked array to numpy array for interpolation
19:40:12 DEBUG   opendrift.readers.interpolation.interpolators:115: Converting masked array to numpy array for interpolation
19:40:12 DEBUG   opendrift.readers.interpolation.interpolators:115: Converting masked array to numpy array for interpolation
19:40:12 DEBUG   opendrift.readers.interpolation.interpolators:115: Converting masked array to numpy array for interpolation
19:40:12 DEBUG   opendrift.readers.interpolation.interpolators:115: Converting masked array to numpy array for interpolation
19:40:12 DEBUG   opendrift.readers.interpolation.interpolators:115: Converting masked array to numpy array for interpolation
19:40:12 DEBUG   opendrift.readers.interpolation.interpolators:115: Converting masked array to numpy array for interpolation
19:40:12 DEBUG   opendrift.readers.interpolation.interpolators:115: Converting masked array to numpy array for interpolation
19:40:12 DEBUG   opendrift.readers.interpolation.interpolators:115: Converting masked array to numpy array for interpolation
19:40:12 DEBUG   opendrift.readers.interpolation.interpolators:115: Converting masked array to numpy array for interpolation
19:40:12 DEBUG   opendrift.readers.interpolation.structured:122: Interpolating 10 ensembles for sea_ice_y_velocity
19:40:12 DEBUG   opendrift.readers.interpolation.interpolators:115: Converting masked array to numpy array for interpolation
19:40:12 DEBUG   opendrift.readers.interpolation.interpolators:115: Converting masked array to numpy array for interpolation
19:40:12 DEBUG   opendrift.readers.interpolation.interpolators:115: Converting masked array to numpy array for interpolation
19:40:12 DEBUG   opendrift.readers.interpolation.interpolators:115: Converting masked array to numpy array for interpolation
19:40:12 DEBUG   opendrift.readers.interpolation.interpolators:115: Converting masked array to numpy array for interpolation
19:40:12 DEBUG   opendrift.readers.interpolation.interpolators:115: Converting masked array to numpy array for interpolation
19:40:12 DEBUG   opendrift.readers.interpolation.interpolators:115: Converting masked array to numpy array for interpolation
19:40:12 DEBUG   opendrift.readers.interpolation.interpolators:115: Converting masked array to numpy array for interpolation
19:40:12 DEBUG   opendrift.readers.interpolation.interpolators:115: Converting masked array to numpy array for interpolation
19:40:12 DEBUG   opendrift.readers.interpolation.interpolators:115: Converting masked array to numpy array for interpolation
19:40:12 DEBUG   opendrift.readers.basereader.structured:355: Interpolating before (2025-09-23 12:00:00, weight 0.38) and
		      after (2025-09-24 12:00:00, weight 0.62) in time
19:40:12 DEBUG   opendrift.readers.basereader.structured:368: Interpolating profiles in time
19:40:12 DEBUG   opendrift.readers.basereader.variables:100: Rotating vectors between -13.216927497249685 and -13.10547946101443 degrees.
19:40:12 DEBUG   opendrift.readers.basereader.variables:100: Rotating vectors between -13.216927497249685 and -13.10547946101443 degrees.
19:40:12 DEBUG   opendrift.readers.basereader.variables:100: Rotating vectors between -13.216927497249685 and -13.10547946101443 degrees.
19:40:12 DEBUG   opendrift.models.basemodel.environment:762: Obtained data for all elements.
19:40:12 DEBUG   opendrift.models.basemodel.environment:599: ----------------------------------------
19:40:12 DEBUG   opendrift.models.basemodel.environment:600: Variable group ['land_binary_mask']
19:40:12 DEBUG   opendrift.models.basemodel.environment:601: ----------------------------------------
19:40:12 DEBUG   opendrift.models.basemodel.environment:605: Calling reader global_landmask
19:40:12 DEBUG   opendrift.models.basemodel.environment:606: ----------------------------------------
19:40:12 DEBUG   opendrift.models.basemodel.environment:626: Data needed for 10 elements
19:40:12 DEBUG   opendrift.readers.basereader.variables:761: Fetching variables from global_landmask covering 10 elements
19:40:12 DEBUG   opendrift.readers.basereader.continuous:37: Fetched env-before
19:40:12 DEBUG   opendrift.readers.basereader.variables:639: Checking land_binary_mask for invalid values
19:40:12 DEBUG   opendrift.readers.basereader.variables:797: Reader projection is latlon - rotation of vectors is not needed.
19:40:12 DEBUG   opendrift.models.basemodel.environment:762: Obtained data for all elements.
19:40:12 DEBUG   opendrift.models.basemodel.environment:599: ----------------------------------------
19:40:12 DEBUG   opendrift.models.basemodel.environment:600: Variable group ['x_wind', 'y_wind']
19:40:12 DEBUG   opendrift.models.basemodel.environment:601: ----------------------------------------
19:40:12 DEBUG   opendrift.models.basemodel.environment:605: Calling reader cmems_obs-wind_glo_phy_nrt_l4_0.125deg_PT1H
19:40:12 DEBUG   opendrift.models.basemodel.environment:606: ----------------------------------------
19:40:12 DEBUG   opendrift.models.basemodel.environment:626: Data needed for 10 elements
19:40:12 DEBUG   opendrift.readers.basereader.variables:761: Fetching variables from cmems_obs-wind_glo_phy_nrt_l4_0.125deg_PT1H covering 10 elements
19:40:12 DEBUG   opendrift.readers.basereader.structured:208: Shifting coordinates to -180-180
19:40:12 DEBUG   opendrift.readers.basereader.structured:220: Reader time:
		2025-09-24 03:00:00 (before)
		2025-09-24 04:00:00 (after)
19:40:12 DEBUG   opendrift.readers.reader_netCDF_CF_generic:470: Using eastward_wind to retrieve x_wind
19:40:12 DEBUG   opendrift.readers.reader_netCDF_CF_generic:470: Using northward_wind to retrieve y_wind
19:40:12 DEBUG   opendrift.readers.reader_netCDF_CF_generic:592: North is up, no rotation necessary
19:40:12 DEBUG   opendrift.readers.basereader.variables:639: Checking x_wind for invalid values
19:40:12 DEBUG   opendrift.readers.basereader.variables:639: Checking y_wind for invalid values
19:40:12 DEBUG   opendrift.readers.basereader.structured:290: Fetched env-block (size 8x6x1) for time before (2025-09-24 03:00:00)
19:40:12 DEBUG   opendrift.readers.basereader.structured:334: Interpolating before (2025-09-24 03:00:00) in space  (linearNDFast)
19:40:12 DEBUG   opendrift.readers.interpolation.structured:97: Initialising interpolator.
19:40:12 DEBUG   opendrift.readers.basereader.structured:388: No time interpolation needed - right on time.
19:40:12 DEBUG   opendrift.readers.basereader.variables:797: Reader projection is latlon - rotation of vectors is not needed.
19:40:12 DEBUG   opendrift.models.basemodel.environment:762: Obtained data for all elements.
19:40:12 DEBUG   opendrift.models.basemodel.environment:775: ---------------------------------------
19:40:12 DEBUG   opendrift.models.basemodel.environment:776: Finished processing all variable groups
19:40:12 DEBUG   opendrift.models.basemodel.environment:812:       Using fallback value 0 for x_sea_water_velocity for 0 profiles
19:40:12 DEBUG   opendrift.models.basemodel.environment:812:       Using fallback value 0 for y_sea_water_velocity for 0 profiles
19:40:12 DEBUG   opendrift.models.basemodel.environment:812:       Using fallback value 2 for sea_water_temperature for 0 profiles
19:40:12 DEBUG   opendrift.models.basemodel.environment:801:       Using fallback value 35 for sea_water_salinity for all profiles
19:40:12 DEBUG   opendrift.models.basemodel.environment:898: ------------ SUMMARY -------------
19:40:12 DEBUG   opendrift.models.basemodel.environment:900:     x_sea_water_velocity: 0.00544065 (min) 0.0158033 (max)
19:40:12 DEBUG   opendrift.models.basemodel.environment:900:     y_sea_water_velocity: 0.0557432 (min) 0.141735 (max)
19:40:12 DEBUG   opendrift.models.basemodel.environment:900:     sea_floor_depth_below_sea_level: 42.0552 (min) 63.5334 (max)
19:40:12 DEBUG   opendrift.models.basemodel.environment:900:     sea_surface_height: -0.433905 (min) -0.40912 (max)
19:40:12 DEBUG   opendrift.models.basemodel.environment:900:     sea_surface_x_slope: 0 (min) 0 (max)
19:40:12 DEBUG   opendrift.models.basemodel.environment:900:     sea_surface_y_slope: 0 (min) 0 (max)
19:40:12 DEBUG   opendrift.models.basemodel.environment:900:     x_wind: -5.53434 (min) -5.43299 (max)
19:40:12 DEBUG   opendrift.models.basemodel.environment:900:     y_wind: 7.36827 (min) 7.6253 (max)
19:40:12 DEBUG   opendrift.models.basemodel.environment:900:     horizontal_diffusivity: 0 (min) 0 (max)
19:40:12 DEBUG   opendrift.models.basemodel.environment:900:     sea_surface_wave_significant_height: 0 (min) 0 (max)
19:40:12 DEBUG   opendrift.models.basemodel.environment:900:     sea_surface_wave_from_direction: 0 (min) 0 (max)
19:40:12 DEBUG   opendrift.models.basemodel.environment:900:     sea_surface_wave_stokes_drift_x_velocity: 0 (min) 0 (max)
19:40:12 DEBUG   opendrift.models.basemodel.environment:900:     sea_surface_wave_stokes_drift_y_velocity: 0 (min) 0 (max)
19:40:12 DEBUG   opendrift.models.basemodel.environment:900:     sea_water_temperature: 2.10521 (min) 2.66076 (max)
19:40:12 DEBUG   opendrift.models.basemodel.environment:900:     sea_water_salinity: 35 (min) 35 (max)
19:40:12 DEBUG   opendrift.models.basemodel.environment:900:     sea_ice_area_fraction: 0 (min) 0 (max)
19:40:12 DEBUG   opendrift.models.basemodel.environment:900:     sea_ice_thickness: 0 (min) 0 (max)
19:40:12 DEBUG   opendrift.models.basemodel.environment:900:     sea_ice_x_velocity: 0 (min) 0 (max)
19:40:12 DEBUG   opendrift.models.basemodel.environment:900:     sea_ice_y_velocity: 0 (min) 0 (max)
19:40:12 DEBUG   opendrift.models.basemodel.environment:900:     land_binary_mask: 0 (min) 0 (max)
19:40:12 DEBUG   opendrift.models.basemodel.environment:902: ---------------------------------
19:40:12 DEBUG   opendrift.models.physics_methods:823: Calculating Hs from wind, min: 2.066808, mean: 2.117261, max: 2.173495
19:40:12 WARNING opendrift.models.physics_methods:832: Setting wave direction equal to wind direction, min: -36.910393, mean: -36.236679, max: -35.763264
19:40:12 DEBUG   opendrift:689: No elements hit coastline.
19:40:12 DEBUG   opendrift:760: No elements hit seafloor.
19:40:12 DEBUG   opendrift:1732: No elements to deactivate
19:40:12 DEBUG   opendrift:2193: Calling OpenBerg.update()
19:40:12 DEBUG   opendrift.models.openberg:507: Advection with surface currents
19:40:12 DEBUG   opendrift.models.openberg:569: Grounding condition: Icebergs grounded = 9
19:40:12 DEBUG   opendrift:1680: Horizontal diffusivity is 0, no random walk.
19:40:12 DEBUG   opendrift:904: to be seeded: 250, already seeded 10
19:40:12 DEBUG   opendrift:926: Released 0 new elements.
19:40:12 DEBUG   opendrift:2135: ======================================================================
19:40:12 INFO    opendrift:2136: 2025-09-24 04:00:00 - step 5 of 1872 - 10 active elements (0 deactivated)
19:40:12 DEBUG   opendrift:2142: 250 elements scheduled.
19:40:12 DEBUG   opendrift:2144: ======================================================================
19:40:12 DEBUG   opendrift:2155: 		74.99825286865234 <- latitude -> 75.03496021118859
19:40:12 DEBUG   opendrift:2155: 		-58.211177825927734 <- longitude -> -58.09977340698242
19:40:12 DEBUG   opendrift:2153: 		z = 0.0
19:40:12 DEBUG   opendrift:2156: ---------------------------------
19:40:12 DEBUG   opendrift.models.basemodel.environment:599: ----------------------------------------
19:40:12 DEBUG   opendrift.models.basemodel.environment:600: Variable group ['sea_floor_depth_below_sea_level', 'sea_water_temperature', 'x_sea_water_velocity', 'y_sea_water_velocity', 'sea_surface_height', 'sea_ice_thickness', 'sea_ice_area_fraction', 'sea_ice_x_velocity', 'sea_ice_y_velocity']
19:40:12 DEBUG   opendrift.models.basemodel.environment:601: ----------------------------------------
19:40:12 DEBUG   opendrift.models.basemodel.environment:605: Calling reader Ensemble reader
19:40:12 DEBUG   opendrift.models.basemodel.environment:606: ----------------------------------------
19:40:12 DEBUG   opendrift.models.basemodel.environment:626: Data needed for 10 elements
19:40:12 DEBUG   opendrift.readers.basereader.variables:761: Fetching variables from Ensemble reader covering 10 elements
19:40:12 DEBUG   opendrift.readers.basereader.structured:220: Reader time:
		2025-09-23 12:00:00 (before)
		2025-09-24 12:00:00 (after)
19:40:12 DEBUG   opendrift.readers.basereader.structured:334: Interpolating before (2025-09-23 12:00:00) in space  (linearNDFast)
19:40:12 DEBUG   opendrift.readers.interpolation.structured:97: Initialising interpolator.
19:40:12 DEBUG   opendrift.readers.interpolation.structured:122: Interpolating 10 ensembles for sea_floor_depth_below_sea_level
19:40:12 DEBUG   opendrift.readers.interpolation.structured:122: Interpolating 10 ensembles for sea_water_temperature
19:40:12 DEBUG   opendrift.readers.interpolation.interpolators:115: Converting masked array to numpy array for interpolation
19:40:12 DEBUG   opendrift.readers.interpolation.interpolators:115: Converting masked array to numpy array for interpolation
19:40:12 DEBUG   opendrift.readers.interpolation.interpolators:115: Converting masked array to numpy array for interpolation
19:40:12 DEBUG   opendrift.readers.interpolation.interpolators:115: Converting masked array to numpy array for interpolation
19:40:12 DEBUG   opendrift.readers.interpolation.interpolators:115: Converting masked array to numpy array for interpolation
19:40:12 DEBUG   opendrift.readers.interpolation.interpolators:115: Converting masked array to numpy array for interpolation
19:40:12 DEBUG   opendrift.readers.interpolation.interpolators:115: Converting masked array to numpy array for interpolation
19:40:12 DEBUG   opendrift.readers.interpolation.interpolators:115: Converting masked array to numpy array for interpolation
19:40:12 DEBUG   opendrift.readers.interpolation.interpolators:115: Converting masked array to numpy array for interpolation
19:40:12 DEBUG   opendrift.readers.interpolation.interpolators:115: Converting masked array to numpy array for interpolation
19:40:12 DEBUG   opendrift.readers.interpolation.interpolators:115: Converting masked array to numpy array for interpolation
19:40:12 DEBUG   opendrift.readers.interpolation.interpolators:115: Converting masked array to numpy array for interpolation
19:40:12 DEBUG   opendrift.readers.interpolation.interpolators:115: Converting masked array to numpy array for interpolation
19:40:12 DEBUG   opendrift.readers.interpolation.interpolators:115: Converting masked array to numpy array for interpolation
19:40:12 DEBUG   opendrift.readers.interpolation.interpolators:115: Converting masked array to numpy array for interpolation
19:40:12 DEBUG   opendrift.readers.interpolation.interpolators:115: Converting masked array to numpy array for interpolation
19:40:12 DEBUG   opendrift.readers.interpolation.interpolators:115: Converting masked array to numpy array for interpolation
19:40:12 DEBUG   opendrift.readers.interpolation.interpolators:115: Converting masked array to numpy array for interpolation
19:40:12 DEBUG   opendrift.readers.interpolation.interpolators:115: Converting masked array to numpy array for interpolation
19:40:12 DEBUG   opendrift.readers.interpolation.interpolators:115: Converting masked array to numpy array for interpolation
19:40:12 DEBUG   opendrift.readers.interpolation.structured:122: Interpolating 10 ensembles for x_sea_water_velocity
19:40:12 DEBUG   opendrift.readers.interpolation.structured:122: Interpolating 10 ensembles for y_sea_water_velocity
19:40:12 DEBUG   opendrift.readers.interpolation.structured:122: Interpolating 10 ensembles for sea_surface_height
19:40:12 DEBUG   opendrift.readers.interpolation.interpolators:115: Converting masked array to numpy array for interpolation
19:40:12 DEBUG   opendrift.readers.interpolation.interpolators:115: Converting masked array to numpy array for interpolation
19:40:12 DEBUG   opendrift.readers.interpolation.interpolators:115: Converting masked array to numpy array for interpolation
19:40:12 DEBUG   opendrift.readers.interpolation.interpolators:115: Converting masked array to numpy array for interpolation
19:40:12 DEBUG   opendrift.readers.interpolation.interpolators:115: Converting masked array to numpy array for interpolation
19:40:12 DEBUG   opendrift.readers.interpolation.interpolators:115: Converting masked array to numpy array for interpolation
19:40:12 DEBUG   opendrift.readers.interpolation.interpolators:115: Converting masked array to numpy array for interpolation
19:40:12 DEBUG   opendrift.readers.interpolation.interpolators:115: Converting masked array to numpy array for interpolation
19:40:12 DEBUG   opendrift.readers.interpolation.interpolators:115: Converting masked array to numpy array for interpolation
19:40:12 DEBUG   opendrift.readers.interpolation.interpolators:115: Converting masked array to numpy array for interpolation
19:40:12 DEBUG   opendrift.readers.interpolation.structured:122: Interpolating 10 ensembles for sea_ice_thickness
19:40:12 DEBUG   opendrift.readers.interpolation.interpolators:115: Converting masked array to numpy array for interpolation
19:40:12 DEBUG   opendrift.readers.interpolation.interpolators:115: Converting masked array to numpy array for interpolation
19:40:12 DEBUG   opendrift.readers.interpolation.interpolators:115: Converting masked array to numpy array for interpolation
19:40:12 DEBUG   opendrift.readers.interpolation.interpolators:115: Converting masked array to numpy array for interpolation
19:40:12 DEBUG   opendrift.readers.interpolation.interpolators:115: Converting masked array to numpy array for interpolation
19:40:12 DEBUG   opendrift.readers.interpolation.interpolators:115: Converting masked array to numpy array for interpolation
19:40:12 DEBUG   opendrift.readers.interpolation.interpolators:115: Converting masked array to numpy array for interpolation
19:40:12 DEBUG   opendrift.readers.interpolation.interpolators:115: Converting masked array to numpy array for interpolation
19:40:12 DEBUG   opendrift.readers.interpolation.interpolators:115: Converting masked array to numpy array for interpolation
19:40:12 DEBUG   opendrift.readers.interpolation.interpolators:115: Converting masked array to numpy array for interpolation
19:40:12 DEBUG   opendrift.readers.interpolation.structured:122: Interpolating 10 ensembles for sea_ice_area_fraction
19:40:12 DEBUG   opendrift.readers.interpolation.interpolators:115: Converting masked array to numpy array for interpolation
19:40:12 DEBUG   opendrift.readers.interpolation.interpolators:115: Converting masked array to numpy array for interpolation
19:40:12 DEBUG   opendrift.readers.interpolation.interpolators:115: Converting masked array to numpy array for interpolation
19:40:12 DEBUG   opendrift.readers.interpolation.interpolators:115: Converting masked array to numpy array for interpolation
19:40:12 DEBUG   opendrift.readers.interpolation.interpolators:115: Converting masked array to numpy array for interpolation
19:40:12 DEBUG   opendrift.readers.interpolation.interpolators:115: Converting masked array to numpy array for interpolation
19:40:12 DEBUG   opendrift.readers.interpolation.interpolators:115: Converting masked array to numpy array for interpolation
19:40:12 DEBUG   opendrift.readers.interpolation.interpolators:115: Converting masked array to numpy array for interpolation
19:40:12 DEBUG   opendrift.readers.interpolation.interpolators:115: Converting masked array to numpy array for interpolation
19:40:12 DEBUG   opendrift.readers.interpolation.interpolators:115: Converting masked array to numpy array for interpolation
19:40:12 DEBUG   opendrift.readers.interpolation.structured:122: Interpolating 10 ensembles for sea_ice_x_velocity
19:40:12 DEBUG   opendrift.readers.interpolation.interpolators:115: Converting masked array to numpy array for interpolation
19:40:12 DEBUG   opendrift.readers.interpolation.interpolators:115: Converting masked array to numpy array for interpolation
19:40:12 DEBUG   opendrift.readers.interpolation.interpolators:115: Converting masked array to numpy array for interpolation
19:40:12 DEBUG   opendrift.readers.interpolation.interpolators:115: Converting masked array to numpy array for interpolation
19:40:12 DEBUG   opendrift.readers.interpolation.interpolators:115: Converting masked array to numpy array for interpolation
19:40:12 DEBUG   opendrift.readers.interpolation.interpolators:115: Converting masked array to numpy array for interpolation
19:40:12 DEBUG   opendrift.readers.interpolation.interpolators:115: Converting masked array to numpy array for interpolation
19:40:12 DEBUG   opendrift.readers.interpolation.interpolators:115: Converting masked array to numpy array for interpolation
19:40:12 DEBUG   opendrift.readers.interpolation.interpolators:115: Converting masked array to numpy array for interpolation
19:40:12 DEBUG   opendrift.readers.interpolation.interpolators:115: Converting masked array to numpy array for interpolation
19:40:12 DEBUG   opendrift.readers.interpolation.structured:122: Interpolating 10 ensembles for sea_ice_y_velocity
19:40:12 DEBUG   opendrift.readers.interpolation.interpolators:115: Converting masked array to numpy array for interpolation
19:40:12 DEBUG   opendrift.readers.interpolation.interpolators:115: Converting masked array to numpy array for interpolation
19:40:12 DEBUG   opendrift.readers.interpolation.interpolators:115: Converting masked array to numpy array for interpolation
19:40:12 DEBUG   opendrift.readers.interpolation.interpolators:115: Converting masked array to numpy array for interpolation
19:40:12 DEBUG   opendrift.readers.interpolation.interpolators:115: Converting masked array to numpy array for interpolation
19:40:12 DEBUG   opendrift.readers.interpolation.interpolators:115: Converting masked array to numpy array for interpolation
19:40:12 DEBUG   opendrift.readers.interpolation.interpolators:115: Converting masked array to numpy array for interpolation
19:40:12 DEBUG   opendrift.readers.interpolation.interpolators:115: Converting masked array to numpy array for interpolation
19:40:12 DEBUG   opendrift.readers.interpolation.interpolators:115: Converting masked array to numpy array for interpolation
19:40:12 DEBUG   opendrift.readers.interpolation.interpolators:115: Converting masked array to numpy array for interpolation
19:40:12 DEBUG   opendrift.readers.basereader.structured:340: Interpolating after (2025-09-24 12:00:00) in space  (linearNDFast)
19:40:12 DEBUG   opendrift.readers.interpolation.structured:97: Initialising interpolator.
19:40:12 DEBUG   opendrift.readers.interpolation.structured:122: Interpolating 10 ensembles for sea_floor_depth_below_sea_level
19:40:12 DEBUG   opendrift.readers.interpolation.structured:122: Interpolating 10 ensembles for sea_water_temperature
19:40:12 DEBUG   opendrift.readers.interpolation.interpolators:115: Converting masked array to numpy array for interpolation
19:40:12 DEBUG   opendrift.readers.interpolation.interpolators:115: Converting masked array to numpy array for interpolation
19:40:12 DEBUG   opendrift.readers.interpolation.interpolators:115: Converting masked array to numpy array for interpolation
19:40:12 DEBUG   opendrift.readers.interpolation.interpolators:115: Converting masked array to numpy array for interpolation
19:40:12 DEBUG   opendrift.readers.interpolation.interpolators:115: Converting masked array to numpy array for interpolation
19:40:12 DEBUG   opendrift.readers.interpolation.interpolators:115: Converting masked array to numpy array for interpolation
19:40:12 DEBUG   opendrift.readers.interpolation.interpolators:115: Converting masked array to numpy array for interpolation
19:40:12 DEBUG   opendrift.readers.interpolation.interpolators:115: Converting masked array to numpy array for interpolation
19:40:12 DEBUG   opendrift.readers.interpolation.interpolators:115: Converting masked array to numpy array for interpolation
19:40:12 DEBUG   opendrift.readers.interpolation.interpolators:115: Converting masked array to numpy array for interpolation
19:40:12 DEBUG   opendrift.readers.interpolation.interpolators:115: Converting masked array to numpy array for interpolation
19:40:12 DEBUG   opendrift.readers.interpolation.interpolators:115: Converting masked array to numpy array for interpolation
19:40:12 DEBUG   opendrift.readers.interpolation.interpolators:115: Converting masked array to numpy array for interpolation
19:40:12 DEBUG   opendrift.readers.interpolation.interpolators:115: Converting masked array to numpy array for interpolation
19:40:12 DEBUG   opendrift.readers.interpolation.interpolators:115: Converting masked array to numpy array for interpolation
19:40:12 DEBUG   opendrift.readers.interpolation.interpolators:115: Converting masked array to numpy array for interpolation
19:40:12 DEBUG   opendrift.readers.interpolation.interpolators:115: Converting masked array to numpy array for interpolation
19:40:12 DEBUG   opendrift.readers.interpolation.interpolators:115: Converting masked array to numpy array for interpolation
19:40:12 DEBUG   opendrift.readers.interpolation.interpolators:115: Converting masked array to numpy array for interpolation
19:40:12 DEBUG   opendrift.readers.interpolation.interpolators:115: Converting masked array to numpy array for interpolation
19:40:12 DEBUG   opendrift.readers.interpolation.structured:122: Interpolating 10 ensembles for x_sea_water_velocity
19:40:12 DEBUG   opendrift.readers.interpolation.structured:122: Interpolating 10 ensembles for y_sea_water_velocity
19:40:12 DEBUG   opendrift.readers.interpolation.structured:122: Interpolating 10 ensembles for sea_surface_height
19:40:12 DEBUG   opendrift.readers.interpolation.interpolators:115: Converting masked array to numpy array for interpolation
19:40:12 DEBUG   opendrift.readers.interpolation.interpolators:115: Converting masked array to numpy array for interpolation
19:40:12 DEBUG   opendrift.readers.interpolation.interpolators:115: Converting masked array to numpy array for interpolation
19:40:12 DEBUG   opendrift.readers.interpolation.interpolators:115: Converting masked array to numpy array for interpolation
19:40:12 DEBUG   opendrift.readers.interpolation.interpolators:115: Converting masked array to numpy array for interpolation
19:40:12 DEBUG   opendrift.readers.interpolation.interpolators:115: Converting masked array to numpy array for interpolation
19:40:12 DEBUG   opendrift.readers.interpolation.interpolators:115: Converting masked array to numpy array for interpolation
19:40:12 DEBUG   opendrift.readers.interpolation.interpolators:115: Converting masked array to numpy array for interpolation
19:40:12 DEBUG   opendrift.readers.interpolation.interpolators:115: Converting masked array to numpy array for interpolation
19:40:12 DEBUG   opendrift.readers.interpolation.interpolators:115: Converting masked array to numpy array for interpolation
19:40:12 DEBUG   opendrift.readers.interpolation.structured:122: Interpolating 10 ensembles for sea_ice_thickness
19:40:12 DEBUG   opendrift.readers.interpolation.interpolators:115: Converting masked array to numpy array for interpolation
19:40:12 DEBUG   opendrift.readers.interpolation.interpolators:115: Converting masked array to numpy array for interpolation
19:40:12 DEBUG   opendrift.readers.interpolation.interpolators:115: Converting masked array to numpy array for interpolation
19:40:12 DEBUG   opendrift.readers.interpolation.interpolators:115: Converting masked array to numpy array for interpolation
19:40:12 DEBUG   opendrift.readers.interpolation.interpolators:115: Converting masked array to numpy array for interpolation
19:40:12 DEBUG   opendrift.readers.interpolation.interpolators:115: Converting masked array to numpy array for interpolation
19:40:12 DEBUG   opendrift.readers.interpolation.interpolators:115: Converting masked array to numpy array for interpolation
19:40:12 DEBUG   opendrift.readers.interpolation.interpolators:115: Converting masked array to numpy array for interpolation
19:40:12 DEBUG   opendrift.readers.interpolation.interpolators:115: Converting masked array to numpy array for interpolation
19:40:12 DEBUG   opendrift.readers.interpolation.interpolators:115: Converting masked array to numpy array for interpolation
19:40:12 DEBUG   opendrift.readers.interpolation.structured:122: Interpolating 10 ensembles for sea_ice_area_fraction
19:40:12 DEBUG   opendrift.readers.interpolation.interpolators:115: Converting masked array to numpy array for interpolation
19:40:12 DEBUG   opendrift.readers.interpolation.interpolators:115: Converting masked array to numpy array for interpolation
19:40:12 DEBUG   opendrift.readers.interpolation.interpolators:115: Converting masked array to numpy array for interpolation
19:40:12 DEBUG   opendrift.readers.interpolation.interpolators:115: Converting masked array to numpy array for interpolation
19:40:12 DEBUG   opendrift.readers.interpolation.interpolators:115: Converting masked array to numpy array for interpolation
19:40:12 DEBUG   opendrift.readers.interpolation.interpolators:115: Converting masked array to numpy array for interpolation
19:40:12 DEBUG   opendrift.readers.interpolation.interpolators:115: Converting masked array to numpy array for interpolation
19:40:12 DEBUG   opendrift.readers.interpolation.interpolators:115: Converting masked array to numpy array for interpolation
19:40:12 DEBUG   opendrift.readers.interpolation.interpolators:115: Converting masked array to numpy array for interpolation
19:40:12 DEBUG   opendrift.readers.interpolation.interpolators:115: Converting masked array to numpy array for interpolation
19:40:12 DEBUG   opendrift.readers.interpolation.structured:122: Interpolating 10 ensembles for sea_ice_x_velocity
19:40:12 DEBUG   opendrift.readers.interpolation.interpolators:115: Converting masked array to numpy array for interpolation
19:40:12 DEBUG   opendrift.readers.interpolation.interpolators:115: Converting masked array to numpy array for interpolation
19:40:12 DEBUG   opendrift.readers.interpolation.interpolators:115: Converting masked array to numpy array for interpolation
19:40:12 DEBUG   opendrift.readers.interpolation.interpolators:115: Converting masked array to numpy array for interpolation
19:40:12 DEBUG   opendrift.readers.interpolation.interpolators:115: Converting masked array to numpy array for interpolation
19:40:12 DEBUG   opendrift.readers.interpolation.interpolators:115: Converting masked array to numpy array for interpolation
19:40:12 DEBUG   opendrift.readers.interpolation.interpolators:115: Converting masked array to numpy array for interpolation
19:40:12 DEBUG   opendrift.readers.interpolation.interpolators:115: Converting masked array to numpy array for interpolation
19:40:12 DEBUG   opendrift.readers.interpolation.interpolators:115: Converting masked array to numpy array for interpolation
19:40:12 DEBUG   opendrift.readers.interpolation.interpolators:115: Converting masked array to numpy array for interpolation
19:40:12 DEBUG   opendrift.readers.interpolation.structured:122: Interpolating 10 ensembles for sea_ice_y_velocity
19:40:12 DEBUG   opendrift.readers.interpolation.interpolators:115: Converting masked array to numpy array for interpolation
19:40:12 DEBUG   opendrift.readers.interpolation.interpolators:115: Converting masked array to numpy array for interpolation
19:40:12 DEBUG   opendrift.readers.interpolation.interpolators:115: Converting masked array to numpy array for interpolation
19:40:12 DEBUG   opendrift.readers.interpolation.interpolators:115: Converting masked array to numpy array for interpolation
19:40:12 DEBUG   opendrift.readers.interpolation.interpolators:115: Converting masked array to numpy array for interpolation
19:40:12 DEBUG   opendrift.readers.interpolation.interpolators:115: Converting masked array to numpy array for interpolation
19:40:12 DEBUG   opendrift.readers.interpolation.interpolators:115: Converting masked array to numpy array for interpolation
19:40:12 DEBUG   opendrift.readers.interpolation.interpolators:115: Converting masked array to numpy array for interpolation
19:40:12 DEBUG   opendrift.readers.interpolation.interpolators:115: Converting masked array to numpy array for interpolation
19:40:12 DEBUG   opendrift.readers.interpolation.interpolators:115: Converting masked array to numpy array for interpolation
19:40:12 DEBUG   opendrift.readers.basereader.structured:355: Interpolating before (2025-09-23 12:00:00, weight 0.33) and
		      after (2025-09-24 12:00:00, weight 0.67) in time
19:40:12 DEBUG   opendrift.readers.basereader.structured:368: Interpolating profiles in time
19:40:12 DEBUG   opendrift.readers.basereader.variables:100: Rotating vectors between -13.216927497249685 and -13.10547946101443 degrees.
19:40:12 DEBUG   opendrift.readers.basereader.variables:100: Rotating vectors between -13.216927497249685 and -13.10547946101443 degrees.
19:40:12 DEBUG   opendrift.readers.basereader.variables:100: Rotating vectors between -13.216927497249685 and -13.10547946101443 degrees.
19:40:12 DEBUG   opendrift.models.basemodel.environment:762: Obtained data for all elements.
19:40:12 DEBUG   opendrift.models.basemodel.environment:599: ----------------------------------------
19:40:12 DEBUG   opendrift.models.basemodel.environment:600: Variable group ['land_binary_mask']
19:40:12 DEBUG   opendrift.models.basemodel.environment:601: ----------------------------------------
19:40:12 DEBUG   opendrift.models.basemodel.environment:605: Calling reader global_landmask
19:40:12 DEBUG   opendrift.models.basemodel.environment:606: ----------------------------------------
19:40:12 DEBUG   opendrift.models.basemodel.environment:626: Data needed for 10 elements
19:40:12 DEBUG   opendrift.readers.basereader.variables:761: Fetching variables from global_landmask covering 10 elements
19:40:12 DEBUG   opendrift.readers.basereader.continuous:37: Fetched env-before
19:40:12 DEBUG   opendrift.readers.basereader.variables:639: Checking land_binary_mask for invalid values
19:40:12 DEBUG   opendrift.readers.basereader.variables:797: Reader projection is latlon - rotation of vectors is not needed.
19:40:12 DEBUG   opendrift.models.basemodel.environment:762: Obtained data for all elements.
19:40:12 DEBUG   opendrift.models.basemodel.environment:599: ----------------------------------------
19:40:12 DEBUG   opendrift.models.basemodel.environment:600: Variable group ['x_wind', 'y_wind']
19:40:12 DEBUG   opendrift.models.basemodel.environment:601: ----------------------------------------
19:40:12 DEBUG   opendrift.models.basemodel.environment:605: Calling reader cmems_obs-wind_glo_phy_nrt_l4_0.125deg_PT1H
19:40:12 DEBUG   opendrift.models.basemodel.environment:606: ----------------------------------------
19:40:12 DEBUG   opendrift.models.basemodel.environment:626: Data needed for 10 elements
19:40:12 DEBUG   opendrift.readers.basereader.variables:761: Fetching variables from cmems_obs-wind_glo_phy_nrt_l4_0.125deg_PT1H covering 10 elements
19:40:12 DEBUG   opendrift.readers.basereader.structured:208: Shifting coordinates to -180-180
19:40:12 DEBUG   opendrift.readers.basereader.structured:220: Reader time:
		2025-09-24 04:00:00 (before)
		2025-09-24 05:00:00 (after)
19:40:12 DEBUG   opendrift.readers.reader_netCDF_CF_generic:470: Using eastward_wind to retrieve x_wind
19:40:13 DEBUG   opendrift.readers.reader_netCDF_CF_generic:470: Using northward_wind to retrieve y_wind
19:40:13 DEBUG   opendrift.readers.reader_netCDF_CF_generic:592: North is up, no rotation necessary
19:40:13 DEBUG   opendrift.readers.basereader.variables:639: Checking x_wind for invalid values
19:40:13 DEBUG   opendrift.readers.basereader.variables:639: Checking y_wind for invalid values
19:40:13 DEBUG   opendrift.readers.basereader.structured:290: Fetched env-block (size 8x6x1) for time before (2025-09-24 04:00:00)
19:40:13 DEBUG   opendrift.readers.basereader.structured:334: Interpolating before (2025-09-24 04:00:00) in space  (linearNDFast)
19:40:13 DEBUG   opendrift.readers.interpolation.structured:97: Initialising interpolator.
19:40:13 DEBUG   opendrift.readers.basereader.structured:388: No time interpolation needed - right on time.
19:40:13 DEBUG   opendrift.readers.basereader.variables:797: Reader projection is latlon - rotation of vectors is not needed.
19:40:13 DEBUG   opendrift.models.basemodel.environment:762: Obtained data for all elements.
19:40:13 DEBUG   opendrift.models.basemodel.environment:775: ---------------------------------------
19:40:13 DEBUG   opendrift.models.basemodel.environment:776: Finished processing all variable groups
19:40:13 DEBUG   opendrift.models.basemodel.environment:812:       Using fallback value 0 for x_sea_water_velocity for 0 profiles
19:40:13 DEBUG   opendrift.models.basemodel.environment:812:       Using fallback value 0 for y_sea_water_velocity for 0 profiles
19:40:13 DEBUG   opendrift.models.basemodel.environment:812:       Using fallback value 2 for sea_water_temperature for 0 profiles
19:40:13 DEBUG   opendrift.models.basemodel.environment:801:       Using fallback value 35 for sea_water_salinity for all profiles
19:40:13 DEBUG   opendrift.models.basemodel.environment:898: ------------ SUMMARY -------------
19:40:13 DEBUG   opendrift.models.basemodel.environment:900:     x_sea_water_velocity: 0.00492799 (min) 0.0163996 (max)
19:40:13 DEBUG   opendrift.models.basemodel.environment:900:     y_sea_water_velocity: 0.0626013 (min) 0.153809 (max)
19:40:13 DEBUG   opendrift.models.basemodel.environment:900:     sea_floor_depth_below_sea_level: 38.7745 (min) 63.5334 (max)
19:40:13 DEBUG   opendrift.models.basemodel.environment:900:     sea_surface_height: -0.431439 (min) -0.405477 (max)
19:40:13 DEBUG   opendrift.models.basemodel.environment:900:     sea_surface_x_slope: 0 (min) 0 (max)
19:40:13 DEBUG   opendrift.models.basemodel.environment:900:     sea_surface_y_slope: 0 (min) 0 (max)
19:40:13 DEBUG   opendrift.models.basemodel.environment:900:     x_wind: -5.90948 (min) -5.81189 (max)
19:40:13 DEBUG   opendrift.models.basemodel.environment:900:     y_wind: 7.96428 (min) 8.2858 (max)
19:40:13 DEBUG   opendrift.models.basemodel.environment:900:     horizontal_diffusivity: 0 (min) 0 (max)
19:40:13 DEBUG   opendrift.models.basemodel.environment:900:     sea_surface_wave_significant_height: 0 (min) 0 (max)
19:40:13 DEBUG   opendrift.models.basemodel.environment:900:     sea_surface_wave_from_direction: 0 (min) 0 (max)
19:40:13 DEBUG   opendrift.models.basemodel.environment:900:     sea_surface_wave_stokes_drift_x_velocity: 0 (min) 0 (max)
19:40:13 DEBUG   opendrift.models.basemodel.environment:900:     sea_surface_wave_stokes_drift_y_velocity: 0 (min) 0 (max)
19:40:13 DEBUG   opendrift.models.basemodel.environment:900:     sea_water_temperature: 2.10202 (min) 2.65609 (max)
19:40:13 DEBUG   opendrift.models.basemodel.environment:900:     sea_water_salinity: 35 (min) 35 (max)
19:40:13 DEBUG   opendrift.models.basemodel.environment:900:     sea_ice_area_fraction: 0 (min) 0 (max)
19:40:13 DEBUG   opendrift.models.basemodel.environment:900:     sea_ice_thickness: 0 (min) 0 (max)
19:40:13 DEBUG   opendrift.models.basemodel.environment:900:     sea_ice_x_velocity: 0 (min) 0 (max)
19:40:13 DEBUG   opendrift.models.basemodel.environment:900:     sea_ice_y_velocity: 0 (min) 0 (max)
19:40:13 DEBUG   opendrift.models.basemodel.environment:900:     land_binary_mask: 0 (min) 0 (max)
19:40:13 DEBUG   opendrift.models.basemodel.environment:902: ---------------------------------
19:40:13 DEBUG   opendrift.models.physics_methods:823: Calculating Hs from wind, min: 2.413428, mean: 2.473058, max: 2.547982
19:40:13 WARNING opendrift.models.physics_methods:832: Setting wave direction equal to wind direction, min: -36.503063, mean: -35.829521, max: -35.445133
19:40:13 DEBUG   opendrift:689: No elements hit coastline.
19:40:13 DEBUG   opendrift:760: No elements hit seafloor.
19:40:13 DEBUG   opendrift:1732: No elements to deactivate
19:40:13 DEBUG   opendrift:2193: Calling OpenBerg.update()
19:40:13 DEBUG   opendrift.models.openberg:507: Advection with surface currents
19:40:13 DEBUG   opendrift.models.openberg:569: Grounding condition: Icebergs grounded = 9
19:40:13 DEBUG   opendrift:1680: Horizontal diffusivity is 0, no random walk.
19:40:13 DEBUG   opendrift:904: to be seeded: 250, already seeded 10
19:40:13 DEBUG   opendrift:926: Released 0 new elements.
19:40:13 DEBUG   opendrift:2135: ======================================================================
19:40:13 INFO    opendrift:2136: 2025-09-24 05:00:00 - step 6 of 1872 - 10 active elements (0 deactivated)
19:40:13 DEBUG   opendrift:2142: 250 elements scheduled.
19:40:13 DEBUG   opendrift:2144: ======================================================================
19:40:13 DEBUG   opendrift:2155: 		74.99825286865234 <- latitude -> 75.04362541885241
19:40:13 DEBUG   opendrift:2155: 		-58.211177825927734 <- longitude -> -58.09977340698242
19:40:13 DEBUG   opendrift:2153: 		z = 0.0
19:40:13 DEBUG   opendrift:2156: ---------------------------------
19:40:13 DEBUG   opendrift.models.basemodel.environment:599: ----------------------------------------
19:40:13 DEBUG   opendrift.models.basemodel.environment:600: Variable group ['sea_floor_depth_below_sea_level', 'sea_water_temperature', 'x_sea_water_velocity', 'y_sea_water_velocity', 'sea_surface_height', 'sea_ice_thickness', 'sea_ice_area_fraction', 'sea_ice_x_velocity', 'sea_ice_y_velocity']
19:40:13 DEBUG   opendrift.models.basemodel.environment:601: ----------------------------------------
19:40:13 DEBUG   opendrift.models.basemodel.environment:605: Calling reader Ensemble reader
19:40:13 DEBUG   opendrift.models.basemodel.environment:606: ----------------------------------------
19:40:13 DEBUG   opendrift.models.basemodel.environment:626: Data needed for 10 elements
19:40:13 DEBUG   opendrift.readers.basereader.variables:761: Fetching variables from Ensemble reader covering 10 elements
19:40:13 DEBUG   opendrift.readers.basereader.structured:220: Reader time:
		2025-09-23 12:00:00 (before)
		2025-09-24 12:00:00 (after)
19:40:13 DEBUG   opendrift.readers.basereader.structured:334: Interpolating before (2025-09-23 12:00:00) in space  (linearNDFast)
19:40:13 DEBUG   opendrift.readers.interpolation.structured:97: Initialising interpolator.
19:40:13 DEBUG   opendrift.readers.interpolation.structured:122: Interpolating 10 ensembles for sea_floor_depth_below_sea_level
19:40:13 DEBUG   opendrift.readers.interpolation.structured:122: Interpolating 10 ensembles for sea_water_temperature
19:40:13 DEBUG   opendrift.readers.interpolation.interpolators:115: Converting masked array to numpy array for interpolation
19:40:13 DEBUG   opendrift.readers.interpolation.interpolators:115: Converting masked array to numpy array for interpolation
19:40:13 DEBUG   opendrift.readers.interpolation.interpolators:115: Converting masked array to numpy array for interpolation
19:40:13 DEBUG   opendrift.readers.interpolation.interpolators:115: Converting masked array to numpy array for interpolation
19:40:13 DEBUG   opendrift.readers.interpolation.interpolators:115: Converting masked array to numpy array for interpolation
19:40:13 DEBUG   opendrift.readers.interpolation.interpolators:115: Converting masked array to numpy array for interpolation
19:40:13 DEBUG   opendrift.readers.interpolation.interpolators:115: Converting masked array to numpy array for interpolation
19:40:13 DEBUG   opendrift.readers.interpolation.interpolators:115: Converting masked array to numpy array for interpolation
19:40:13 DEBUG   opendrift.readers.interpolation.interpolators:115: Converting masked array to numpy array for interpolation
19:40:13 DEBUG   opendrift.readers.interpolation.interpolators:115: Converting masked array to numpy array for interpolation
19:40:13 DEBUG   opendrift.readers.interpolation.interpolators:115: Converting masked array to numpy array for interpolation
19:40:13 DEBUG   opendrift.readers.interpolation.interpolators:115: Converting masked array to numpy array for interpolation
19:40:13 DEBUG   opendrift.readers.interpolation.interpolators:115: Converting masked array to numpy array for interpolation
19:40:13 DEBUG   opendrift.readers.interpolation.interpolators:115: Converting masked array to numpy array for interpolation
19:40:13 DEBUG   opendrift.readers.interpolation.interpolators:115: Converting masked array to numpy array for interpolation
19:40:13 DEBUG   opendrift.readers.interpolation.interpolators:115: Converting masked array to numpy array for interpolation
19:40:13 DEBUG   opendrift.readers.interpolation.interpolators:115: Converting masked array to numpy array for interpolation
19:40:13 DEBUG   opendrift.readers.interpolation.interpolators:115: Converting masked array to numpy array for interpolation
19:40:13 DEBUG   opendrift.readers.interpolation.interpolators:115: Converting masked array to numpy array for interpolation
19:40:13 DEBUG   opendrift.readers.interpolation.interpolators:115: Converting masked array to numpy array for interpolation
19:40:13 DEBUG   opendrift.readers.interpolation.structured:122: Interpolating 10 ensembles for x_sea_water_velocity
19:40:13 DEBUG   opendrift.readers.interpolation.structured:122: Interpolating 10 ensembles for y_sea_water_velocity
19:40:13 DEBUG   opendrift.readers.interpolation.structured:122: Interpolating 10 ensembles for sea_surface_height
19:40:13 DEBUG   opendrift.readers.interpolation.interpolators:115: Converting masked array to numpy array for interpolation
19:40:13 DEBUG   opendrift.readers.interpolation.interpolators:115: Converting masked array to numpy array for interpolation
19:40:13 DEBUG   opendrift.readers.interpolation.interpolators:115: Converting masked array to numpy array for interpolation
19:40:13 DEBUG   opendrift.readers.interpolation.interpolators:115: Converting masked array to numpy array for interpolation
19:40:13 DEBUG   opendrift.readers.interpolation.interpolators:115: Converting masked array to numpy array for interpolation
19:40:13 DEBUG   opendrift.readers.interpolation.interpolators:115: Converting masked array to numpy array for interpolation
19:40:13 DEBUG   opendrift.readers.interpolation.interpolators:115: Converting masked array to numpy array for interpolation
19:40:13 DEBUG   opendrift.readers.interpolation.interpolators:115: Converting masked array to numpy array for interpolation
19:40:13 DEBUG   opendrift.readers.interpolation.interpolators:115: Converting masked array to numpy array for interpolation
19:40:13 DEBUG   opendrift.readers.interpolation.interpolators:115: Converting masked array to numpy array for interpolation
19:40:13 DEBUG   opendrift.readers.interpolation.structured:122: Interpolating 10 ensembles for sea_ice_thickness
19:40:13 DEBUG   opendrift.readers.interpolation.interpolators:115: Converting masked array to numpy array for interpolation
19:40:13 DEBUG   opendrift.readers.interpolation.interpolators:115: Converting masked array to numpy array for interpolation
19:40:13 DEBUG   opendrift.readers.interpolation.interpolators:115: Converting masked array to numpy array for interpolation
19:40:13 DEBUG   opendrift.readers.interpolation.interpolators:115: Converting masked array to numpy array for interpolation
19:40:13 DEBUG   opendrift.readers.interpolation.interpolators:115: Converting masked array to numpy array for interpolation
19:40:13 DEBUG   opendrift.readers.interpolation.interpolators:115: Converting masked array to numpy array for interpolation
19:40:13 DEBUG   opendrift.readers.interpolation.interpolators:115: Converting masked array to numpy array for interpolation
19:40:13 DEBUG   opendrift.readers.interpolation.interpolators:115: Converting masked array to numpy array for interpolation
19:40:13 DEBUG   opendrift.readers.interpolation.interpolators:115: Converting masked array to numpy array for interpolation
19:40:13 DEBUG   opendrift.readers.interpolation.interpolators:115: Converting masked array to numpy array for interpolation
19:40:13 DEBUG   opendrift.readers.interpolation.structured:122: Interpolating 10 ensembles for sea_ice_area_fraction
19:40:13 DEBUG   opendrift.readers.interpolation.interpolators:115: Converting masked array to numpy array for interpolation
19:40:13 DEBUG   opendrift.readers.interpolation.interpolators:115: Converting masked array to numpy array for interpolation
19:40:13 DEBUG   opendrift.readers.interpolation.interpolators:115: Converting masked array to numpy array for interpolation
19:40:13 DEBUG   opendrift.readers.interpolation.interpolators:115: Converting masked array to numpy array for interpolation
19:40:13 DEBUG   opendrift.readers.interpolation.interpolators:115: Converting masked array to numpy array for interpolation
19:40:13 DEBUG   opendrift.readers.interpolation.interpolators:115: Converting masked array to numpy array for interpolation
19:40:13 DEBUG   opendrift.readers.interpolation.interpolators:115: Converting masked array to numpy array for interpolation
19:40:13 DEBUG   opendrift.readers.interpolation.interpolators:115: Converting masked array to numpy array for interpolation
19:40:13 DEBUG   opendrift.readers.interpolation.interpolators:115: Converting masked array to numpy array for interpolation
19:40:13 DEBUG   opendrift.readers.interpolation.interpolators:115: Converting masked array to numpy array for interpolation
19:40:13 DEBUG   opendrift.readers.interpolation.structured:122: Interpolating 10 ensembles for sea_ice_x_velocity
19:40:13 DEBUG   opendrift.readers.interpolation.interpolators:115: Converting masked array to numpy array for interpolation
19:40:13 DEBUG   opendrift.readers.interpolation.interpolators:115: Converting masked array to numpy array for interpolation
19:40:13 DEBUG   opendrift.readers.interpolation.interpolators:115: Converting masked array to numpy array for interpolation
19:40:13 DEBUG   opendrift.readers.interpolation.interpolators:115: Converting masked array to numpy array for interpolation
19:40:13 DEBUG   opendrift.readers.interpolation.interpolators:115: Converting masked array to numpy array for interpolation
19:40:13 DEBUG   opendrift.readers.interpolation.interpolators:115: Converting masked array to numpy array for interpolation
19:40:13 DEBUG   opendrift.readers.interpolation.interpolators:115: Converting masked array to numpy array for interpolation
19:40:13 DEBUG   opendrift.readers.interpolation.interpolators:115: Converting masked array to numpy array for interpolation
19:40:13 DEBUG   opendrift.readers.interpolation.interpolators:115: Converting masked array to numpy array for interpolation
19:40:13 DEBUG   opendrift.readers.interpolation.interpolators:115: Converting masked array to numpy array for interpolation
19:40:13 DEBUG   opendrift.readers.interpolation.structured:122: Interpolating 10 ensembles for sea_ice_y_velocity
19:40:13 DEBUG   opendrift.readers.interpolation.interpolators:115: Converting masked array to numpy array for interpolation
19:40:13 DEBUG   opendrift.readers.interpolation.interpolators:115: Converting masked array to numpy array for interpolation
19:40:13 DEBUG   opendrift.readers.interpolation.interpolators:115: Converting masked array to numpy array for interpolation
19:40:13 DEBUG   opendrift.readers.interpolation.interpolators:115: Converting masked array to numpy array for interpolation
19:40:13 DEBUG   opendrift.readers.interpolation.interpolators:115: Converting masked array to numpy array for interpolation
19:40:13 DEBUG   opendrift.readers.interpolation.interpolators:115: Converting masked array to numpy array for interpolation
19:40:13 DEBUG   opendrift.readers.interpolation.interpolators:115: Converting masked array to numpy array for interpolation
19:40:13 DEBUG   opendrift.readers.interpolation.interpolators:115: Converting masked array to numpy array for interpolation
19:40:13 DEBUG   opendrift.readers.interpolation.interpolators:115: Converting masked array to numpy array for interpolation
19:40:13 DEBUG   opendrift.readers.interpolation.interpolators:115: Converting masked array to numpy array for interpolation
19:40:13 DEBUG   opendrift.readers.basereader.structured:340: Interpolating after (2025-09-24 12:00:00) in space  (linearNDFast)
19:40:13 DEBUG   opendrift.readers.interpolation.structured:97: Initialising interpolator.
19:40:13 DEBUG   opendrift.readers.interpolation.structured:122: Interpolating 10 ensembles for sea_floor_depth_below_sea_level
19:40:13 DEBUG   opendrift.readers.interpolation.structured:122: Interpolating 10 ensembles for sea_water_temperature
19:40:13 DEBUG   opendrift.readers.interpolation.interpolators:115: Converting masked array to numpy array for interpolation
19:40:13 DEBUG   opendrift.readers.interpolation.interpolators:115: Converting masked array to numpy array for interpolation
19:40:13 DEBUG   opendrift.readers.interpolation.interpolators:115: Converting masked array to numpy array for interpolation
19:40:13 DEBUG   opendrift.readers.interpolation.interpolators:115: Converting masked array to numpy array for interpolation
19:40:13 DEBUG   opendrift.readers.interpolation.interpolators:115: Converting masked array to numpy array for interpolation
19:40:13 DEBUG   opendrift.readers.interpolation.interpolators:115: Converting masked array to numpy array for interpolation
19:40:13 DEBUG   opendrift.readers.interpolation.interpolators:115: Converting masked array to numpy array for interpolation
19:40:13 DEBUG   opendrift.readers.interpolation.interpolators:115: Converting masked array to numpy array for interpolation
19:40:13 DEBUG   opendrift.readers.interpolation.interpolators:115: Converting masked array to numpy array for interpolation
19:40:13 DEBUG   opendrift.readers.interpolation.interpolators:115: Converting masked array to numpy array for interpolation
19:40:13 DEBUG   opendrift.readers.interpolation.interpolators:115: Converting masked array to numpy array for interpolation
19:40:13 DEBUG   opendrift.readers.interpolation.interpolators:115: Converting masked array to numpy array for interpolation
19:40:13 DEBUG   opendrift.readers.interpolation.interpolators:115: Converting masked array to numpy array for interpolation
19:40:13 DEBUG   opendrift.readers.interpolation.interpolators:115: Converting masked array to numpy array for interpolation
19:40:13 DEBUG   opendrift.readers.interpolation.interpolators:115: Converting masked array to numpy array for interpolation
19:40:13 DEBUG   opendrift.readers.interpolation.interpolators:115: Converting masked array to numpy array for interpolation
19:40:13 DEBUG   opendrift.readers.interpolation.interpolators:115: Converting masked array to numpy array for interpolation
19:40:13 DEBUG   opendrift.readers.interpolation.interpolators:115: Converting masked array to numpy array for interpolation
19:40:13 DEBUG   opendrift.readers.interpolation.interpolators:115: Converting masked array to numpy array for interpolation
19:40:13 DEBUG   opendrift.readers.interpolation.interpolators:115: Converting masked array to numpy array for interpolation
19:40:13 DEBUG   opendrift.readers.interpolation.structured:122: Interpolating 10 ensembles for x_sea_water_velocity
19:40:13 DEBUG   opendrift.readers.interpolation.structured:122: Interpolating 10 ensembles for y_sea_water_velocity
19:40:13 DEBUG   opendrift.readers.interpolation.structured:122: Interpolating 10 ensembles for sea_surface_height
19:40:13 DEBUG   opendrift.readers.interpolation.interpolators:115: Converting masked array to numpy array for interpolation
19:40:13 DEBUG   opendrift.readers.interpolation.interpolators:115: Converting masked array to numpy array for interpolation
19:40:13 DEBUG   opendrift.readers.interpolation.interpolators:115: Converting masked array to numpy array for interpolation
19:40:13 DEBUG   opendrift.readers.interpolation.interpolators:115: Converting masked array to numpy array for interpolation
19:40:13 DEBUG   opendrift.readers.interpolation.interpolators:115: Converting masked array to numpy array for interpolation
19:40:13 DEBUG   opendrift.readers.interpolation.interpolators:115: Converting masked array to numpy array for interpolation
19:40:13 DEBUG   opendrift.readers.interpolation.interpolators:115: Converting masked array to numpy array for interpolation
19:40:13 DEBUG   opendrift.readers.interpolation.interpolators:115: Converting masked array to numpy array for interpolation
19:40:13 DEBUG   opendrift.readers.interpolation.interpolators:115: Converting masked array to numpy array for interpolation
19:40:13 DEBUG   opendrift.readers.interpolation.interpolators:115: Converting masked array to numpy array for interpolation
19:40:13 DEBUG   opendrift.readers.interpolation.structured:122: Interpolating 10 ensembles for sea_ice_thickness
19:40:13 DEBUG   opendrift.readers.interpolation.interpolators:115: Converting masked array to numpy array for interpolation
19:40:13 DEBUG   opendrift.readers.interpolation.interpolators:115: Converting masked array to numpy array for interpolation
19:40:13 DEBUG   opendrift.readers.interpolation.interpolators:115: Converting masked array to numpy array for interpolation
19:40:13 DEBUG   opendrift.readers.interpolation.interpolators:115: Converting masked array to numpy array for interpolation
19:40:13 DEBUG   opendrift.readers.interpolation.interpolators:115: Converting masked array to numpy array for interpolation
19:40:13 DEBUG   opendrift.readers.interpolation.interpolators:115: Converting masked array to numpy array for interpolation
19:40:13 DEBUG   opendrift.readers.interpolation.interpolators:115: Converting masked array to numpy array for interpolation
19:40:13 DEBUG   opendrift.readers.interpolation.interpolators:115: Converting masked array to numpy array for interpolation
19:40:13 DEBUG   opendrift.readers.interpolation.interpolators:115: Converting masked array to numpy array for interpolation
19:40:13 DEBUG   opendrift.readers.interpolation.interpolators:115: Converting masked array to numpy array for interpolation
19:40:13 DEBUG   opendrift.readers.interpolation.structured:122: Interpolating 10 ensembles for sea_ice_area_fraction
19:40:13 DEBUG   opendrift.readers.interpolation.interpolators:115: Converting masked array to numpy array for interpolation
19:40:13 DEBUG   opendrift.readers.interpolation.interpolators:115: Converting masked array to numpy array for interpolation
19:40:13 DEBUG   opendrift.readers.interpolation.interpolators:115: Converting masked array to numpy array for interpolation
19:40:13 DEBUG   opendrift.readers.interpolation.interpolators:115: Converting masked array to numpy array for interpolation
19:40:13 DEBUG   opendrift.readers.interpolation.interpolators:115: Converting masked array to numpy array for interpolation
19:40:13 DEBUG   opendrift.readers.interpolation.interpolators:115: Converting masked array to numpy array for interpolation
19:40:13 DEBUG   opendrift.readers.interpolation.interpolators:115: Converting masked array to numpy array for interpolation
19:40:13 DEBUG   opendrift.readers.interpolation.interpolators:115: Converting masked array to numpy array for interpolation
19:40:13 DEBUG   opendrift.readers.interpolation.interpolators:115: Converting masked array to numpy array for interpolation
19:40:13 DEBUG   opendrift.readers.interpolation.interpolators:115: Converting masked array to numpy array for interpolation
19:40:13 DEBUG   opendrift.readers.interpolation.structured:122: Interpolating 10 ensembles for sea_ice_x_velocity
19:40:13 DEBUG   opendrift.readers.interpolation.interpolators:115: Converting masked array to numpy array for interpolation
19:40:13 DEBUG   opendrift.readers.interpolation.interpolators:115: Converting masked array to numpy array for interpolation
19:40:13 DEBUG   opendrift.readers.interpolation.interpolators:115: Converting masked array to numpy array for interpolation
19:40:13 DEBUG   opendrift.readers.interpolation.interpolators:115: Converting masked array to numpy array for interpolation
19:40:13 DEBUG   opendrift.readers.interpolation.interpolators:115: Converting masked array to numpy array for interpolation
19:40:13 DEBUG   opendrift.readers.interpolation.interpolators:115: Converting masked array to numpy array for interpolation
19:40:13 DEBUG   opendrift.readers.interpolation.interpolators:115: Converting masked array to numpy array for interpolation
19:40:13 DEBUG   opendrift.readers.interpolation.interpolators:115: Converting masked array to numpy array for interpolation
19:40:13 DEBUG   opendrift.readers.interpolation.interpolators:115: Converting masked array to numpy array for interpolation
19:40:13 DEBUG   opendrift.readers.interpolation.interpolators:115: Converting masked array to numpy array for interpolation
19:40:13 DEBUG   opendrift.readers.interpolation.structured:122: Interpolating 10 ensembles for sea_ice_y_velocity
19:40:13 DEBUG   opendrift.readers.interpolation.interpolators:115: Converting masked array to numpy array for interpolation
19:40:13 DEBUG   opendrift.readers.interpolation.interpolators:115: Converting masked array to numpy array for interpolation
19:40:13 DEBUG   opendrift.readers.interpolation.interpolators:115: Converting masked array to numpy array for interpolation
19:40:13 DEBUG   opendrift.readers.interpolation.interpolators:115: Converting masked array to numpy array for interpolation
19:40:13 DEBUG   opendrift.readers.interpolation.interpolators:115: Converting masked array to numpy array for interpolation
19:40:13 DEBUG   opendrift.readers.interpolation.interpolators:115: Converting masked array to numpy array for interpolation
19:40:13 DEBUG   opendrift.readers.interpolation.interpolators:115: Converting masked array to numpy array for interpolation
19:40:13 DEBUG   opendrift.readers.interpolation.interpolators:115: Converting masked array to numpy array for interpolation
19:40:13 DEBUG   opendrift.readers.interpolation.interpolators:115: Converting masked array to numpy array for interpolation
19:40:13 DEBUG   opendrift.readers.interpolation.interpolators:115: Converting masked array to numpy array for interpolation
19:40:13 DEBUG   opendrift.readers.basereader.structured:355: Interpolating before (2025-09-23 12:00:00, weight 0.29) and
		      after (2025-09-24 12:00:00, weight 0.71) in time
19:40:13 DEBUG   opendrift.readers.basereader.structured:368: Interpolating profiles in time
19:40:13 DEBUG   opendrift.readers.basereader.variables:100: Rotating vectors between -13.216927497249685 and -13.10547946101443 degrees.
19:40:13 DEBUG   opendrift.readers.basereader.variables:100: Rotating vectors between -13.216927497249685 and -13.10547946101443 degrees.
19:40:13 DEBUG   opendrift.readers.basereader.variables:100: Rotating vectors between -13.216927497249685 and -13.10547946101443 degrees.
19:40:13 DEBUG   opendrift.models.basemodel.environment:762: Obtained data for all elements.
19:40:13 DEBUG   opendrift.models.basemodel.environment:599: ----------------------------------------
19:40:13 DEBUG   opendrift.models.basemodel.environment:600: Variable group ['land_binary_mask']
19:40:13 DEBUG   opendrift.models.basemodel.environment:601: ----------------------------------------
19:40:13 DEBUG   opendrift.models.basemodel.environment:605: Calling reader global_landmask
19:40:13 DEBUG   opendrift.models.basemodel.environment:606: ----------------------------------------
19:40:13 DEBUG   opendrift.models.basemodel.environment:626: Data needed for 10 elements
19:40:13 DEBUG   opendrift.readers.basereader.variables:761: Fetching variables from global_landmask covering 10 elements
19:40:13 DEBUG   opendrift.readers.basereader.continuous:37: Fetched env-before
19:40:13 DEBUG   opendrift.readers.basereader.variables:639: Checking land_binary_mask for invalid values
19:40:13 DEBUG   opendrift.readers.basereader.variables:797: Reader projection is latlon - rotation of vectors is not needed.
19:40:13 DEBUG   opendrift.models.basemodel.environment:762: Obtained data for all elements.
19:40:13 DEBUG   opendrift.models.basemodel.environment:599: ----------------------------------------
19:40:13 DEBUG   opendrift.models.basemodel.environment:600: Variable group ['x_wind', 'y_wind']
19:40:13 DEBUG   opendrift.models.basemodel.environment:601: ----------------------------------------
19:40:13 DEBUG   opendrift.models.basemodel.environment:605: Calling reader cmems_obs-wind_glo_phy_nrt_l4_0.125deg_PT1H
19:40:13 DEBUG   opendrift.models.basemodel.environment:606: ----------------------------------------
19:40:13 DEBUG   opendrift.models.basemodel.environment:626: Data needed for 10 elements
19:40:13 DEBUG   opendrift.readers.basereader.variables:761: Fetching variables from cmems_obs-wind_glo_phy_nrt_l4_0.125deg_PT1H covering 10 elements
19:40:13 DEBUG   opendrift.readers.basereader.structured:208: Shifting coordinates to -180-180
19:40:13 DEBUG   opendrift.readers.basereader.structured:220: Reader time:
		2025-09-24 05:00:00 (before)
		2025-09-24 06:00:00 (after)
19:40:13 DEBUG   opendrift.readers.reader_netCDF_CF_generic:470: Using eastward_wind to retrieve x_wind
19:40:13 DEBUG   opendrift.readers.reader_netCDF_CF_generic:470: Using northward_wind to retrieve y_wind
19:40:13 DEBUG   opendrift.readers.reader_netCDF_CF_generic:592: North is up, no rotation necessary
19:40:13 DEBUG   opendrift.readers.basereader.variables:639: Checking x_wind for invalid values
19:40:13 DEBUG   opendrift.readers.basereader.variables:639: Checking y_wind for invalid values
19:40:13 DEBUG   opendrift.readers.basereader.structured:290: Fetched env-block (size 8x6x1) for time before (2025-09-24 05:00:00)
19:40:13 DEBUG   opendrift.readers.basereader.structured:334: Interpolating before (2025-09-24 05:00:00) in space  (linearNDFast)
19:40:13 DEBUG   opendrift.readers.interpolation.structured:97: Initialising interpolator.
19:40:13 DEBUG   opendrift.readers.basereader.structured:388: No time interpolation needed - right on time.
19:40:13 DEBUG   opendrift.readers.basereader.variables:797: Reader projection is latlon - rotation of vectors is not needed.
19:40:13 DEBUG   opendrift.models.basemodel.environment:762: Obtained data for all elements.
19:40:13 DEBUG   opendrift.models.basemodel.environment:775: ---------------------------------------
19:40:13 DEBUG   opendrift.models.basemodel.environment:776: Finished processing all variable groups
19:40:13 DEBUG   opendrift.models.basemodel.environment:812:       Using fallback value 0 for x_sea_water_velocity for 0 profiles
19:40:13 DEBUG   opendrift.models.basemodel.environment:812:       Using fallback value 0 for y_sea_water_velocity for 0 profiles
19:40:13 DEBUG   opendrift.models.basemodel.environment:812:       Using fallback value 2 for sea_water_temperature for 0 profiles
19:40:13 DEBUG   opendrift.models.basemodel.environment:801:       Using fallback value 35 for sea_water_salinity for all profiles
19:40:13 DEBUG   opendrift.models.basemodel.environment:898: ------------ SUMMARY -------------
19:40:13 DEBUG   opendrift.models.basemodel.environment:900:     x_sea_water_velocity: 0.00441532 (min) 0.0169725 (max)
19:40:13 DEBUG   opendrift.models.basemodel.environment:900:     y_sea_water_velocity: 0.0694594 (min) 0.165883 (max)
19:40:13 DEBUG   opendrift.models.basemodel.environment:900:     sea_floor_depth_below_sea_level: 36.3253 (min) 63.5334 (max)
19:40:13 DEBUG   opendrift.models.basemodel.environment:900:     sea_surface_height: -0.428972 (min) -0.401833 (max)
19:40:13 DEBUG   opendrift.models.basemodel.environment:900:     sea_surface_x_slope: 0 (min) 0 (max)
19:40:13 DEBUG   opendrift.models.basemodel.environment:900:     sea_surface_y_slope: 0 (min) 0 (max)
19:40:13 DEBUG   opendrift.models.basemodel.environment:900:     x_wind: -6.82197 (min) -6.72023 (max)
19:40:13 DEBUG   opendrift.models.basemodel.environment:900:     y_wind: 9.23112 (min) 9.50117 (max)
19:40:13 DEBUG   opendrift.models.basemodel.environment:900:     horizontal_diffusivity: 0 (min) 0 (max)
19:40:13 DEBUG   opendrift.models.basemodel.environment:900:     sea_surface_wave_significant_height: 0 (min) 0 (max)
19:40:13 DEBUG   opendrift.models.basemodel.environment:900:     sea_surface_wave_from_direction: 0 (min) 0 (max)
19:40:13 DEBUG   opendrift.models.basemodel.environment:900:     sea_surface_wave_stokes_drift_x_velocity: 0 (min) 0 (max)
19:40:13 DEBUG   opendrift.models.basemodel.environment:900:     sea_surface_wave_stokes_drift_y_velocity: 0 (min) 0 (max)
19:40:13 DEBUG   opendrift.models.basemodel.environment:900:     sea_water_temperature: 2.09884 (min) 2.65143 (max)
19:40:13 DEBUG   opendrift.models.basemodel.environment:900:     sea_water_salinity: 35 (min) 35 (max)
19:40:13 DEBUG   opendrift.models.basemodel.environment:900:     sea_ice_area_fraction: 0 (min) 0 (max)
19:40:13 DEBUG   opendrift.models.basemodel.environment:900:     sea_ice_thickness: 0 (min) 0 (max)
19:40:13 DEBUG   opendrift.models.basemodel.environment:900:     sea_ice_x_velocity: 0 (min) 0 (max)
19:40:13 DEBUG   opendrift.models.basemodel.environment:900:     sea_ice_y_velocity: 0 (min) 0 (max)
19:40:13 DEBUG   opendrift.models.basemodel.environment:900:     land_binary_mask: 0 (min) 0 (max)
19:40:13 DEBUG   opendrift.models.basemodel.environment:902: ---------------------------------
19:40:13 DEBUG   opendrift.models.physics_methods:823: Calculating Hs from wind, min: 3.209975, mean: 3.281860, max: 3.362087
19:40:13 WARNING opendrift.models.physics_methods:832: Setting wave direction equal to wind direction, min: -36.465096, mean: -35.925255, max: -35.637596
19:40:13 DEBUG   opendrift:689: No elements hit coastline.
19:40:13 DEBUG   opendrift:760: No elements hit seafloor.
19:40:13 DEBUG   opendrift:1732: No elements to deactivate
19:40:13 DEBUG   opendrift:2193: Calling OpenBerg.update()
19:40:13 DEBUG   opendrift.models.openberg:507: Advection with surface currents
19:40:13 DEBUG   opendrift.models.openberg:569: Grounding condition: Icebergs grounded = 9
19:40:13 DEBUG   opendrift:1680: Horizontal diffusivity is 0, no random walk.
19:40:13 DEBUG   opendrift:904: to be seeded: 250, already seeded 10
19:40:13 DEBUG   opendrift:926: Released 0 new elements.
19:40:13 DEBUG   opendrift:2135: ======================================================================
19:40:13 INFO    opendrift:2136: 2025-09-24 06:00:00 - step 7 of 1872 - 10 active elements (0 deactivated)
19:40:13 DEBUG   opendrift:2142: 250 elements scheduled.
19:40:13 DEBUG   opendrift:2144: ======================================================================
19:40:13 DEBUG   opendrift:2155: 		74.99825286865234 <- latitude -> 75.05335810043881
19:40:13 DEBUG   opendrift:2155: 		-58.211177825927734 <- longitude -> -58.09977340698242
19:40:13 DEBUG   opendrift:2153: 		z = 0.0
19:40:13 DEBUG   opendrift:2156: ---------------------------------
19:40:13 DEBUG   opendrift.models.basemodel.environment:599: ----------------------------------------
19:40:13 DEBUG   opendrift.models.basemodel.environment:600: Variable group ['sea_floor_depth_below_sea_level', 'sea_water_temperature', 'x_sea_water_velocity', 'y_sea_water_velocity', 'sea_surface_height', 'sea_ice_thickness', 'sea_ice_area_fraction', 'sea_ice_x_velocity', 'sea_ice_y_velocity']
19:40:13 DEBUG   opendrift.models.basemodel.environment:601: ----------------------------------------
19:40:13 DEBUG   opendrift.models.basemodel.environment:605: Calling reader Ensemble reader
19:40:13 DEBUG   opendrift.models.basemodel.environment:606: ----------------------------------------
19:40:13 DEBUG   opendrift.models.basemodel.environment:626: Data needed for 10 elements
19:40:13 DEBUG   opendrift.readers.basereader.variables:761: Fetching variables from Ensemble reader covering 10 elements
19:40:13 DEBUG   opendrift.readers.basereader.structured:220: Reader time:
		2025-09-23 12:00:00 (before)
		2025-09-24 12:00:00 (after)
19:40:13 DEBUG   opendrift.readers.basereader.structured:334: Interpolating before (2025-09-23 12:00:00) in space  (linearNDFast)
19:40:13 DEBUG   opendrift.readers.interpolation.structured:97: Initialising interpolator.
19:40:13 DEBUG   opendrift.readers.interpolation.structured:122: Interpolating 10 ensembles for sea_floor_depth_below_sea_level
19:40:13 DEBUG   opendrift.readers.interpolation.structured:122: Interpolating 10 ensembles for sea_water_temperature
19:40:13 DEBUG   opendrift.readers.interpolation.interpolators:115: Converting masked array to numpy array for interpolation
19:40:13 DEBUG   opendrift.readers.interpolation.interpolators:115: Converting masked array to numpy array for interpolation
19:40:13 DEBUG   opendrift.readers.interpolation.interpolators:115: Converting masked array to numpy array for interpolation
19:40:13 DEBUG   opendrift.readers.interpolation.interpolators:115: Converting masked array to numpy array for interpolation
19:40:13 DEBUG   opendrift.readers.interpolation.interpolators:115: Converting masked array to numpy array for interpolation
19:40:13 DEBUG   opendrift.readers.interpolation.interpolators:115: Converting masked array to numpy array for interpolation
19:40:13 DEBUG   opendrift.readers.interpolation.interpolators:115: Converting masked array to numpy array for interpolation
19:40:13 DEBUG   opendrift.readers.interpolation.interpolators:115: Converting masked array to numpy array for interpolation
19:40:13 DEBUG   opendrift.readers.interpolation.interpolators:115: Converting masked array to numpy array for interpolation
19:40:13 DEBUG   opendrift.readers.interpolation.interpolators:115: Converting masked array to numpy array for interpolation
19:40:13 DEBUG   opendrift.readers.interpolation.interpolators:115: Converting masked array to numpy array for interpolation
19:40:13 DEBUG   opendrift.readers.interpolation.interpolators:115: Converting masked array to numpy array for interpolation
19:40:13 DEBUG   opendrift.readers.interpolation.interpolators:115: Converting masked array to numpy array for interpolation
19:40:13 DEBUG   opendrift.readers.interpolation.interpolators:115: Converting masked array to numpy array for interpolation
19:40:13 DEBUG   opendrift.readers.interpolation.interpolators:115: Converting masked array to numpy array for interpolation
19:40:13 DEBUG   opendrift.readers.interpolation.interpolators:115: Converting masked array to numpy array for interpolation
19:40:13 DEBUG   opendrift.readers.interpolation.interpolators:115: Converting masked array to numpy array for interpolation
19:40:13 DEBUG   opendrift.readers.interpolation.interpolators:115: Converting masked array to numpy array for interpolation
19:40:13 DEBUG   opendrift.readers.interpolation.interpolators:115: Converting masked array to numpy array for interpolation
19:40:13 DEBUG   opendrift.readers.interpolation.interpolators:115: Converting masked array to numpy array for interpolation
19:40:13 DEBUG   opendrift.readers.interpolation.structured:122: Interpolating 10 ensembles for x_sea_water_velocity
19:40:13 DEBUG   opendrift.readers.interpolation.structured:122: Interpolating 10 ensembles for y_sea_water_velocity
19:40:13 DEBUG   opendrift.readers.interpolation.structured:122: Interpolating 10 ensembles for sea_surface_height
19:40:13 DEBUG   opendrift.readers.interpolation.interpolators:115: Converting masked array to numpy array for interpolation
19:40:13 DEBUG   opendrift.readers.interpolation.interpolators:115: Converting masked array to numpy array for interpolation
19:40:13 DEBUG   opendrift.readers.interpolation.interpolators:115: Converting masked array to numpy array for interpolation
19:40:13 DEBUG   opendrift.readers.interpolation.interpolators:115: Converting masked array to numpy array for interpolation
19:40:13 DEBUG   opendrift.readers.interpolation.interpolators:115: Converting masked array to numpy array for interpolation
19:40:13 DEBUG   opendrift.readers.interpolation.interpolators:115: Converting masked array to numpy array for interpolation
19:40:13 DEBUG   opendrift.readers.interpolation.interpolators:115: Converting masked array to numpy array for interpolation
19:40:13 DEBUG   opendrift.readers.interpolation.interpolators:115: Converting masked array to numpy array for interpolation
19:40:13 DEBUG   opendrift.readers.interpolation.interpolators:115: Converting masked array to numpy array for interpolation
19:40:13 DEBUG   opendrift.readers.interpolation.interpolators:115: Converting masked array to numpy array for interpolation
19:40:13 DEBUG   opendrift.readers.interpolation.structured:122: Interpolating 10 ensembles for sea_ice_thickness
19:40:13 DEBUG   opendrift.readers.interpolation.interpolators:115: Converting masked array to numpy array for interpolation
19:40:13 DEBUG   opendrift.readers.interpolation.interpolators:115: Converting masked array to numpy array for interpolation
19:40:13 DEBUG   opendrift.readers.interpolation.interpolators:115: Converting masked array to numpy array for interpolation
19:40:13 DEBUG   opendrift.readers.interpolation.interpolators:115: Converting masked array to numpy array for interpolation
19:40:13 DEBUG   opendrift.readers.interpolation.interpolators:115: Converting masked array to numpy array for interpolation
19:40:13 DEBUG   opendrift.readers.interpolation.interpolators:115: Converting masked array to numpy array for interpolation
19:40:13 DEBUG   opendrift.readers.interpolation.interpolators:115: Converting masked array to numpy array for interpolation
19:40:13 DEBUG   opendrift.readers.interpolation.interpolators:115: Converting masked array to numpy array for interpolation
19:40:13 DEBUG   opendrift.readers.interpolation.interpolators:115: Converting masked array to numpy array for interpolation
19:40:13 DEBUG   opendrift.readers.interpolation.interpolators:115: Converting masked array to numpy array for interpolation
19:40:13 DEBUG   opendrift.readers.interpolation.structured:122: Interpolating 10 ensembles for sea_ice_area_fraction
19:40:13 DEBUG   opendrift.readers.interpolation.interpolators:115: Converting masked array to numpy array for interpolation
19:40:13 DEBUG   opendrift.readers.interpolation.interpolators:115: Converting masked array to numpy array for interpolation
19:40:13 DEBUG   opendrift.readers.interpolation.interpolators:115: Converting masked array to numpy array for interpolation
19:40:13 DEBUG   opendrift.readers.interpolation.interpolators:115: Converting masked array to numpy array for interpolation
19:40:13 DEBUG   opendrift.readers.interpolation.interpolators:115: Converting masked array to numpy array for interpolation
19:40:13 DEBUG   opendrift.readers.interpolation.interpolators:115: Converting masked array to numpy array for interpolation
19:40:13 DEBUG   opendrift.readers.interpolation.interpolators:115: Converting masked array to numpy array for interpolation
19:40:13 DEBUG   opendrift.readers.interpolation.interpolators:115: Converting masked array to numpy array for interpolation
19:40:13 DEBUG   opendrift.readers.interpolation.interpolators:115: Converting masked array to numpy array for interpolation
19:40:13 DEBUG   opendrift.readers.interpolation.interpolators:115: Converting masked array to numpy array for interpolation
19:40:13 DEBUG   opendrift.readers.interpolation.structured:122: Interpolating 10 ensembles for sea_ice_x_velocity
19:40:13 DEBUG   opendrift.readers.interpolation.interpolators:115: Converting masked array to numpy array for interpolation
19:40:13 DEBUG   opendrift.readers.interpolation.interpolators:115: Converting masked array to numpy array for interpolation
19:40:13 DEBUG   opendrift.readers.interpolation.interpolators:115: Converting masked array to numpy array for interpolation
19:40:13 DEBUG   opendrift.readers.interpolation.interpolators:115: Converting masked array to numpy array for interpolation
19:40:13 DEBUG   opendrift.readers.interpolation.interpolators:115: Converting masked array to numpy array for interpolation
19:40:13 DEBUG   opendrift.readers.interpolation.interpolators:115: Converting masked array to numpy array for interpolation
19:40:13 DEBUG   opendrift.readers.interpolation.interpolators:115: Converting masked array to numpy array for interpolation
19:40:13 DEBUG   opendrift.readers.interpolation.interpolators:115: Converting masked array to numpy array for interpolation
19:40:13 DEBUG   opendrift.readers.interpolation.interpolators:115: Converting masked array to numpy array for interpolation
19:40:13 DEBUG   opendrift.readers.interpolation.interpolators:115: Converting masked array to numpy array for interpolation
19:40:13 DEBUG   opendrift.readers.interpolation.structured:122: Interpolating 10 ensembles for sea_ice_y_velocity
19:40:13 DEBUG   opendrift.readers.interpolation.interpolators:115: Converting masked array to numpy array for interpolation
19:40:13 DEBUG   opendrift.readers.interpolation.interpolators:115: Converting masked array to numpy array for interpolation
19:40:13 DEBUG   opendrift.readers.interpolation.interpolators:115: Converting masked array to numpy array for interpolation
19:40:13 DEBUG   opendrift.readers.interpolation.interpolators:115: Converting masked array to numpy array for interpolation
19:40:13 DEBUG   opendrift.readers.interpolation.interpolators:115: Converting masked array to numpy array for interpolation
19:40:13 DEBUG   opendrift.readers.interpolation.interpolators:115: Converting masked array to numpy array for interpolation
19:40:13 DEBUG   opendrift.readers.interpolation.interpolators:115: Converting masked array to numpy array for interpolation
19:40:13 DEBUG   opendrift.readers.interpolation.interpolators:115: Converting masked array to numpy array for interpolation
19:40:13 DEBUG   opendrift.readers.interpolation.interpolators:115: Converting masked array to numpy array for interpolation
19:40:13 DEBUG   opendrift.readers.interpolation.interpolators:115: Converting masked array to numpy array for interpolation
19:40:13 DEBUG   opendrift.readers.basereader.structured:340: Interpolating after (2025-09-24 12:00:00) in space  (linearNDFast)
19:40:13 DEBUG   opendrift.readers.interpolation.structured:97: Initialising interpolator.
19:40:13 DEBUG   opendrift.readers.interpolation.structured:122: Interpolating 10 ensembles for sea_floor_depth_below_sea_level
19:40:13 DEBUG   opendrift.readers.interpolation.structured:122: Interpolating 10 ensembles for sea_water_temperature
19:40:13 DEBUG   opendrift.readers.interpolation.interpolators:115: Converting masked array to numpy array for interpolation
19:40:13 DEBUG   opendrift.readers.interpolation.interpolators:115: Converting masked array to numpy array for interpolation
19:40:13 DEBUG   opendrift.readers.interpolation.interpolators:115: Converting masked array to numpy array for interpolation
19:40:13 DEBUG   opendrift.readers.interpolation.interpolators:115: Converting masked array to numpy array for interpolation
19:40:13 DEBUG   opendrift.readers.interpolation.interpolators:115: Converting masked array to numpy array for interpolation
19:40:13 DEBUG   opendrift.readers.interpolation.interpolators:115: Converting masked array to numpy array for interpolation
19:40:13 DEBUG   opendrift.readers.interpolation.interpolators:115: Converting masked array to numpy array for interpolation
19:40:13 DEBUG   opendrift.readers.interpolation.interpolators:115: Converting masked array to numpy array for interpolation
19:40:13 DEBUG   opendrift.readers.interpolation.interpolators:115: Converting masked array to numpy array for interpolation
19:40:13 DEBUG   opendrift.readers.interpolation.interpolators:115: Converting masked array to numpy array for interpolation
19:40:13 DEBUG   opendrift.readers.interpolation.interpolators:115: Converting masked array to numpy array for interpolation
19:40:13 DEBUG   opendrift.readers.interpolation.interpolators:115: Converting masked array to numpy array for interpolation
19:40:13 DEBUG   opendrift.readers.interpolation.interpolators:115: Converting masked array to numpy array for interpolation
19:40:13 DEBUG   opendrift.readers.interpolation.interpolators:115: Converting masked array to numpy array for interpolation
19:40:13 DEBUG   opendrift.readers.interpolation.interpolators:115: Converting masked array to numpy array for interpolation
19:40:13 DEBUG   opendrift.readers.interpolation.interpolators:115: Converting masked array to numpy array for interpolation
19:40:13 DEBUG   opendrift.readers.interpolation.interpolators:115: Converting masked array to numpy array for interpolation
19:40:13 DEBUG   opendrift.readers.interpolation.interpolators:115: Converting masked array to numpy array for interpolation
19:40:13 DEBUG   opendrift.readers.interpolation.interpolators:115: Converting masked array to numpy array for interpolation
19:40:13 DEBUG   opendrift.readers.interpolation.interpolators:115: Converting masked array to numpy array for interpolation
19:40:13 DEBUG   opendrift.readers.interpolation.structured:122: Interpolating 10 ensembles for x_sea_water_velocity
19:40:13 DEBUG   opendrift.readers.interpolation.structured:122: Interpolating 10 ensembles for y_sea_water_velocity
19:40:13 DEBUG   opendrift.readers.interpolation.structured:122: Interpolating 10 ensembles for sea_surface_height
19:40:13 DEBUG   opendrift.readers.interpolation.interpolators:115: Converting masked array to numpy array for interpolation
19:40:13 DEBUG   opendrift.readers.interpolation.interpolators:115: Converting masked array to numpy array for interpolation
19:40:13 DEBUG   opendrift.readers.interpolation.interpolators:115: Converting masked array to numpy array for interpolation
19:40:13 DEBUG   opendrift.readers.interpolation.interpolators:115: Converting masked array to numpy array for interpolation
19:40:13 DEBUG   opendrift.readers.interpolation.interpolators:115: Converting masked array to numpy array for interpolation
19:40:13 DEBUG   opendrift.readers.interpolation.interpolators:115: Converting masked array to numpy array for interpolation
19:40:13 DEBUG   opendrift.readers.interpolation.interpolators:115: Converting masked array to numpy array for interpolation
19:40:13 DEBUG   opendrift.readers.interpolation.interpolators:115: Converting masked array to numpy array for interpolation
19:40:13 DEBUG   opendrift.readers.interpolation.interpolators:115: Converting masked array to numpy array for interpolation
19:40:13 DEBUG   opendrift.readers.interpolation.interpolators:115: Converting masked array to numpy array for interpolation
19:40:13 DEBUG   opendrift.readers.interpolation.structured:122: Interpolating 10 ensembles for sea_ice_thickness
19:40:13 DEBUG   opendrift.readers.interpolation.interpolators:115: Converting masked array to numpy array for interpolation
19:40:13 DEBUG   opendrift.readers.interpolation.interpolators:115: Converting masked array to numpy array for interpolation
19:40:13 DEBUG   opendrift.readers.interpolation.interpolators:115: Converting masked array to numpy array for interpolation
19:40:13 DEBUG   opendrift.readers.interpolation.interpolators:115: Converting masked array to numpy array for interpolation
19:40:13 DEBUG   opendrift.readers.interpolation.interpolators:115: Converting masked array to numpy array for interpolation
19:40:13 DEBUG   opendrift.readers.interpolation.interpolators:115: Converting masked array to numpy array for interpolation
19:40:13 DEBUG   opendrift.readers.interpolation.interpolators:115: Converting masked array to numpy array for interpolation
19:40:13 DEBUG   opendrift.readers.interpolation.interpolators:115: Converting masked array to numpy array for interpolation
19:40:13 DEBUG   opendrift.readers.interpolation.interpolators:115: Converting masked array to numpy array for interpolation
19:40:13 DEBUG   opendrift.readers.interpolation.interpolators:115: Converting masked array to numpy array for interpolation
19:40:13 DEBUG   opendrift.readers.interpolation.structured:122: Interpolating 10 ensembles for sea_ice_area_fraction
19:40:13 DEBUG   opendrift.readers.interpolation.interpolators:115: Converting masked array to numpy array for interpolation
19:40:13 DEBUG   opendrift.readers.interpolation.interpolators:115: Converting masked array to numpy array for interpolation
19:40:13 DEBUG   opendrift.readers.interpolation.interpolators:115: Converting masked array to numpy array for interpolation
19:40:13 DEBUG   opendrift.readers.interpolation.interpolators:115: Converting masked array to numpy array for interpolation
19:40:13 DEBUG   opendrift.readers.interpolation.interpolators:115: Converting masked array to numpy array for interpolation
19:40:13 DEBUG   opendrift.readers.interpolation.interpolators:115: Converting masked array to numpy array for interpolation
19:40:13 DEBUG   opendrift.readers.interpolation.interpolators:115: Converting masked array to numpy array for interpolation
19:40:13 DEBUG   opendrift.readers.interpolation.interpolators:115: Converting masked array to numpy array for interpolation
19:40:13 DEBUG   opendrift.readers.interpolation.interpolators:115: Converting masked array to numpy array for interpolation
19:40:13 DEBUG   opendrift.readers.interpolation.interpolators:115: Converting masked array to numpy array for interpolation
19:40:13 DEBUG   opendrift.readers.interpolation.structured:122: Interpolating 10 ensembles for sea_ice_x_velocity
19:40:13 DEBUG   opendrift.readers.interpolation.interpolators:115: Converting masked array to numpy array for interpolation
19:40:13 DEBUG   opendrift.readers.interpolation.interpolators:115: Converting masked array to numpy array for interpolation
19:40:13 DEBUG   opendrift.readers.interpolation.interpolators:115: Converting masked array to numpy array for interpolation
19:40:13 DEBUG   opendrift.readers.interpolation.interpolators:115: Converting masked array to numpy array for interpolation
19:40:13 DEBUG   opendrift.readers.interpolation.interpolators:115: Converting masked array to numpy array for interpolation
19:40:13 DEBUG   opendrift.readers.interpolation.interpolators:115: Converting masked array to numpy array for interpolation
19:40:13 DEBUG   opendrift.readers.interpolation.interpolators:115: Converting masked array to numpy array for interpolation
19:40:13 DEBUG   opendrift.readers.interpolation.interpolators:115: Converting masked array to numpy array for interpolation
19:40:13 DEBUG   opendrift.readers.interpolation.interpolators:115: Converting masked array to numpy array for interpolation
19:40:13 DEBUG   opendrift.readers.interpolation.interpolators:115: Converting masked array to numpy array for interpolation
19:40:13 DEBUG   opendrift.readers.interpolation.structured:122: Interpolating 10 ensembles for sea_ice_y_velocity
19:40:13 DEBUG   opendrift.readers.interpolation.interpolators:115: Converting masked array to numpy array for interpolation
19:40:13 DEBUG   opendrift.readers.interpolation.interpolators:115: Converting masked array to numpy array for interpolation
19:40:13 DEBUG   opendrift.readers.interpolation.interpolators:115: Converting masked array to numpy array for interpolation
19:40:13 DEBUG   opendrift.readers.interpolation.interpolators:115: Converting masked array to numpy array for interpolation
19:40:13 DEBUG   opendrift.readers.interpolation.interpolators:115: Converting masked array to numpy array for interpolation
19:40:13 DEBUG   opendrift.readers.interpolation.interpolators:115: Converting masked array to numpy array for interpolation
19:40:13 DEBUG   opendrift.readers.interpolation.interpolators:115: Converting masked array to numpy array for interpolation
19:40:13 DEBUG   opendrift.readers.interpolation.interpolators:115: Converting masked array to numpy array for interpolation
19:40:13 DEBUG   opendrift.readers.interpolation.interpolators:115: Converting masked array to numpy array for interpolation
19:40:13 DEBUG   opendrift.readers.interpolation.interpolators:115: Converting masked array to numpy array for interpolation
19:40:13 DEBUG   opendrift.readers.basereader.structured:355: Interpolating before (2025-09-23 12:00:00, weight 0.25) and
		      after (2025-09-24 12:00:00, weight 0.75) in time
19:40:13 DEBUG   opendrift.readers.basereader.structured:368: Interpolating profiles in time
19:40:13 DEBUG   opendrift.readers.basereader.variables:100: Rotating vectors between -13.216927497249685 and -13.10547946101443 degrees.
19:40:13 DEBUG   opendrift.readers.basereader.variables:100: Rotating vectors between -13.216927497249685 and -13.10547946101443 degrees.
19:40:13 DEBUG   opendrift.readers.basereader.variables:100: Rotating vectors between -13.216927497249685 and -13.10547946101443 degrees.
19:40:13 DEBUG   opendrift.models.basemodel.environment:762: Obtained data for all elements.
19:40:13 DEBUG   opendrift.models.basemodel.environment:599: ----------------------------------------
19:40:13 DEBUG   opendrift.models.basemodel.environment:600: Variable group ['land_binary_mask']
19:40:13 DEBUG   opendrift.models.basemodel.environment:601: ----------------------------------------
19:40:13 DEBUG   opendrift.models.basemodel.environment:605: Calling reader global_landmask
19:40:13 DEBUG   opendrift.models.basemodel.environment:606: ----------------------------------------
19:40:13 DEBUG   opendrift.models.basemodel.environment:626: Data needed for 10 elements
19:40:13 DEBUG   opendrift.readers.basereader.variables:761: Fetching variables from global_landmask covering 10 elements
19:40:13 DEBUG   opendrift.readers.basereader.continuous:37: Fetched env-before
19:40:13 DEBUG   opendrift.readers.basereader.variables:639: Checking land_binary_mask for invalid values
19:40:13 DEBUG   opendrift.readers.basereader.variables:797: Reader projection is latlon - rotation of vectors is not needed.
19:40:13 DEBUG   opendrift.models.basemodel.environment:762: Obtained data for all elements.
19:40:13 DEBUG   opendrift.models.basemodel.environment:599: ----------------------------------------
19:40:13 DEBUG   opendrift.models.basemodel.environment:600: Variable group ['x_wind', 'y_wind']
19:40:13 DEBUG   opendrift.models.basemodel.environment:601: ----------------------------------------
19:40:13 DEBUG   opendrift.models.basemodel.environment:605: Calling reader cmems_obs-wind_glo_phy_nrt_l4_0.125deg_PT1H
19:40:13 DEBUG   opendrift.models.basemodel.environment:606: ----------------------------------------
19:40:13 DEBUG   opendrift.models.basemodel.environment:626: Data needed for 10 elements
19:40:13 DEBUG   opendrift.readers.basereader.variables:761: Fetching variables from cmems_obs-wind_glo_phy_nrt_l4_0.125deg_PT1H covering 10 elements
19:40:13 DEBUG   opendrift.readers.basereader.structured:208: Shifting coordinates to -180-180
19:40:13 DEBUG   opendrift.readers.basereader.structured:220: Reader time:
		2025-09-24 06:00:00 (before)
		2025-09-24 07:00:00 (after)
19:40:13 DEBUG   opendrift.readers.reader_netCDF_CF_generic:470: Using eastward_wind to retrieve x_wind
19:40:13 DEBUG   opendrift.readers.reader_netCDF_CF_generic:470: Using northward_wind to retrieve y_wind
19:40:13 DEBUG   opendrift.readers.reader_netCDF_CF_generic:592: North is up, no rotation necessary
19:40:13 DEBUG   opendrift.readers.basereader.variables:639: Checking x_wind for invalid values
19:40:13 DEBUG   opendrift.readers.basereader.variables:639: Checking y_wind for invalid values
19:40:13 DEBUG   opendrift.readers.basereader.structured:290: Fetched env-block (size 8x6x1) for time before (2025-09-24 06:00:00)
19:40:13 DEBUG   opendrift.readers.basereader.structured:334: Interpolating before (2025-09-24 06:00:00) in space  (linearNDFast)
19:40:13 DEBUG   opendrift.readers.interpolation.structured:97: Initialising interpolator.
19:40:13 DEBUG   opendrift.readers.basereader.structured:388: No time interpolation needed - right on time.
19:40:13 DEBUG   opendrift.readers.basereader.variables:797: Reader projection is latlon - rotation of vectors is not needed.
19:40:13 DEBUG   opendrift.models.basemodel.environment:762: Obtained data for all elements.
19:40:13 DEBUG   opendrift.models.basemodel.environment:775: ---------------------------------------
19:40:13 DEBUG   opendrift.models.basemodel.environment:776: Finished processing all variable groups
19:40:13 DEBUG   opendrift.models.basemodel.environment:812:       Using fallback value 0 for x_sea_water_velocity for 0 profiles
19:40:13 DEBUG   opendrift.models.basemodel.environment:812:       Using fallback value 0 for y_sea_water_velocity for 0 profiles
19:40:13 DEBUG   opendrift.models.basemodel.environment:812:       Using fallback value 2 for sea_water_temperature for 0 profiles
19:40:13 DEBUG   opendrift.models.basemodel.environment:801:       Using fallback value 35 for sea_water_salinity for all profiles
19:40:13 DEBUG   opendrift.models.basemodel.environment:898: ------------ SUMMARY -------------
19:40:13 DEBUG   opendrift.models.basemodel.environment:900:     x_sea_water_velocity: 0.00390266 (min) 0.0176299 (max)
19:40:13 DEBUG   opendrift.models.basemodel.environment:900:     y_sea_water_velocity: 0.0763176 (min) 0.177958 (max)
19:40:13 DEBUG   opendrift.models.basemodel.environment:900:     sea_floor_depth_below_sea_level: 34.6173 (min) 63.5334 (max)
19:40:13 DEBUG   opendrift.models.basemodel.environment:900:     sea_surface_height: -0.426505 (min) -0.398189 (max)
19:40:13 DEBUG   opendrift.models.basemodel.environment:900:     sea_surface_x_slope: 0 (min) 0 (max)
19:40:13 DEBUG   opendrift.models.basemodel.environment:900:     sea_surface_y_slope: 0 (min) 0 (max)
19:40:13 DEBUG   opendrift.models.basemodel.environment:900:     x_wind: -7.45866 (min) -7.34136 (max)
19:40:13 DEBUG   opendrift.models.basemodel.environment:900:     y_wind: 10.0884 (min) 10.3044 (max)
19:40:13 DEBUG   opendrift.models.basemodel.environment:900:     horizontal_diffusivity: 0 (min) 0 (max)
19:40:13 DEBUG   opendrift.models.basemodel.environment:900:     sea_surface_wave_significant_height: 0 (min) 0 (max)
19:40:13 DEBUG   opendrift.models.basemodel.environment:900:     sea_surface_wave_from_direction: 0 (min) 0 (max)
19:40:13 DEBUG   opendrift.models.basemodel.environment:900:     sea_surface_wave_stokes_drift_x_velocity: 0 (min) 0 (max)
19:40:13 DEBUG   opendrift.models.basemodel.environment:900:     sea_surface_wave_stokes_drift_y_velocity: 0 (min) 0 (max)
19:40:13 DEBUG   opendrift.models.basemodel.environment:900:     sea_water_temperature: 2.09565 (min) 2.64676 (max)
19:40:13 DEBUG   opendrift.models.basemodel.environment:900:     sea_water_salinity: 35 (min) 35 (max)
19:40:13 DEBUG   opendrift.models.basemodel.environment:900:     sea_ice_area_fraction: 0 (min) 0 (max)
19:40:13 DEBUG   opendrift.models.basemodel.environment:900:     sea_ice_thickness: 0 (min) 0 (max)
19:40:13 DEBUG   opendrift.models.basemodel.environment:900:     sea_ice_x_velocity: 0 (min) 0 (max)
19:40:13 DEBUG   opendrift.models.basemodel.environment:900:     sea_ice_y_velocity: 0 (min) 0 (max)
19:40:13 DEBUG   opendrift.models.basemodel.environment:900:     land_binary_mask: 0 (min) 0 (max)
19:40:13 DEBUG   opendrift.models.basemodel.environment:902: ---------------------------------
19:40:13 DEBUG   opendrift.models.physics_methods:823: Calculating Hs from wind, min: 3.829505, mean: 3.909951, max: 3.980582
19:40:13 WARNING opendrift.models.physics_methods:832: Setting wave direction equal to wind direction, min: -36.043533, mean: -35.911804, max: -35.793514
19:40:13 DEBUG   opendrift:689: No elements hit coastline.
19:40:13 DEBUG   opendrift:760: No elements hit seafloor.
19:40:13 DEBUG   opendrift:1732: No elements to deactivate
19:40:13 DEBUG   opendrift:2193: Calling OpenBerg.update()
19:40:13 DEBUG   opendrift.models.openberg:507: Advection with surface currents
19:40:13 DEBUG   opendrift.models.openberg:569: Grounding condition: Icebergs grounded = 9
19:40:13 DEBUG   opendrift:1680: Horizontal diffusivity is 0, no random walk.
19:40:13 DEBUG   opendrift:904: to be seeded: 250, already seeded 10
19:40:13 DEBUG   opendrift:926: Released 0 new elements.
19:40:13 DEBUG   opendrift:2135: ======================================================================
19:40:13 INFO    opendrift:2136: 2025-09-24 07:00:00 - step 8 of 1872 - 10 active elements (0 deactivated)
19:40:13 DEBUG   opendrift:2142: 250 elements scheduled.
19:40:13 DEBUG   opendrift:2144: ======================================================================
19:40:13 DEBUG   opendrift:2155: 		74.99825286865234 <- latitude -> 75.06401077448886
19:40:13 DEBUG   opendrift:2155: 		-58.211177825927734 <- longitude -> -58.09977340698242
19:40:13 DEBUG   opendrift:2153: 		z = 0.0
19:40:13 DEBUG   opendrift:2156: ---------------------------------
19:40:13 DEBUG   opendrift.models.basemodel.environment:599: ----------------------------------------
19:40:13 DEBUG   opendrift.models.basemodel.environment:600: Variable group ['sea_floor_depth_below_sea_level', 'sea_water_temperature', 'x_sea_water_velocity', 'y_sea_water_velocity', 'sea_surface_height', 'sea_ice_thickness', 'sea_ice_area_fraction', 'sea_ice_x_velocity', 'sea_ice_y_velocity']
19:40:13 DEBUG   opendrift.models.basemodel.environment:601: ----------------------------------------
19:40:13 DEBUG   opendrift.models.basemodel.environment:605: Calling reader Ensemble reader
19:40:13 DEBUG   opendrift.models.basemodel.environment:606: ----------------------------------------
19:40:13 DEBUG   opendrift.models.basemodel.environment:626: Data needed for 10 elements
19:40:13 DEBUG   opendrift.readers.basereader.variables:761: Fetching variables from Ensemble reader covering 10 elements
19:40:13 DEBUG   opendrift.readers.basereader.structured:220: Reader time:
		2025-09-23 12:00:00 (before)
		2025-09-24 12:00:00 (after)
19:40:13 DEBUG   opendrift.readers.basereader.structured:334: Interpolating before (2025-09-23 12:00:00) in space  (linearNDFast)
19:40:13 DEBUG   opendrift.readers.interpolation.structured:97: Initialising interpolator.
19:40:13 DEBUG   opendrift.readers.interpolation.structured:122: Interpolating 10 ensembles for sea_floor_depth_below_sea_level
19:40:13 DEBUG   opendrift.readers.interpolation.structured:122: Interpolating 10 ensembles for sea_water_temperature
19:40:13 DEBUG   opendrift.readers.interpolation.interpolators:115: Converting masked array to numpy array for interpolation
19:40:13 DEBUG   opendrift.readers.interpolation.interpolators:115: Converting masked array to numpy array for interpolation
19:40:13 DEBUG   opendrift.readers.interpolation.interpolators:115: Converting masked array to numpy array for interpolation
19:40:13 DEBUG   opendrift.readers.interpolation.interpolators:115: Converting masked array to numpy array for interpolation
19:40:13 DEBUG   opendrift.readers.interpolation.interpolators:115: Converting masked array to numpy array for interpolation
19:40:13 DEBUG   opendrift.readers.interpolation.interpolators:115: Converting masked array to numpy array for interpolation
19:40:13 DEBUG   opendrift.readers.interpolation.interpolators:115: Converting masked array to numpy array for interpolation
19:40:13 DEBUG   opendrift.readers.interpolation.interpolators:115: Converting masked array to numpy array for interpolation
19:40:13 DEBUG   opendrift.readers.interpolation.interpolators:115: Converting masked array to numpy array for interpolation
19:40:13 DEBUG   opendrift.readers.interpolation.interpolators:115: Converting masked array to numpy array for interpolation
19:40:13 DEBUG   opendrift.readers.interpolation.interpolators:115: Converting masked array to numpy array for interpolation
19:40:13 DEBUG   opendrift.readers.interpolation.interpolators:115: Converting masked array to numpy array for interpolation
19:40:13 DEBUG   opendrift.readers.interpolation.interpolators:115: Converting masked array to numpy array for interpolation
19:40:13 DEBUG   opendrift.readers.interpolation.interpolators:115: Converting masked array to numpy array for interpolation
19:40:13 DEBUG   opendrift.readers.interpolation.interpolators:115: Converting masked array to numpy array for interpolation
19:40:13 DEBUG   opendrift.readers.interpolation.interpolators:115: Converting masked array to numpy array for interpolation
19:40:13 DEBUG   opendrift.readers.interpolation.interpolators:115: Converting masked array to numpy array for interpolation
19:40:13 DEBUG   opendrift.readers.interpolation.interpolators:115: Converting masked array to numpy array for interpolation
19:40:13 DEBUG   opendrift.readers.interpolation.interpolators:115: Converting masked array to numpy array for interpolation
19:40:13 DEBUG   opendrift.readers.interpolation.interpolators:115: Converting masked array to numpy array for interpolation
19:40:13 DEBUG   opendrift.readers.interpolation.structured:122: Interpolating 10 ensembles for x_sea_water_velocity
19:40:13 DEBUG   opendrift.readers.interpolation.structured:122: Interpolating 10 ensembles for y_sea_water_velocity
19:40:13 DEBUG   opendrift.readers.interpolation.structured:122: Interpolating 10 ensembles for sea_surface_height
19:40:13 DEBUG   opendrift.readers.interpolation.interpolators:115: Converting masked array to numpy array for interpolation
19:40:13 DEBUG   opendrift.readers.interpolation.interpolators:115: Converting masked array to numpy array for interpolation
19:40:13 DEBUG   opendrift.readers.interpolation.interpolators:115: Converting masked array to numpy array for interpolation
19:40:13 DEBUG   opendrift.readers.interpolation.interpolators:115: Converting masked array to numpy array for interpolation
19:40:13 DEBUG   opendrift.readers.interpolation.interpolators:115: Converting masked array to numpy array for interpolation
19:40:13 DEBUG   opendrift.readers.interpolation.interpolators:115: Converting masked array to numpy array for interpolation
19:40:13 DEBUG   opendrift.readers.interpolation.interpolators:115: Converting masked array to numpy array for interpolation
19:40:13 DEBUG   opendrift.readers.interpolation.interpolators:115: Converting masked array to numpy array for interpolation
19:40:13 DEBUG   opendrift.readers.interpolation.interpolators:115: Converting masked array to numpy array for interpolation
19:40:13 DEBUG   opendrift.readers.interpolation.interpolators:115: Converting masked array to numpy array for interpolation
19:40:13 DEBUG   opendrift.readers.interpolation.structured:122: Interpolating 10 ensembles for sea_ice_thickness
19:40:13 DEBUG   opendrift.readers.interpolation.interpolators:115: Converting masked array to numpy array for interpolation
19:40:13 DEBUG   opendrift.readers.interpolation.interpolators:115: Converting masked array to numpy array for interpolation
19:40:13 DEBUG   opendrift.readers.interpolation.interpolators:115: Converting masked array to numpy array for interpolation
19:40:13 DEBUG   opendrift.readers.interpolation.interpolators:115: Converting masked array to numpy array for interpolation
19:40:13 DEBUG   opendrift.readers.interpolation.interpolators:115: Converting masked array to numpy array for interpolation
19:40:13 DEBUG   opendrift.readers.interpolation.interpolators:115: Converting masked array to numpy array for interpolation
19:40:13 DEBUG   opendrift.readers.interpolation.interpolators:115: Converting masked array to numpy array for interpolation
19:40:13 DEBUG   opendrift.readers.interpolation.interpolators:115: Converting masked array to numpy array for interpolation
19:40:13 DEBUG   opendrift.readers.interpolation.interpolators:115: Converting masked array to numpy array for interpolation
19:40:13 DEBUG   opendrift.readers.interpolation.interpolators:115: Converting masked array to numpy array for interpolation
19:40:13 DEBUG   opendrift.readers.interpolation.structured:122: Interpolating 10 ensembles for sea_ice_area_fraction
19:40:13 DEBUG   opendrift.readers.interpolation.interpolators:115: Converting masked array to numpy array for interpolation
19:40:13 DEBUG   opendrift.readers.interpolation.interpolators:115: Converting masked array to numpy array for interpolation
19:40:13 DEBUG   opendrift.readers.interpolation.interpolators:115: Converting masked array to numpy array for interpolation
19:40:13 DEBUG   opendrift.readers.interpolation.interpolators:115: Converting masked array to numpy array for interpolation
19:40:13 DEBUG   opendrift.readers.interpolation.interpolators:115: Converting masked array to numpy array for interpolation
19:40:13 DEBUG   opendrift.readers.interpolation.interpolators:115: Converting masked array to numpy array for interpolation
19:40:13 DEBUG   opendrift.readers.interpolation.interpolators:115: Converting masked array to numpy array for interpolation
19:40:13 DEBUG   opendrift.readers.interpolation.interpolators:115: Converting masked array to numpy array for interpolation
19:40:13 DEBUG   opendrift.readers.interpolation.interpolators:115: Converting masked array to numpy array for interpolation
19:40:13 DEBUG   opendrift.readers.interpolation.interpolators:115: Converting masked array to numpy array for interpolation
19:40:13 DEBUG   opendrift.readers.interpolation.structured:122: Interpolating 10 ensembles for sea_ice_x_velocity
19:40:13 DEBUG   opendrift.readers.interpolation.interpolators:115: Converting masked array to numpy array for interpolation
19:40:13 DEBUG   opendrift.readers.interpolation.interpolators:115: Converting masked array to numpy array for interpolation
19:40:13 DEBUG   opendrift.readers.interpolation.interpolators:115: Converting masked array to numpy array for interpolation
19:40:13 DEBUG   opendrift.readers.interpolation.interpolators:115: Converting masked array to numpy array for interpolation
19:40:13 DEBUG   opendrift.readers.interpolation.interpolators:115: Converting masked array to numpy array for interpolation
19:40:13 DEBUG   opendrift.readers.interpolation.interpolators:115: Converting masked array to numpy array for interpolation
19:40:13 DEBUG   opendrift.readers.interpolation.interpolators:115: Converting masked array to numpy array for interpolation
19:40:13 DEBUG   opendrift.readers.interpolation.interpolators:115: Converting masked array to numpy array for interpolation
19:40:13 DEBUG   opendrift.readers.interpolation.interpolators:115: Converting masked array to numpy array for interpolation
19:40:13 DEBUG   opendrift.readers.interpolation.interpolators:115: Converting masked array to numpy array for interpolation
19:40:13 DEBUG   opendrift.readers.interpolation.structured:122: Interpolating 10 ensembles for sea_ice_y_velocity
19:40:13 DEBUG   opendrift.readers.interpolation.interpolators:115: Converting masked array to numpy array for interpolation
19:40:13 DEBUG   opendrift.readers.interpolation.interpolators:115: Converting masked array to numpy array for interpolation
19:40:13 DEBUG   opendrift.readers.interpolation.interpolators:115: Converting masked array to numpy array for interpolation
19:40:13 DEBUG   opendrift.readers.interpolation.interpolators:115: Converting masked array to numpy array for interpolation
19:40:13 DEBUG   opendrift.readers.interpolation.interpolators:115: Converting masked array to numpy array for interpolation
19:40:13 DEBUG   opendrift.readers.interpolation.interpolators:115: Converting masked array to numpy array for interpolation
19:40:13 DEBUG   opendrift.readers.interpolation.interpolators:115: Converting masked array to numpy array for interpolation
19:40:13 DEBUG   opendrift.readers.interpolation.interpolators:115: Converting masked array to numpy array for interpolation
19:40:13 DEBUG   opendrift.readers.interpolation.interpolators:115: Converting masked array to numpy array for interpolation
19:40:13 DEBUG   opendrift.readers.interpolation.interpolators:115: Converting masked array to numpy array for interpolation
19:40:13 DEBUG   opendrift.readers.basereader.structured:340: Interpolating after (2025-09-24 12:00:00) in space  (linearNDFast)
19:40:13 DEBUG   opendrift.readers.interpolation.structured:97: Initialising interpolator.
19:40:13 DEBUG   opendrift.readers.interpolation.structured:122: Interpolating 10 ensembles for sea_floor_depth_below_sea_level
19:40:13 DEBUG   opendrift.readers.interpolation.structured:122: Interpolating 10 ensembles for sea_water_temperature
19:40:13 DEBUG   opendrift.readers.interpolation.interpolators:115: Converting masked array to numpy array for interpolation
19:40:13 DEBUG   opendrift.readers.interpolation.interpolators:115: Converting masked array to numpy array for interpolation
19:40:13 DEBUG   opendrift.readers.interpolation.interpolators:115: Converting masked array to numpy array for interpolation
19:40:13 DEBUG   opendrift.readers.interpolation.interpolators:115: Converting masked array to numpy array for interpolation
19:40:13 DEBUG   opendrift.readers.interpolation.interpolators:115: Converting masked array to numpy array for interpolation
19:40:13 DEBUG   opendrift.readers.interpolation.interpolators:115: Converting masked array to numpy array for interpolation
19:40:13 DEBUG   opendrift.readers.interpolation.interpolators:115: Converting masked array to numpy array for interpolation
19:40:13 DEBUG   opendrift.readers.interpolation.interpolators:115: Converting masked array to numpy array for interpolation
19:40:13 DEBUG   opendrift.readers.interpolation.interpolators:115: Converting masked array to numpy array for interpolation
19:40:13 DEBUG   opendrift.readers.interpolation.interpolators:115: Converting masked array to numpy array for interpolation
19:40:13 DEBUG   opendrift.readers.interpolation.interpolators:115: Converting masked array to numpy array for interpolation
19:40:13 DEBUG   opendrift.readers.interpolation.interpolators:115: Converting masked array to numpy array for interpolation
19:40:13 DEBUG   opendrift.readers.interpolation.interpolators:115: Converting masked array to numpy array for interpolation
19:40:13 DEBUG   opendrift.readers.interpolation.interpolators:115: Converting masked array to numpy array for interpolation
19:40:13 DEBUG   opendrift.readers.interpolation.interpolators:115: Converting masked array to numpy array for interpolation
19:40:13 DEBUG   opendrift.readers.interpolation.interpolators:115: Converting masked array to numpy array for interpolation
19:40:13 DEBUG   opendrift.readers.interpolation.interpolators:115: Converting masked array to numpy array for interpolation
19:40:13 DEBUG   opendrift.readers.interpolation.interpolators:115: Converting masked array to numpy array for interpolation
19:40:13 DEBUG   opendrift.readers.interpolation.interpolators:115: Converting masked array to numpy array for interpolation
19:40:13 DEBUG   opendrift.readers.interpolation.interpolators:115: Converting masked array to numpy array for interpolation
19:40:13 DEBUG   opendrift.readers.interpolation.structured:122: Interpolating 10 ensembles for x_sea_water_velocity
19:40:13 DEBUG   opendrift.readers.interpolation.structured:122: Interpolating 10 ensembles for y_sea_water_velocity
19:40:13 DEBUG   opendrift.readers.interpolation.structured:122: Interpolating 10 ensembles for sea_surface_height
19:40:13 DEBUG   opendrift.readers.interpolation.interpolators:115: Converting masked array to numpy array for interpolation
19:40:13 DEBUG   opendrift.readers.interpolation.interpolators:115: Converting masked array to numpy array for interpolation
19:40:13 DEBUG   opendrift.readers.interpolation.interpolators:115: Converting masked array to numpy array for interpolation
19:40:13 DEBUG   opendrift.readers.interpolation.interpolators:115: Converting masked array to numpy array for interpolation
19:40:13 DEBUG   opendrift.readers.interpolation.interpolators:115: Converting masked array to numpy array for interpolation
19:40:13 DEBUG   opendrift.readers.interpolation.interpolators:115: Converting masked array to numpy array for interpolation
19:40:13 DEBUG   opendrift.readers.interpolation.interpolators:115: Converting masked array to numpy array for interpolation
19:40:13 DEBUG   opendrift.readers.interpolation.interpolators:115: Converting masked array to numpy array for interpolation
19:40:13 DEBUG   opendrift.readers.interpolation.interpolators:115: Converting masked array to numpy array for interpolation
19:40:13 DEBUG   opendrift.readers.interpolation.interpolators:115: Converting masked array to numpy array for interpolation
19:40:13 DEBUG   opendrift.readers.interpolation.structured:122: Interpolating 10 ensembles for sea_ice_thickness
19:40:13 DEBUG   opendrift.readers.interpolation.interpolators:115: Converting masked array to numpy array for interpolation
19:40:13 DEBUG   opendrift.readers.interpolation.interpolators:115: Converting masked array to numpy array for interpolation
19:40:13 DEBUG   opendrift.readers.interpolation.interpolators:115: Converting masked array to numpy array for interpolation
19:40:13 DEBUG   opendrift.readers.interpolation.interpolators:115: Converting masked array to numpy array for interpolation
19:40:13 DEBUG   opendrift.readers.interpolation.interpolators:115: Converting masked array to numpy array for interpolation
19:40:13 DEBUG   opendrift.readers.interpolation.interpolators:115: Converting masked array to numpy array for interpolation
19:40:13 DEBUG   opendrift.readers.interpolation.interpolators:115: Converting masked array to numpy array for interpolation
19:40:13 DEBUG   opendrift.readers.interpolation.interpolators:115: Converting masked array to numpy array for interpolation
19:40:13 DEBUG   opendrift.readers.interpolation.interpolators:115: Converting masked array to numpy array for interpolation
19:40:13 DEBUG   opendrift.readers.interpolation.interpolators:115: Converting masked array to numpy array for interpolation
19:40:13 DEBUG   opendrift.readers.interpolation.structured:122: Interpolating 10 ensembles for sea_ice_area_fraction
19:40:13 DEBUG   opendrift.readers.interpolation.interpolators:115: Converting masked array to numpy array for interpolation
19:40:13 DEBUG   opendrift.readers.interpolation.interpolators:115: Converting masked array to numpy array for interpolation
19:40:13 DEBUG   opendrift.readers.interpolation.interpolators:115: Converting masked array to numpy array for interpolation
19:40:13 DEBUG   opendrift.readers.interpolation.interpolators:115: Converting masked array to numpy array for interpolation
19:40:13 DEBUG   opendrift.readers.interpolation.interpolators:115: Converting masked array to numpy array for interpolation
19:40:13 DEBUG   opendrift.readers.interpolation.interpolators:115: Converting masked array to numpy array for interpolation
19:40:13 DEBUG   opendrift.readers.interpolation.interpolators:115: Converting masked array to numpy array for interpolation
19:40:13 DEBUG   opendrift.readers.interpolation.interpolators:115: Converting masked array to numpy array for interpolation
19:40:13 DEBUG   opendrift.readers.interpolation.interpolators:115: Converting masked array to numpy array for interpolation
19:40:13 DEBUG   opendrift.readers.interpolation.interpolators:115: Converting masked array to numpy array for interpolation
19:40:13 DEBUG   opendrift.readers.interpolation.structured:122: Interpolating 10 ensembles for sea_ice_x_velocity
19:40:13 DEBUG   opendrift.readers.interpolation.interpolators:115: Converting masked array to numpy array for interpolation
19:40:13 DEBUG   opendrift.readers.interpolation.interpolators:115: Converting masked array to numpy array for interpolation
19:40:13 DEBUG   opendrift.readers.interpolation.interpolators:115: Converting masked array to numpy array for interpolation
19:40:13 DEBUG   opendrift.readers.interpolation.interpolators:115: Converting masked array to numpy array for interpolation
19:40:13 DEBUG   opendrift.readers.interpolation.interpolators:115: Converting masked array to numpy array for interpolation
19:40:13 DEBUG   opendrift.readers.interpolation.interpolators:115: Converting masked array to numpy array for interpolation
19:40:13 DEBUG   opendrift.readers.interpolation.interpolators:115: Converting masked array to numpy array for interpolation
19:40:13 DEBUG   opendrift.readers.interpolation.interpolators:115: Converting masked array to numpy array for interpolation
19:40:13 DEBUG   opendrift.readers.interpolation.interpolators:115: Converting masked array to numpy array for interpolation
19:40:13 DEBUG   opendrift.readers.interpolation.interpolators:115: Converting masked array to numpy array for interpolation
19:40:13 DEBUG   opendrift.readers.interpolation.structured:122: Interpolating 10 ensembles for sea_ice_y_velocity
19:40:13 DEBUG   opendrift.readers.interpolation.interpolators:115: Converting masked array to numpy array for interpolation
19:40:13 DEBUG   opendrift.readers.interpolation.interpolators:115: Converting masked array to numpy array for interpolation
19:40:13 DEBUG   opendrift.readers.interpolation.interpolators:115: Converting masked array to numpy array for interpolation
19:40:13 DEBUG   opendrift.readers.interpolation.interpolators:115: Converting masked array to numpy array for interpolation
19:40:13 DEBUG   opendrift.readers.interpolation.interpolators:115: Converting masked array to numpy array for interpolation
19:40:13 DEBUG   opendrift.readers.interpolation.interpolators:115: Converting masked array to numpy array for interpolation
19:40:13 DEBUG   opendrift.readers.interpolation.interpolators:115: Converting masked array to numpy array for interpolation
19:40:13 DEBUG   opendrift.readers.interpolation.interpolators:115: Converting masked array to numpy array for interpolation
19:40:13 DEBUG   opendrift.readers.interpolation.interpolators:115: Converting masked array to numpy array for interpolation
19:40:13 DEBUG   opendrift.readers.interpolation.interpolators:115: Converting masked array to numpy array for interpolation
19:40:13 DEBUG   opendrift.readers.basereader.structured:355: Interpolating before (2025-09-23 12:00:00, weight 0.21) and
		      after (2025-09-24 12:00:00, weight 0.79) in time
19:40:13 DEBUG   opendrift.readers.basereader.structured:368: Interpolating profiles in time
19:40:13 DEBUG   opendrift.readers.basereader.variables:100: Rotating vectors between -13.216927497249685 and -13.10547946101443 degrees.
19:40:13 DEBUG   opendrift.readers.basereader.variables:100: Rotating vectors between -13.216927497249685 and -13.10547946101443 degrees.
19:40:13 DEBUG   opendrift.readers.basereader.variables:100: Rotating vectors between -13.216927497249685 and -13.10547946101443 degrees.
19:40:13 DEBUG   opendrift.models.basemodel.environment:762: Obtained data for all elements.
19:40:13 DEBUG   opendrift.models.basemodel.environment:599: ----------------------------------------
19:40:13 DEBUG   opendrift.models.basemodel.environment:600: Variable group ['land_binary_mask']
19:40:13 DEBUG   opendrift.models.basemodel.environment:601: ----------------------------------------
19:40:13 DEBUG   opendrift.models.basemodel.environment:605: Calling reader global_landmask
19:40:13 DEBUG   opendrift.models.basemodel.environment:606: ----------------------------------------
19:40:13 DEBUG   opendrift.models.basemodel.environment:626: Data needed for 10 elements
19:40:13 DEBUG   opendrift.readers.basereader.variables:761: Fetching variables from global_landmask covering 10 elements
19:40:13 DEBUG   opendrift.readers.basereader.continuous:37: Fetched env-before
19:40:13 DEBUG   opendrift.readers.basereader.variables:639: Checking land_binary_mask for invalid values
19:40:13 DEBUG   opendrift.readers.basereader.variables:797: Reader projection is latlon - rotation of vectors is not needed.
19:40:13 DEBUG   opendrift.models.basemodel.environment:762: Obtained data for all elements.
19:40:13 DEBUG   opendrift.models.basemodel.environment:599: ----------------------------------------
19:40:13 DEBUG   opendrift.models.basemodel.environment:600: Variable group ['x_wind', 'y_wind']
19:40:13 DEBUG   opendrift.models.basemodel.environment:601: ----------------------------------------
19:40:13 DEBUG   opendrift.models.basemodel.environment:605: Calling reader cmems_obs-wind_glo_phy_nrt_l4_0.125deg_PT1H
19:40:13 DEBUG   opendrift.models.basemodel.environment:606: ----------------------------------------
19:40:13 DEBUG   opendrift.models.basemodel.environment:626: Data needed for 10 elements
19:40:13 DEBUG   opendrift.readers.basereader.variables:761: Fetching variables from cmems_obs-wind_glo_phy_nrt_l4_0.125deg_PT1H covering 10 elements
19:40:13 DEBUG   opendrift.readers.basereader.structured:208: Shifting coordinates to -180-180
19:40:13 DEBUG   opendrift.readers.basereader.structured:220: Reader time:
		2025-09-24 07:00:00 (before)
		2025-09-24 08:00:00 (after)
19:40:13 DEBUG   opendrift.readers.reader_netCDF_CF_generic:470: Using eastward_wind to retrieve x_wind
19:40:13 DEBUG   opendrift.readers.reader_netCDF_CF_generic:470: Using northward_wind to retrieve y_wind
19:40:13 DEBUG   opendrift.readers.reader_netCDF_CF_generic:592: North is up, no rotation necessary
19:40:13 DEBUG   opendrift.readers.basereader.variables:639: Checking x_wind for invalid values
19:40:13 DEBUG   opendrift.readers.basereader.variables:639: Checking y_wind for invalid values
19:40:13 DEBUG   opendrift.readers.basereader.structured:290: Fetched env-block (size 8x7x1) for time before (2025-09-24 07:00:00)
19:40:13 DEBUG   opendrift.readers.basereader.structured:334: Interpolating before (2025-09-24 07:00:00) in space  (linearNDFast)
19:40:13 DEBUG   opendrift.readers.interpolation.structured:97: Initialising interpolator.
19:40:13 DEBUG   opendrift.readers.basereader.structured:388: No time interpolation needed - right on time.
19:40:13 DEBUG   opendrift.readers.basereader.variables:797: Reader projection is latlon - rotation of vectors is not needed.
19:40:13 DEBUG   opendrift.models.basemodel.environment:762: Obtained data for all elements.
19:40:13 DEBUG   opendrift.models.basemodel.environment:775: ---------------------------------------
19:40:13 DEBUG   opendrift.models.basemodel.environment:776: Finished processing all variable groups
19:40:13 DEBUG   opendrift.models.basemodel.environment:812:       Using fallback value 0 for x_sea_water_velocity for 0 profiles
19:40:13 DEBUG   opendrift.models.basemodel.environment:812:       Using fallback value 0 for y_sea_water_velocity for 0 profiles
19:40:13 DEBUG   opendrift.models.basemodel.environment:812:       Using fallback value 2 for sea_water_temperature for 0 profiles
19:40:13 DEBUG   opendrift.models.basemodel.environment:801:       Using fallback value 35 for sea_water_salinity for all profiles
19:40:13 DEBUG   opendrift.models.basemodel.environment:898: ------------ SUMMARY -------------
19:40:13 DEBUG   opendrift.models.basemodel.environment:900:     x_sea_water_velocity: 0.00339 (min) 0.0185141 (max)
19:40:13 DEBUG   opendrift.models.basemodel.environment:900:     y_sea_water_velocity: 0.0831757 (min) 0.190032 (max)
19:40:13 DEBUG   opendrift.models.basemodel.environment:900:     sea_floor_depth_below_sea_level: 32.8162 (min) 63.5334 (max)
19:40:13 DEBUG   opendrift.models.basemodel.environment:900:     sea_surface_height: -0.424039 (min) -0.394545 (max)
19:40:13 DEBUG   opendrift.models.basemodel.environment:900:     sea_surface_x_slope: 0 (min) 0 (max)
19:40:13 DEBUG   opendrift.models.basemodel.environment:900:     sea_surface_y_slope: 0 (min) 0 (max)
19:40:13 DEBUG   opendrift.models.basemodel.environment:900:     x_wind: -7.51922 (min) -7.3188 (max)
19:40:13 DEBUG   opendrift.models.basemodel.environment:900:     y_wind: 10.2278 (min) 10.5805 (max)
19:40:13 DEBUG   opendrift.models.basemodel.environment:900:     horizontal_diffusivity: 0 (min) 0 (max)
19:40:13 DEBUG   opendrift.models.basemodel.environment:900:     sea_surface_wave_significant_height: 0 (min) 0 (max)
19:40:13 DEBUG   opendrift.models.basemodel.environment:900:     sea_surface_wave_from_direction: 0 (min) 0 (max)
19:40:13 DEBUG   opendrift.models.basemodel.environment:900:     sea_surface_wave_stokes_drift_x_velocity: 0 (min) 0 (max)
19:40:13 DEBUG   opendrift.models.basemodel.environment:900:     sea_surface_wave_stokes_drift_y_velocity: 0 (min) 0 (max)
19:40:13 DEBUG   opendrift.models.basemodel.environment:900:     sea_water_temperature: 2.09246 (min) 2.6421 (max)
19:40:13 DEBUG   opendrift.models.basemodel.environment:900:     sea_water_salinity: 35 (min) 35 (max)
19:40:13 DEBUG   opendrift.models.basemodel.environment:900:     sea_ice_area_fraction: 0 (min) 0 (max)
19:40:13 DEBUG   opendrift.models.basemodel.environment:900:     sea_ice_thickness: 0 (min) 0 (max)
19:40:13 DEBUG   opendrift.models.basemodel.environment:900:     sea_ice_x_velocity: 0 (min) 0 (max)
19:40:13 DEBUG   opendrift.models.basemodel.environment:900:     sea_ice_y_velocity: 0 (min) 0 (max)
19:40:13 DEBUG   opendrift.models.basemodel.environment:900:     land_binary_mask: 0 (min) 0 (max)
19:40:13 DEBUG   opendrift.models.basemodel.environment:902: ---------------------------------
19:40:13 DEBUG   opendrift.models.physics_methods:823: Calculating Hs from wind, min: 3.891032, mean: 3.967175, max: 4.144735
19:40:13 WARNING opendrift.models.physics_methods:832: Setting wave direction equal to wind direction, min: -35.662319, mean: -35.594608, max: -35.400208
19:40:13 DEBUG   opendrift:689: No elements hit coastline.
19:40:13 DEBUG   opendrift:760: No elements hit seafloor.
19:40:13 DEBUG   opendrift:1732: No elements to deactivate
19:40:13 DEBUG   opendrift:2193: Calling OpenBerg.update()
19:40:13 DEBUG   opendrift.models.openberg:507: Advection with surface currents
19:40:13 DEBUG   opendrift.models.openberg:569: Grounding condition: Icebergs grounded = 9
19:40:13 DEBUG   opendrift:1680: Horizontal diffusivity is 0, no random walk.
19:40:13 DEBUG   opendrift:904: to be seeded: 250, already seeded 10
19:40:13 DEBUG   opendrift:926: Released 0 new elements.
19:40:13 DEBUG   opendrift:2135: ======================================================================
19:40:13 INFO    opendrift:2136: 2025-09-24 08:00:00 - step 9 of 1872 - 10 active elements (0 deactivated)
19:40:13 DEBUG   opendrift:2142: 250 elements scheduled.
19:40:13 DEBUG   opendrift:2144: ======================================================================
19:40:13 DEBUG   opendrift:2155: 		74.99825286865234 <- latitude -> 75.07499609383441
19:40:13 DEBUG   opendrift:2155: 		-58.211177825927734 <- longitude -> -58.09977340698242
19:40:13 DEBUG   opendrift:2153: 		z = 0.0
19:40:13 DEBUG   opendrift:2156: ---------------------------------
19:40:13 DEBUG   opendrift.models.basemodel.environment:599: ----------------------------------------
19:40:13 DEBUG   opendrift.models.basemodel.environment:600: Variable group ['sea_floor_depth_below_sea_level', 'sea_water_temperature', 'x_sea_water_velocity', 'y_sea_water_velocity', 'sea_surface_height', 'sea_ice_thickness', 'sea_ice_area_fraction', 'sea_ice_x_velocity', 'sea_ice_y_velocity']
19:40:13 DEBUG   opendrift.models.basemodel.environment:601: ----------------------------------------
19:40:13 DEBUG   opendrift.models.basemodel.environment:605: Calling reader Ensemble reader
19:40:13 DEBUG   opendrift.models.basemodel.environment:606: ----------------------------------------
19:40:13 DEBUG   opendrift.models.basemodel.environment:626: Data needed for 10 elements
19:40:13 DEBUG   opendrift.readers.basereader.variables:761: Fetching variables from Ensemble reader covering 10 elements
19:40:13 DEBUG   opendrift.readers.basereader.structured:220: Reader time:
		2025-09-23 12:00:00 (before)
		2025-09-24 12:00:00 (after)
19:40:13 DEBUG   opendrift.readers.basereader.structured:334: Interpolating before (2025-09-23 12:00:00) in space  (linearNDFast)
19:40:13 DEBUG   opendrift.readers.interpolation.structured:97: Initialising interpolator.
19:40:13 DEBUG   opendrift.readers.interpolation.structured:122: Interpolating 10 ensembles for sea_floor_depth_below_sea_level
19:40:13 DEBUG   opendrift.readers.interpolation.structured:122: Interpolating 10 ensembles for sea_water_temperature
19:40:13 DEBUG   opendrift.readers.interpolation.interpolators:115: Converting masked array to numpy array for interpolation
19:40:13 DEBUG   opendrift.readers.interpolation.interpolators:115: Converting masked array to numpy array for interpolation
19:40:13 DEBUG   opendrift.readers.interpolation.interpolators:115: Converting masked array to numpy array for interpolation
19:40:13 DEBUG   opendrift.readers.interpolation.interpolators:115: Converting masked array to numpy array for interpolation
19:40:13 DEBUG   opendrift.readers.interpolation.interpolators:115: Converting masked array to numpy array for interpolation
19:40:13 DEBUG   opendrift.readers.interpolation.interpolators:115: Converting masked array to numpy array for interpolation
19:40:13 DEBUG   opendrift.readers.interpolation.interpolators:115: Converting masked array to numpy array for interpolation
19:40:13 DEBUG   opendrift.readers.interpolation.interpolators:115: Converting masked array to numpy array for interpolation
19:40:13 DEBUG   opendrift.readers.interpolation.interpolators:115: Converting masked array to numpy array for interpolation
19:40:13 DEBUG   opendrift.readers.interpolation.interpolators:115: Converting masked array to numpy array for interpolation
19:40:13 DEBUG   opendrift.readers.interpolation.interpolators:115: Converting masked array to numpy array for interpolation
19:40:13 DEBUG   opendrift.readers.interpolation.interpolators:115: Converting masked array to numpy array for interpolation
19:40:13 DEBUG   opendrift.readers.interpolation.interpolators:115: Converting masked array to numpy array for interpolation
19:40:13 DEBUG   opendrift.readers.interpolation.interpolators:115: Converting masked array to numpy array for interpolation
19:40:13 DEBUG   opendrift.readers.interpolation.interpolators:115: Converting masked array to numpy array for interpolation
19:40:13 DEBUG   opendrift.readers.interpolation.interpolators:115: Converting masked array to numpy array for interpolation
19:40:13 DEBUG   opendrift.readers.interpolation.interpolators:115: Converting masked array to numpy array for interpolation
19:40:13 DEBUG   opendrift.readers.interpolation.interpolators:115: Converting masked array to numpy array for interpolation
19:40:13 DEBUG   opendrift.readers.interpolation.interpolators:115: Converting masked array to numpy array for interpolation
19:40:13 DEBUG   opendrift.readers.interpolation.interpolators:115: Converting masked array to numpy array for interpolation
19:40:13 DEBUG   opendrift.readers.interpolation.structured:122: Interpolating 10 ensembles for x_sea_water_velocity
19:40:13 DEBUG   opendrift.readers.interpolation.structured:122: Interpolating 10 ensembles for y_sea_water_velocity
19:40:13 DEBUG   opendrift.readers.interpolation.structured:122: Interpolating 10 ensembles for sea_surface_height
19:40:13 DEBUG   opendrift.readers.interpolation.interpolators:115: Converting masked array to numpy array for interpolation
19:40:13 DEBUG   opendrift.readers.interpolation.interpolators:115: Converting masked array to numpy array for interpolation
19:40:13 DEBUG   opendrift.readers.interpolation.interpolators:115: Converting masked array to numpy array for interpolation
19:40:13 DEBUG   opendrift.readers.interpolation.interpolators:115: Converting masked array to numpy array for interpolation
19:40:13 DEBUG   opendrift.readers.interpolation.interpolators:115: Converting masked array to numpy array for interpolation
19:40:13 DEBUG   opendrift.readers.interpolation.interpolators:115: Converting masked array to numpy array for interpolation
19:40:13 DEBUG   opendrift.readers.interpolation.interpolators:115: Converting masked array to numpy array for interpolation
19:40:13 DEBUG   opendrift.readers.interpolation.interpolators:115: Converting masked array to numpy array for interpolation
19:40:13 DEBUG   opendrift.readers.interpolation.interpolators:115: Converting masked array to numpy array for interpolation
19:40:13 DEBUG   opendrift.readers.interpolation.interpolators:115: Converting masked array to numpy array for interpolation
19:40:13 DEBUG   opendrift.readers.interpolation.structured:122: Interpolating 10 ensembles for sea_ice_thickness
19:40:13 DEBUG   opendrift.readers.interpolation.interpolators:115: Converting masked array to numpy array for interpolation
19:40:13 DEBUG   opendrift.readers.interpolation.interpolators:115: Converting masked array to numpy array for interpolation
19:40:13 DEBUG   opendrift.readers.interpolation.interpolators:115: Converting masked array to numpy array for interpolation
19:40:13 DEBUG   opendrift.readers.interpolation.interpolators:115: Converting masked array to numpy array for interpolation
19:40:13 DEBUG   opendrift.readers.interpolation.interpolators:115: Converting masked array to numpy array for interpolation
19:40:13 DEBUG   opendrift.readers.interpolation.interpolators:115: Converting masked array to numpy array for interpolation
19:40:13 DEBUG   opendrift.readers.interpolation.interpolators:115: Converting masked array to numpy array for interpolation
19:40:13 DEBUG   opendrift.readers.interpolation.interpolators:115: Converting masked array to numpy array for interpolation
19:40:13 DEBUG   opendrift.readers.interpolation.interpolators:115: Converting masked array to numpy array for interpolation
19:40:13 DEBUG   opendrift.readers.interpolation.interpolators:115: Converting masked array to numpy array for interpolation
19:40:13 DEBUG   opendrift.readers.interpolation.structured:122: Interpolating 10 ensembles for sea_ice_area_fraction
19:40:13 DEBUG   opendrift.readers.interpolation.interpolators:115: Converting masked array to numpy array for interpolation
19:40:13 DEBUG   opendrift.readers.interpolation.interpolators:115: Converting masked array to numpy array for interpolation
19:40:13 DEBUG   opendrift.readers.interpolation.interpolators:115: Converting masked array to numpy array for interpolation
19:40:13 DEBUG   opendrift.readers.interpolation.interpolators:115: Converting masked array to numpy array for interpolation
19:40:13 DEBUG   opendrift.readers.interpolation.interpolators:115: Converting masked array to numpy array for interpolation
19:40:13 DEBUG   opendrift.readers.interpolation.interpolators:115: Converting masked array to numpy array for interpolation
19:40:13 DEBUG   opendrift.readers.interpolation.interpolators:115: Converting masked array to numpy array for interpolation
19:40:13 DEBUG   opendrift.readers.interpolation.interpolators:115: Converting masked array to numpy array for interpolation
19:40:13 DEBUG   opendrift.readers.interpolation.interpolators:115: Converting masked array to numpy array for interpolation
19:40:13 DEBUG   opendrift.readers.interpolation.interpolators:115: Converting masked array to numpy array for interpolation
19:40:13 DEBUG   opendrift.readers.interpolation.structured:122: Interpolating 10 ensembles for sea_ice_x_velocity
19:40:13 DEBUG   opendrift.readers.interpolation.interpolators:115: Converting masked array to numpy array for interpolation
19:40:13 DEBUG   opendrift.readers.interpolation.interpolators:115: Converting masked array to numpy array for interpolation
19:40:13 DEBUG   opendrift.readers.interpolation.interpolators:115: Converting masked array to numpy array for interpolation
19:40:13 DEBUG   opendrift.readers.interpolation.interpolators:115: Converting masked array to numpy array for interpolation
19:40:13 DEBUG   opendrift.readers.interpolation.interpolators:115: Converting masked array to numpy array for interpolation
19:40:13 DEBUG   opendrift.readers.interpolation.interpolators:115: Converting masked array to numpy array for interpolation
19:40:13 DEBUG   opendrift.readers.interpolation.interpolators:115: Converting masked array to numpy array for interpolation
19:40:13 DEBUG   opendrift.readers.interpolation.interpolators:115: Converting masked array to numpy array for interpolation
19:40:13 DEBUG   opendrift.readers.interpolation.interpolators:115: Converting masked array to numpy array for interpolation
19:40:13 DEBUG   opendrift.readers.interpolation.interpolators:115: Converting masked array to numpy array for interpolation
19:40:13 DEBUG   opendrift.readers.interpolation.structured:122: Interpolating 10 ensembles for sea_ice_y_velocity
19:40:13 DEBUG   opendrift.readers.interpolation.interpolators:115: Converting masked array to numpy array for interpolation
19:40:13 DEBUG   opendrift.readers.interpolation.interpolators:115: Converting masked array to numpy array for interpolation
19:40:13 DEBUG   opendrift.readers.interpolation.interpolators:115: Converting masked array to numpy array for interpolation
19:40:13 DEBUG   opendrift.readers.interpolation.interpolators:115: Converting masked array to numpy array for interpolation
19:40:13 DEBUG   opendrift.readers.interpolation.interpolators:115: Converting masked array to numpy array for interpolation
19:40:13 DEBUG   opendrift.readers.interpolation.interpolators:115: Converting masked array to numpy array for interpolation
19:40:13 DEBUG   opendrift.readers.interpolation.interpolators:115: Converting masked array to numpy array for interpolation
19:40:13 DEBUG   opendrift.readers.interpolation.interpolators:115: Converting masked array to numpy array for interpolation
19:40:13 DEBUG   opendrift.readers.interpolation.interpolators:115: Converting masked array to numpy array for interpolation
19:40:13 DEBUG   opendrift.readers.interpolation.interpolators:115: Converting masked array to numpy array for interpolation
19:40:13 DEBUG   opendrift.readers.basereader.structured:340: Interpolating after (2025-09-24 12:00:00) in space  (linearNDFast)
19:40:13 DEBUG   opendrift.readers.interpolation.structured:97: Initialising interpolator.
19:40:13 DEBUG   opendrift.readers.interpolation.structured:122: Interpolating 10 ensembles for sea_floor_depth_below_sea_level
19:40:13 DEBUG   opendrift.readers.interpolation.structured:122: Interpolating 10 ensembles for sea_water_temperature
19:40:13 DEBUG   opendrift.readers.interpolation.interpolators:115: Converting masked array to numpy array for interpolation
19:40:13 DEBUG   opendrift.readers.interpolation.interpolators:115: Converting masked array to numpy array for interpolation
19:40:13 DEBUG   opendrift.readers.interpolation.interpolators:115: Converting masked array to numpy array for interpolation
19:40:13 DEBUG   opendrift.readers.interpolation.interpolators:115: Converting masked array to numpy array for interpolation
19:40:13 DEBUG   opendrift.readers.interpolation.interpolators:115: Converting masked array to numpy array for interpolation
19:40:13 DEBUG   opendrift.readers.interpolation.interpolators:115: Converting masked array to numpy array for interpolation
19:40:13 DEBUG   opendrift.readers.interpolation.interpolators:115: Converting masked array to numpy array for interpolation
19:40:13 DEBUG   opendrift.readers.interpolation.interpolators:115: Converting masked array to numpy array for interpolation
19:40:13 DEBUG   opendrift.readers.interpolation.interpolators:115: Converting masked array to numpy array for interpolation
19:40:13 DEBUG   opendrift.readers.interpolation.interpolators:115: Converting masked array to numpy array for interpolation
19:40:13 DEBUG   opendrift.readers.interpolation.interpolators:115: Converting masked array to numpy array for interpolation
19:40:13 DEBUG   opendrift.readers.interpolation.interpolators:115: Converting masked array to numpy array for interpolation
19:40:13 DEBUG   opendrift.readers.interpolation.interpolators:115: Converting masked array to numpy array for interpolation
19:40:13 DEBUG   opendrift.readers.interpolation.interpolators:115: Converting masked array to numpy array for interpolation
19:40:13 DEBUG   opendrift.readers.interpolation.interpolators:115: Converting masked array to numpy array for interpolation
19:40:13 DEBUG   opendrift.readers.interpolation.interpolators:115: Converting masked array to numpy array for interpolation
19:40:13 DEBUG   opendrift.readers.interpolation.interpolators:115: Converting masked array to numpy array for interpolation
19:40:13 DEBUG   opendrift.readers.interpolation.interpolators:115: Converting masked array to numpy array for interpolation
19:40:13 DEBUG   opendrift.readers.interpolation.interpolators:115: Converting masked array to numpy array for interpolation
19:40:13 DEBUG   opendrift.readers.interpolation.interpolators:115: Converting masked array to numpy array for interpolation
19:40:13 DEBUG   opendrift.readers.interpolation.structured:122: Interpolating 10 ensembles for x_sea_water_velocity
19:40:13 DEBUG   opendrift.readers.interpolation.structured:122: Interpolating 10 ensembles for y_sea_water_velocity
19:40:13 DEBUG   opendrift.readers.interpolation.structured:122: Interpolating 10 ensembles for sea_surface_height
19:40:13 DEBUG   opendrift.readers.interpolation.interpolators:115: Converting masked array to numpy array for interpolation
19:40:13 DEBUG   opendrift.readers.interpolation.interpolators:115: Converting masked array to numpy array for interpolation
19:40:13 DEBUG   opendrift.readers.interpolation.interpolators:115: Converting masked array to numpy array for interpolation
19:40:13 DEBUG   opendrift.readers.interpolation.interpolators:115: Converting masked array to numpy array for interpolation
19:40:13 DEBUG   opendrift.readers.interpolation.interpolators:115: Converting masked array to numpy array for interpolation
19:40:13 DEBUG   opendrift.readers.interpolation.interpolators:115: Converting masked array to numpy array for interpolation
19:40:13 DEBUG   opendrift.readers.interpolation.interpolators:115: Converting masked array to numpy array for interpolation
19:40:13 DEBUG   opendrift.readers.interpolation.interpolators:115: Converting masked array to numpy array for interpolation
19:40:13 DEBUG   opendrift.readers.interpolation.interpolators:115: Converting masked array to numpy array for interpolation
19:40:13 DEBUG   opendrift.readers.interpolation.interpolators:115: Converting masked array to numpy array for interpolation
19:40:13 DEBUG   opendrift.readers.interpolation.structured:122: Interpolating 10 ensembles for sea_ice_thickness
19:40:13 DEBUG   opendrift.readers.interpolation.interpolators:115: Converting masked array to numpy array for interpolation
19:40:13 DEBUG   opendrift.readers.interpolation.interpolators:115: Converting masked array to numpy array for interpolation
19:40:13 DEBUG   opendrift.readers.interpolation.interpolators:115: Converting masked array to numpy array for interpolation
19:40:13 DEBUG   opendrift.readers.interpolation.interpolators:115: Converting masked array to numpy array for interpolation
19:40:13 DEBUG   opendrift.readers.interpolation.interpolators:115: Converting masked array to numpy array for interpolation
19:40:13 DEBUG   opendrift.readers.interpolation.interpolators:115: Converting masked array to numpy array for interpolation
19:40:13 DEBUG   opendrift.readers.interpolation.interpolators:115: Converting masked array to numpy array for interpolation
19:40:13 DEBUG   opendrift.readers.interpolation.interpolators:115: Converting masked array to numpy array for interpolation
19:40:13 DEBUG   opendrift.readers.interpolation.interpolators:115: Converting masked array to numpy array for interpolation
19:40:13 DEBUG   opendrift.readers.interpolation.interpolators:115: Converting masked array to numpy array for interpolation
19:40:13 DEBUG   opendrift.readers.interpolation.structured:122: Interpolating 10 ensembles for sea_ice_area_fraction
19:40:13 DEBUG   opendrift.readers.interpolation.interpolators:115: Converting masked array to numpy array for interpolation
19:40:13 DEBUG   opendrift.readers.interpolation.interpolators:115: Converting masked array to numpy array for interpolation
19:40:13 DEBUG   opendrift.readers.interpolation.interpolators:115: Converting masked array to numpy array for interpolation
19:40:13 DEBUG   opendrift.readers.interpolation.interpolators:115: Converting masked array to numpy array for interpolation
19:40:13 DEBUG   opendrift.readers.interpolation.interpolators:115: Converting masked array to numpy array for interpolation
19:40:13 DEBUG   opendrift.readers.interpolation.interpolators:115: Converting masked array to numpy array for interpolation
19:40:13 DEBUG   opendrift.readers.interpolation.interpolators:115: Converting masked array to numpy array for interpolation
19:40:13 DEBUG   opendrift.readers.interpolation.interpolators:115: Converting masked array to numpy array for interpolation
19:40:13 DEBUG   opendrift.readers.interpolation.interpolators:115: Converting masked array to numpy array for interpolation
19:40:13 DEBUG   opendrift.readers.interpolation.interpolators:115: Converting masked array to numpy array for interpolation
19:40:13 DEBUG   opendrift.readers.interpolation.structured:122: Interpolating 10 ensembles for sea_ice_x_velocity
19:40:13 DEBUG   opendrift.readers.interpolation.interpolators:115: Converting masked array to numpy array for interpolation
19:40:13 DEBUG   opendrift.readers.interpolation.interpolators:115: Converting masked array to numpy array for interpolation
19:40:13 DEBUG   opendrift.readers.interpolation.interpolators:115: Converting masked array to numpy array for interpolation
19:40:13 DEBUG   opendrift.readers.interpolation.interpolators:115: Converting masked array to numpy array for interpolation
19:40:13 DEBUG   opendrift.readers.interpolation.interpolators:115: Converting masked array to numpy array for interpolation
19:40:13 DEBUG   opendrift.readers.interpolation.interpolators:115: Converting masked array to numpy array for interpolation
19:40:13 DEBUG   opendrift.readers.interpolation.interpolators:115: Converting masked array to numpy array for interpolation
19:40:13 DEBUG   opendrift.readers.interpolation.interpolators:115: Converting masked array to numpy array for interpolation
19:40:13 DEBUG   opendrift.readers.interpolation.interpolators:115: Converting masked array to numpy array for interpolation
19:40:13 DEBUG   opendrift.readers.interpolation.interpolators:115: Converting masked array to numpy array for interpolation
19:40:13 DEBUG   opendrift.readers.interpolation.structured:122: Interpolating 10 ensembles for sea_ice_y_velocity
19:40:13 DEBUG   opendrift.readers.interpolation.interpolators:115: Converting masked array to numpy array for interpolation
19:40:13 DEBUG   opendrift.readers.interpolation.interpolators:115: Converting masked array to numpy array for interpolation
19:40:13 DEBUG   opendrift.readers.interpolation.interpolators:115: Converting masked array to numpy array for interpolation
19:40:13 DEBUG   opendrift.readers.interpolation.interpolators:115: Converting masked array to numpy array for interpolation
19:40:13 DEBUG   opendrift.readers.interpolation.interpolators:115: Converting masked array to numpy array for interpolation
19:40:13 DEBUG   opendrift.readers.interpolation.interpolators:115: Converting masked array to numpy array for interpolation
19:40:13 DEBUG   opendrift.readers.interpolation.interpolators:115: Converting masked array to numpy array for interpolation
19:40:13 DEBUG   opendrift.readers.interpolation.interpolators:115: Converting masked array to numpy array for interpolation
19:40:13 DEBUG   opendrift.readers.interpolation.interpolators:115: Converting masked array to numpy array for interpolation
19:40:13 DEBUG   opendrift.readers.interpolation.interpolators:115: Converting masked array to numpy array for interpolation
19:40:13 DEBUG   opendrift.readers.basereader.structured:355: Interpolating before (2025-09-23 12:00:00, weight 0.17) and
		      after (2025-09-24 12:00:00, weight 0.83) in time
19:40:13 DEBUG   opendrift.readers.basereader.structured:368: Interpolating profiles in time
19:40:13 DEBUG   opendrift.readers.basereader.variables:100: Rotating vectors between -13.216927497249685 and -13.10547946101443 degrees.
19:40:13 DEBUG   opendrift.readers.basereader.variables:100: Rotating vectors between -13.216927497249685 and -13.10547946101443 degrees.
19:40:13 DEBUG   opendrift.readers.basereader.variables:100: Rotating vectors between -13.216927497249685 and -13.10547946101443 degrees.
19:40:13 DEBUG   opendrift.models.basemodel.environment:762: Obtained data for all elements.
19:40:13 DEBUG   opendrift.models.basemodel.environment:599: ----------------------------------------
19:40:13 DEBUG   opendrift.models.basemodel.environment:600: Variable group ['land_binary_mask']
19:40:13 DEBUG   opendrift.models.basemodel.environment:601: ----------------------------------------
19:40:13 DEBUG   opendrift.models.basemodel.environment:605: Calling reader global_landmask
19:40:13 DEBUG   opendrift.models.basemodel.environment:606: ----------------------------------------
19:40:13 DEBUG   opendrift.models.basemodel.environment:626: Data needed for 10 elements
19:40:13 DEBUG   opendrift.readers.basereader.variables:761: Fetching variables from global_landmask covering 10 elements
19:40:13 DEBUG   opendrift.readers.basereader.continuous:37: Fetched env-before
19:40:13 DEBUG   opendrift.readers.basereader.variables:639: Checking land_binary_mask for invalid values
19:40:13 DEBUG   opendrift.readers.basereader.variables:797: Reader projection is latlon - rotation of vectors is not needed.
19:40:13 DEBUG   opendrift.models.basemodel.environment:762: Obtained data for all elements.
19:40:13 DEBUG   opendrift.models.basemodel.environment:599: ----------------------------------------
19:40:13 DEBUG   opendrift.models.basemodel.environment:600: Variable group ['x_wind', 'y_wind']
19:40:13 DEBUG   opendrift.models.basemodel.environment:601: ----------------------------------------
19:40:13 DEBUG   opendrift.models.basemodel.environment:605: Calling reader cmems_obs-wind_glo_phy_nrt_l4_0.125deg_PT1H
19:40:13 DEBUG   opendrift.models.basemodel.environment:606: ----------------------------------------
19:40:13 DEBUG   opendrift.models.basemodel.environment:626: Data needed for 10 elements
19:40:13 DEBUG   opendrift.readers.basereader.variables:761: Fetching variables from cmems_obs-wind_glo_phy_nrt_l4_0.125deg_PT1H covering 10 elements
19:40:13 DEBUG   opendrift.readers.basereader.structured:208: Shifting coordinates to -180-180
19:40:13 DEBUG   opendrift.readers.basereader.structured:220: Reader time:
		2025-09-24 08:00:00 (before)
		2025-09-24 09:00:00 (after)
19:40:13 DEBUG   opendrift.readers.reader_netCDF_CF_generic:470: Using eastward_wind to retrieve x_wind
19:40:13 DEBUG   opendrift.readers.reader_netCDF_CF_generic:470: Using northward_wind to retrieve y_wind
19:40:13 DEBUG   opendrift.readers.reader_netCDF_CF_generic:592: North is up, no rotation necessary
19:40:13 DEBUG   opendrift.readers.basereader.variables:639: Checking x_wind for invalid values
19:40:13 DEBUG   opendrift.readers.basereader.variables:639: Checking y_wind for invalid values
19:40:13 DEBUG   opendrift.readers.basereader.structured:290: Fetched env-block (size 8x7x1) for time before (2025-09-24 08:00:00)
19:40:13 DEBUG   opendrift.readers.basereader.structured:334: Interpolating before (2025-09-24 08:00:00) in space  (linearNDFast)
19:40:13 DEBUG   opendrift.readers.interpolation.structured:97: Initialising interpolator.
19:40:13 DEBUG   opendrift.readers.basereader.structured:388: No time interpolation needed - right on time.
19:40:13 DEBUG   opendrift.readers.basereader.variables:797: Reader projection is latlon - rotation of vectors is not needed.
19:40:13 DEBUG   opendrift.models.basemodel.environment:762: Obtained data for all elements.
19:40:13 DEBUG   opendrift.models.basemodel.environment:775: ---------------------------------------
19:40:13 DEBUG   opendrift.models.basemodel.environment:776: Finished processing all variable groups
19:40:13 DEBUG   opendrift.models.basemodel.environment:812:       Using fallback value 0 for x_sea_water_velocity for 0 profiles
19:40:13 DEBUG   opendrift.models.basemodel.environment:812:       Using fallback value 0 for y_sea_water_velocity for 0 profiles
19:40:13 DEBUG   opendrift.models.basemodel.environment:812:       Using fallback value 2 for sea_water_temperature for 0 profiles
19:40:13 DEBUG   opendrift.models.basemodel.environment:801:       Using fallback value 35 for sea_water_salinity for all profiles
19:40:13 DEBUG   opendrift.models.basemodel.environment:898: ------------ SUMMARY -------------
19:40:13 DEBUG   opendrift.models.basemodel.environment:900:     x_sea_water_velocity: 0.00287734 (min) 0.0195962 (max)
19:40:13 DEBUG   opendrift.models.basemodel.environment:900:     y_sea_water_velocity: 0.0900338 (min) 0.202106 (max)
19:40:13 DEBUG   opendrift.models.basemodel.environment:900:     sea_floor_depth_below_sea_level: 31.061 (min) 63.5334 (max)
19:40:13 DEBUG   opendrift.models.basemodel.environment:900:     sea_surface_height: -0.421572 (min) -0.390902 (max)
19:40:13 DEBUG   opendrift.models.basemodel.environment:900:     sea_surface_x_slope: 0 (min) 0 (max)
19:40:13 DEBUG   opendrift.models.basemodel.environment:900:     sea_surface_y_slope: 0 (min) 0 (max)
19:40:13 DEBUG   opendrift.models.basemodel.environment:900:     x_wind: -8.07479 (min) -7.78786 (max)
19:40:13 DEBUG   opendrift.models.basemodel.environment:900:     y_wind: 10.1262 (min) 10.5433 (max)
19:40:13 DEBUG   opendrift.models.basemodel.environment:900:     horizontal_diffusivity: 0 (min) 0 (max)
19:40:13 DEBUG   opendrift.models.basemodel.environment:900:     sea_surface_wave_significant_height: 0 (min) 0 (max)
19:40:13 DEBUG   opendrift.models.basemodel.environment:900:     sea_surface_wave_from_direction: 0 (min) 0 (max)
19:40:13 DEBUG   opendrift.models.basemodel.environment:900:     sea_surface_wave_stokes_drift_x_velocity: 0 (min) 0 (max)
19:40:13 DEBUG   opendrift.models.basemodel.environment:900:     sea_surface_wave_stokes_drift_y_velocity: 0 (min) 0 (max)
19:40:13 DEBUG   opendrift.models.basemodel.environment:900:     sea_water_temperature: 2.08927 (min) 2.63744 (max)
19:40:13 DEBUG   opendrift.models.basemodel.environment:900:     sea_water_salinity: 35 (min) 35 (max)
19:40:13 DEBUG   opendrift.models.basemodel.environment:900:     sea_ice_area_fraction: 0 (min) 0 (max)
19:40:13 DEBUG   opendrift.models.basemodel.environment:900:     sea_ice_thickness: 0 (min) 0 (max)
19:40:13 DEBUG   opendrift.models.basemodel.environment:900:     sea_ice_x_velocity: 0 (min) 0 (max)
19:40:13 DEBUG   opendrift.models.basemodel.environment:900:     sea_ice_y_velocity: 0 (min) 0 (max)
19:40:13 DEBUG   opendrift.models.basemodel.environment:900:     land_binary_mask: 0 (min) 0 (max)
19:40:13 DEBUG   opendrift.models.basemodel.environment:902: ---------------------------------
19:40:13 DEBUG   opendrift.models.physics_methods:823: Calculating Hs from wind, min: 4.014499, mean: 4.100089, max: 4.338521
19:40:13 WARNING opendrift.models.physics_methods:832: Setting wave direction equal to wind direction, min: -37.599842, mean: -37.568977, max: -37.447460
19:40:13 DEBUG   opendrift:689: No elements hit coastline.
19:40:13 DEBUG   opendrift:760: No elements hit seafloor.
19:40:14 DEBUG   opendrift:1732: No elements to deactivate
19:40:14 DEBUG   opendrift:2193: Calling OpenBerg.update()
19:40:14 DEBUG   opendrift.models.openberg:507: Advection with surface currents
19:40:14 DEBUG   opendrift.models.openberg:569: Grounding condition: Icebergs grounded = 9
19:40:14 DEBUG   opendrift:1680: Horizontal diffusivity is 0, no random walk.
19:40:14 DEBUG   opendrift:904: to be seeded: 250, already seeded 10
19:40:14 DEBUG   opendrift:926: Released 0 new elements.
19:40:14 DEBUG   opendrift:2135: ======================================================================
19:40:14 INFO    opendrift:2136: 2025-09-24 09:00:00 - step 10 of 1872 - 10 active elements (0 deactivated)
19:40:14 DEBUG   opendrift:2142: 250 elements scheduled.
19:40:14 DEBUG   opendrift:2144: ======================================================================
19:40:14 DEBUG   opendrift:2155: 		74.99825286865234 <- latitude -> 75.0861869580323
19:40:14 DEBUG   opendrift:2155: 		-58.211177825927734 <- longitude -> -58.09977340698242
19:40:14 DEBUG   opendrift:2153: 		z = 0.0
19:40:14 DEBUG   opendrift:2156: ---------------------------------
19:40:14 DEBUG   opendrift.models.basemodel.environment:599: ----------------------------------------
19:40:14 DEBUG   opendrift.models.basemodel.environment:600: Variable group ['sea_floor_depth_below_sea_level', 'sea_water_temperature', 'x_sea_water_velocity', 'y_sea_water_velocity', 'sea_surface_height', 'sea_ice_thickness', 'sea_ice_area_fraction', 'sea_ice_x_velocity', 'sea_ice_y_velocity']
19:40:14 DEBUG   opendrift.models.basemodel.environment:601: ----------------------------------------
19:40:14 DEBUG   opendrift.models.basemodel.environment:605: Calling reader Ensemble reader
19:40:14 DEBUG   opendrift.models.basemodel.environment:606: ----------------------------------------
19:40:14 DEBUG   opendrift.models.basemodel.environment:626: Data needed for 10 elements
19:40:14 DEBUG   opendrift.readers.basereader.variables:761: Fetching variables from Ensemble reader covering 10 elements
19:40:14 DEBUG   opendrift.readers.basereader.structured:220: Reader time:
		2025-09-23 12:00:00 (before)
		2025-09-24 12:00:00 (after)
19:40:14 DEBUG   opendrift.readers.basereader.structured:334: Interpolating before (2025-09-23 12:00:00) in space  (linearNDFast)
19:40:14 DEBUG   opendrift.readers.interpolation.structured:97: Initialising interpolator.
19:40:14 DEBUG   opendrift.readers.interpolation.structured:122: Interpolating 10 ensembles for sea_floor_depth_below_sea_level
19:40:14 DEBUG   opendrift.readers.interpolation.structured:122: Interpolating 10 ensembles for sea_water_temperature
19:40:14 DEBUG   opendrift.readers.interpolation.interpolators:115: Converting masked array to numpy array for interpolation
19:40:14 DEBUG   opendrift.readers.interpolation.interpolators:115: Converting masked array to numpy array for interpolation
19:40:14 DEBUG   opendrift.readers.interpolation.interpolators:115: Converting masked array to numpy array for interpolation
19:40:14 DEBUG   opendrift.readers.interpolation.interpolators:115: Converting masked array to numpy array for interpolation
19:40:14 DEBUG   opendrift.readers.interpolation.interpolators:115: Converting masked array to numpy array for interpolation
19:40:14 DEBUG   opendrift.readers.interpolation.interpolators:115: Converting masked array to numpy array for interpolation
19:40:14 DEBUG   opendrift.readers.interpolation.interpolators:115: Converting masked array to numpy array for interpolation
19:40:14 DEBUG   opendrift.readers.interpolation.interpolators:115: Converting masked array to numpy array for interpolation
19:40:14 DEBUG   opendrift.readers.interpolation.interpolators:115: Converting masked array to numpy array for interpolation
19:40:14 DEBUG   opendrift.readers.interpolation.interpolators:115: Converting masked array to numpy array for interpolation
19:40:14 DEBUG   opendrift.readers.interpolation.interpolators:115: Converting masked array to numpy array for interpolation
19:40:14 DEBUG   opendrift.readers.interpolation.interpolators:115: Converting masked array to numpy array for interpolation
19:40:14 DEBUG   opendrift.readers.interpolation.interpolators:115: Converting masked array to numpy array for interpolation
19:40:14 DEBUG   opendrift.readers.interpolation.interpolators:115: Converting masked array to numpy array for interpolation
19:40:14 DEBUG   opendrift.readers.interpolation.interpolators:115: Converting masked array to numpy array for interpolation
19:40:14 DEBUG   opendrift.readers.interpolation.interpolators:115: Converting masked array to numpy array for interpolation
19:40:14 DEBUG   opendrift.readers.interpolation.interpolators:115: Converting masked array to numpy array for interpolation
19:40:14 DEBUG   opendrift.readers.interpolation.interpolators:115: Converting masked array to numpy array for interpolation
19:40:14 DEBUG   opendrift.readers.interpolation.interpolators:115: Converting masked array to numpy array for interpolation
19:40:14 DEBUG   opendrift.readers.interpolation.interpolators:115: Converting masked array to numpy array for interpolation
19:40:14 DEBUG   opendrift.readers.interpolation.structured:122: Interpolating 10 ensembles for x_sea_water_velocity
19:40:14 DEBUG   opendrift.readers.interpolation.structured:122: Interpolating 10 ensembles for y_sea_water_velocity
19:40:14 DEBUG   opendrift.readers.interpolation.structured:122: Interpolating 10 ensembles for sea_surface_height
19:40:14 DEBUG   opendrift.readers.interpolation.interpolators:115: Converting masked array to numpy array for interpolation
19:40:14 DEBUG   opendrift.readers.interpolation.interpolators:115: Converting masked array to numpy array for interpolation
19:40:14 DEBUG   opendrift.readers.interpolation.interpolators:115: Converting masked array to numpy array for interpolation
19:40:14 DEBUG   opendrift.readers.interpolation.interpolators:115: Converting masked array to numpy array for interpolation
19:40:14 DEBUG   opendrift.readers.interpolation.interpolators:115: Converting masked array to numpy array for interpolation
19:40:14 DEBUG   opendrift.readers.interpolation.interpolators:115: Converting masked array to numpy array for interpolation
19:40:14 DEBUG   opendrift.readers.interpolation.interpolators:115: Converting masked array to numpy array for interpolation
19:40:14 DEBUG   opendrift.readers.interpolation.interpolators:115: Converting masked array to numpy array for interpolation
19:40:14 DEBUG   opendrift.readers.interpolation.interpolators:115: Converting masked array to numpy array for interpolation
19:40:14 DEBUG   opendrift.readers.interpolation.interpolators:115: Converting masked array to numpy array for interpolation
19:40:14 DEBUG   opendrift.readers.interpolation.structured:122: Interpolating 10 ensembles for sea_ice_thickness
19:40:14 DEBUG   opendrift.readers.interpolation.interpolators:115: Converting masked array to numpy array for interpolation
19:40:14 DEBUG   opendrift.readers.interpolation.interpolators:115: Converting masked array to numpy array for interpolation
19:40:14 DEBUG   opendrift.readers.interpolation.interpolators:115: Converting masked array to numpy array for interpolation
19:40:14 DEBUG   opendrift.readers.interpolation.interpolators:115: Converting masked array to numpy array for interpolation
19:40:14 DEBUG   opendrift.readers.interpolation.interpolators:115: Converting masked array to numpy array for interpolation
19:40:14 DEBUG   opendrift.readers.interpolation.interpolators:115: Converting masked array to numpy array for interpolation
19:40:14 DEBUG   opendrift.readers.interpolation.interpolators:115: Converting masked array to numpy array for interpolation
19:40:14 DEBUG   opendrift.readers.interpolation.interpolators:115: Converting masked array to numpy array for interpolation
19:40:14 DEBUG   opendrift.readers.interpolation.interpolators:115: Converting masked array to numpy array for interpolation
19:40:14 DEBUG   opendrift.readers.interpolation.interpolators:115: Converting masked array to numpy array for interpolation
19:40:14 DEBUG   opendrift.readers.interpolation.structured:122: Interpolating 10 ensembles for sea_ice_area_fraction
19:40:14 DEBUG   opendrift.readers.interpolation.interpolators:115: Converting masked array to numpy array for interpolation
19:40:14 DEBUG   opendrift.readers.interpolation.interpolators:115: Converting masked array to numpy array for interpolation
19:40:14 DEBUG   opendrift.readers.interpolation.interpolators:115: Converting masked array to numpy array for interpolation
19:40:14 DEBUG   opendrift.readers.interpolation.interpolators:115: Converting masked array to numpy array for interpolation
19:40:14 DEBUG   opendrift.readers.interpolation.interpolators:115: Converting masked array to numpy array for interpolation
19:40:14 DEBUG   opendrift.readers.interpolation.interpolators:115: Converting masked array to numpy array for interpolation
19:40:14 DEBUG   opendrift.readers.interpolation.interpolators:115: Converting masked array to numpy array for interpolation
19:40:14 DEBUG   opendrift.readers.interpolation.interpolators:115: Converting masked array to numpy array for interpolation
19:40:14 DEBUG   opendrift.readers.interpolation.interpolators:115: Converting masked array to numpy array for interpolation
19:40:14 DEBUG   opendrift.readers.interpolation.interpolators:115: Converting masked array to numpy array for interpolation
19:40:14 DEBUG   opendrift.readers.interpolation.structured:122: Interpolating 10 ensembles for sea_ice_x_velocity
19:40:14 DEBUG   opendrift.readers.interpolation.interpolators:115: Converting masked array to numpy array for interpolation
19:40:14 DEBUG   opendrift.readers.interpolation.interpolators:115: Converting masked array to numpy array for interpolation
19:40:14 DEBUG   opendrift.readers.interpolation.interpolators:115: Converting masked array to numpy array for interpolation
19:40:14 DEBUG   opendrift.readers.interpolation.interpolators:115: Converting masked array to numpy array for interpolation
19:40:14 DEBUG   opendrift.readers.interpolation.interpolators:115: Converting masked array to numpy array for interpolation
19:40:14 DEBUG   opendrift.readers.interpolation.interpolators:115: Converting masked array to numpy array for interpolation
19:40:14 DEBUG   opendrift.readers.interpolation.interpolators:115: Converting masked array to numpy array for interpolation
19:40:14 DEBUG   opendrift.readers.interpolation.interpolators:115: Converting masked array to numpy array for interpolation
19:40:14 DEBUG   opendrift.readers.interpolation.interpolators:115: Converting masked array to numpy array for interpolation
19:40:14 DEBUG   opendrift.readers.interpolation.interpolators:115: Converting masked array to numpy array for interpolation
19:40:14 DEBUG   opendrift.readers.interpolation.structured:122: Interpolating 10 ensembles for sea_ice_y_velocity
19:40:14 DEBUG   opendrift.readers.interpolation.interpolators:115: Converting masked array to numpy array for interpolation
19:40:14 DEBUG   opendrift.readers.interpolation.interpolators:115: Converting masked array to numpy array for interpolation
19:40:14 DEBUG   opendrift.readers.interpolation.interpolators:115: Converting masked array to numpy array for interpolation
19:40:14 DEBUG   opendrift.readers.interpolation.interpolators:115: Converting masked array to numpy array for interpolation
19:40:14 DEBUG   opendrift.readers.interpolation.interpolators:115: Converting masked array to numpy array for interpolation
19:40:14 DEBUG   opendrift.readers.interpolation.interpolators:115: Converting masked array to numpy array for interpolation
19:40:14 DEBUG   opendrift.readers.interpolation.interpolators:115: Converting masked array to numpy array for interpolation
19:40:14 DEBUG   opendrift.readers.interpolation.interpolators:115: Converting masked array to numpy array for interpolation
19:40:14 DEBUG   opendrift.readers.interpolation.interpolators:115: Converting masked array to numpy array for interpolation
19:40:14 DEBUG   opendrift.readers.interpolation.interpolators:115: Converting masked array to numpy array for interpolation
19:40:14 DEBUG   opendrift.readers.basereader.structured:340: Interpolating after (2025-09-24 12:00:00) in space  (linearNDFast)
19:40:14 DEBUG   opendrift.readers.interpolation.structured:97: Initialising interpolator.
19:40:14 DEBUG   opendrift.readers.interpolation.structured:122: Interpolating 10 ensembles for sea_floor_depth_below_sea_level
19:40:14 DEBUG   opendrift.readers.interpolation.structured:122: Interpolating 10 ensembles for sea_water_temperature
19:40:14 DEBUG   opendrift.readers.interpolation.interpolators:115: Converting masked array to numpy array for interpolation
19:40:14 DEBUG   opendrift.readers.interpolation.interpolators:115: Converting masked array to numpy array for interpolation
19:40:14 DEBUG   opendrift.readers.interpolation.interpolators:115: Converting masked array to numpy array for interpolation
19:40:14 DEBUG   opendrift.readers.interpolation.interpolators:115: Converting masked array to numpy array for interpolation
19:40:14 DEBUG   opendrift.readers.interpolation.interpolators:115: Converting masked array to numpy array for interpolation
19:40:14 DEBUG   opendrift.readers.interpolation.interpolators:115: Converting masked array to numpy array for interpolation
19:40:14 DEBUG   opendrift.readers.interpolation.interpolators:115: Converting masked array to numpy array for interpolation
19:40:14 DEBUG   opendrift.readers.interpolation.interpolators:115: Converting masked array to numpy array for interpolation
19:40:14 DEBUG   opendrift.readers.interpolation.interpolators:115: Converting masked array to numpy array for interpolation
19:40:14 DEBUG   opendrift.readers.interpolation.interpolators:115: Converting masked array to numpy array for interpolation
19:40:14 DEBUG   opendrift.readers.interpolation.interpolators:115: Converting masked array to numpy array for interpolation
19:40:14 DEBUG   opendrift.readers.interpolation.interpolators:115: Converting masked array to numpy array for interpolation
19:40:14 DEBUG   opendrift.readers.interpolation.interpolators:115: Converting masked array to numpy array for interpolation
19:40:14 DEBUG   opendrift.readers.interpolation.interpolators:115: Converting masked array to numpy array for interpolation
19:40:14 DEBUG   opendrift.readers.interpolation.interpolators:115: Converting masked array to numpy array for interpolation
19:40:14 DEBUG   opendrift.readers.interpolation.interpolators:115: Converting masked array to numpy array for interpolation
19:40:14 DEBUG   opendrift.readers.interpolation.interpolators:115: Converting masked array to numpy array for interpolation
19:40:14 DEBUG   opendrift.readers.interpolation.interpolators:115: Converting masked array to numpy array for interpolation
19:40:14 DEBUG   opendrift.readers.interpolation.interpolators:115: Converting masked array to numpy array for interpolation
19:40:14 DEBUG   opendrift.readers.interpolation.interpolators:115: Converting masked array to numpy array for interpolation
19:40:14 DEBUG   opendrift.readers.interpolation.structured:122: Interpolating 10 ensembles for x_sea_water_velocity
19:40:14 DEBUG   opendrift.readers.interpolation.structured:122: Interpolating 10 ensembles for y_sea_water_velocity
19:40:14 DEBUG   opendrift.readers.interpolation.structured:122: Interpolating 10 ensembles for sea_surface_height
19:40:14 DEBUG   opendrift.readers.interpolation.interpolators:115: Converting masked array to numpy array for interpolation
19:40:14 DEBUG   opendrift.readers.interpolation.interpolators:115: Converting masked array to numpy array for interpolation
19:40:14 DEBUG   opendrift.readers.interpolation.interpolators:115: Converting masked array to numpy array for interpolation
19:40:14 DEBUG   opendrift.readers.interpolation.interpolators:115: Converting masked array to numpy array for interpolation
19:40:14 DEBUG   opendrift.readers.interpolation.interpolators:115: Converting masked array to numpy array for interpolation
19:40:14 DEBUG   opendrift.readers.interpolation.interpolators:115: Converting masked array to numpy array for interpolation
19:40:14 DEBUG   opendrift.readers.interpolation.interpolators:115: Converting masked array to numpy array for interpolation
19:40:14 DEBUG   opendrift.readers.interpolation.interpolators:115: Converting masked array to numpy array for interpolation
19:40:14 DEBUG   opendrift.readers.interpolation.interpolators:115: Converting masked array to numpy array for interpolation
19:40:14 DEBUG   opendrift.readers.interpolation.interpolators:115: Converting masked array to numpy array for interpolation
19:40:14 DEBUG   opendrift.readers.interpolation.structured:122: Interpolating 10 ensembles for sea_ice_thickness
19:40:14 DEBUG   opendrift.readers.interpolation.interpolators:115: Converting masked array to numpy array for interpolation
19:40:14 DEBUG   opendrift.readers.interpolation.interpolators:115: Converting masked array to numpy array for interpolation
19:40:14 DEBUG   opendrift.readers.interpolation.interpolators:115: Converting masked array to numpy array for interpolation
19:40:14 DEBUG   opendrift.readers.interpolation.interpolators:115: Converting masked array to numpy array for interpolation
19:40:14 DEBUG   opendrift.readers.interpolation.interpolators:115: Converting masked array to numpy array for interpolation
19:40:14 DEBUG   opendrift.readers.interpolation.interpolators:115: Converting masked array to numpy array for interpolation
19:40:14 DEBUG   opendrift.readers.interpolation.interpolators:115: Converting masked array to numpy array for interpolation
19:40:14 DEBUG   opendrift.readers.interpolation.interpolators:115: Converting masked array to numpy array for interpolation
19:40:14 DEBUG   opendrift.readers.interpolation.interpolators:115: Converting masked array to numpy array for interpolation
19:40:14 DEBUG   opendrift.readers.interpolation.interpolators:115: Converting masked array to numpy array for interpolation
19:40:14 DEBUG   opendrift.readers.interpolation.structured:122: Interpolating 10 ensembles for sea_ice_area_fraction
19:40:14 DEBUG   opendrift.readers.interpolation.interpolators:115: Converting masked array to numpy array for interpolation
19:40:14 DEBUG   opendrift.readers.interpolation.interpolators:115: Converting masked array to numpy array for interpolation
19:40:14 DEBUG   opendrift.readers.interpolation.interpolators:115: Converting masked array to numpy array for interpolation
19:40:14 DEBUG   opendrift.readers.interpolation.interpolators:115: Converting masked array to numpy array for interpolation
19:40:14 DEBUG   opendrift.readers.interpolation.interpolators:115: Converting masked array to numpy array for interpolation
19:40:14 DEBUG   opendrift.readers.interpolation.interpolators:115: Converting masked array to numpy array for interpolation
19:40:14 DEBUG   opendrift.readers.interpolation.interpolators:115: Converting masked array to numpy array for interpolation
19:40:14 DEBUG   opendrift.readers.interpolation.interpolators:115: Converting masked array to numpy array for interpolation
19:40:14 DEBUG   opendrift.readers.interpolation.interpolators:115: Converting masked array to numpy array for interpolation
19:40:14 DEBUG   opendrift.readers.interpolation.interpolators:115: Converting masked array to numpy array for interpolation
19:40:14 DEBUG   opendrift.readers.interpolation.structured:122: Interpolating 10 ensembles for sea_ice_x_velocity
19:40:14 DEBUG   opendrift.readers.interpolation.interpolators:115: Converting masked array to numpy array for interpolation
19:40:14 DEBUG   opendrift.readers.interpolation.interpolators:115: Converting masked array to numpy array for interpolation
19:40:14 DEBUG   opendrift.readers.interpolation.interpolators:115: Converting masked array to numpy array for interpolation
19:40:14 DEBUG   opendrift.readers.interpolation.interpolators:115: Converting masked array to numpy array for interpolation
19:40:14 DEBUG   opendrift.readers.interpolation.interpolators:115: Converting masked array to numpy array for interpolation
19:40:14 DEBUG   opendrift.readers.interpolation.interpolators:115: Converting masked array to numpy array for interpolation
19:40:14 DEBUG   opendrift.readers.interpolation.interpolators:115: Converting masked array to numpy array for interpolation
19:40:14 DEBUG   opendrift.readers.interpolation.interpolators:115: Converting masked array to numpy array for interpolation
19:40:14 DEBUG   opendrift.readers.interpolation.interpolators:115: Converting masked array to numpy array for interpolation
19:40:14 DEBUG   opendrift.readers.interpolation.interpolators:115: Converting masked array to numpy array for interpolation
19:40:14 DEBUG   opendrift.readers.interpolation.structured:122: Interpolating 10 ensembles for sea_ice_y_velocity
19:40:14 DEBUG   opendrift.readers.interpolation.interpolators:115: Converting masked array to numpy array for interpolation
19:40:14 DEBUG   opendrift.readers.interpolation.interpolators:115: Converting masked array to numpy array for interpolation
19:40:14 DEBUG   opendrift.readers.interpolation.interpolators:115: Converting masked array to numpy array for interpolation
19:40:14 DEBUG   opendrift.readers.interpolation.interpolators:115: Converting masked array to numpy array for interpolation
19:40:14 DEBUG   opendrift.readers.interpolation.interpolators:115: Converting masked array to numpy array for interpolation
19:40:14 DEBUG   opendrift.readers.interpolation.interpolators:115: Converting masked array to numpy array for interpolation
19:40:14 DEBUG   opendrift.readers.interpolation.interpolators:115: Converting masked array to numpy array for interpolation
19:40:14 DEBUG   opendrift.readers.interpolation.interpolators:115: Converting masked array to numpy array for interpolation
19:40:14 DEBUG   opendrift.readers.interpolation.interpolators:115: Converting masked array to numpy array for interpolation
19:40:14 DEBUG   opendrift.readers.interpolation.interpolators:115: Converting masked array to numpy array for interpolation
19:40:14 DEBUG   opendrift.readers.basereader.structured:355: Interpolating before (2025-09-23 12:00:00, weight 0.12) and
		      after (2025-09-24 12:00:00, weight 0.88) in time
19:40:14 DEBUG   opendrift.readers.basereader.structured:368: Interpolating profiles in time
19:40:14 DEBUG   opendrift.readers.basereader.variables:100: Rotating vectors between -13.216927497249685 and -13.10547946101443 degrees.
19:40:14 DEBUG   opendrift.readers.basereader.variables:100: Rotating vectors between -13.216927497249685 and -13.10547946101443 degrees.
19:40:14 DEBUG   opendrift.readers.basereader.variables:100: Rotating vectors between -13.216927497249685 and -13.10547946101443 degrees.
19:40:14 DEBUG   opendrift.models.basemodel.environment:762: Obtained data for all elements.
19:40:14 DEBUG   opendrift.models.basemodel.environment:599: ----------------------------------------
19:40:14 DEBUG   opendrift.models.basemodel.environment:600: Variable group ['land_binary_mask']
19:40:14 DEBUG   opendrift.models.basemodel.environment:601: ----------------------------------------
19:40:14 DEBUG   opendrift.models.basemodel.environment:605: Calling reader global_landmask
19:40:14 DEBUG   opendrift.models.basemodel.environment:606: ----------------------------------------
19:40:14 DEBUG   opendrift.models.basemodel.environment:626: Data needed for 10 elements
19:40:14 DEBUG   opendrift.readers.basereader.variables:761: Fetching variables from global_landmask covering 10 elements
19:40:14 DEBUG   opendrift.readers.basereader.continuous:37: Fetched env-before
19:40:14 DEBUG   opendrift.readers.basereader.variables:639: Checking land_binary_mask for invalid values
19:40:14 DEBUG   opendrift.readers.basereader.variables:797: Reader projection is latlon - rotation of vectors is not needed.
19:40:14 DEBUG   opendrift.models.basemodel.environment:762: Obtained data for all elements.
19:40:14 DEBUG   opendrift.models.basemodel.environment:599: ----------------------------------------
19:40:14 DEBUG   opendrift.models.basemodel.environment:600: Variable group ['x_wind', 'y_wind']
19:40:14 DEBUG   opendrift.models.basemodel.environment:601: ----------------------------------------
19:40:14 DEBUG   opendrift.models.basemodel.environment:605: Calling reader cmems_obs-wind_glo_phy_nrt_l4_0.125deg_PT1H
19:40:14 DEBUG   opendrift.models.basemodel.environment:606: ----------------------------------------
19:40:14 DEBUG   opendrift.models.basemodel.environment:626: Data needed for 10 elements
19:40:14 DEBUG   opendrift.readers.basereader.variables:761: Fetching variables from cmems_obs-wind_glo_phy_nrt_l4_0.125deg_PT1H covering 10 elements
19:40:14 DEBUG   opendrift.readers.basereader.structured:208: Shifting coordinates to -180-180
19:40:14 DEBUG   opendrift.readers.basereader.structured:220: Reader time:
		2025-09-24 09:00:00 (before)
		2025-09-24 10:00:00 (after)
19:40:14 DEBUG   opendrift.readers.reader_netCDF_CF_generic:470: Using eastward_wind to retrieve x_wind
19:40:14 DEBUG   opendrift.readers.reader_netCDF_CF_generic:470: Using northward_wind to retrieve y_wind
19:40:14 DEBUG   opendrift.readers.reader_netCDF_CF_generic:592: North is up, no rotation necessary
19:40:14 DEBUG   opendrift.readers.basereader.variables:639: Checking x_wind for invalid values
19:40:14 DEBUG   opendrift.readers.basereader.variables:639: Checking y_wind for invalid values
19:40:14 DEBUG   opendrift.readers.basereader.structured:290: Fetched env-block (size 8x7x1) for time before (2025-09-24 09:00:00)
19:40:14 DEBUG   opendrift.readers.basereader.structured:334: Interpolating before (2025-09-24 09:00:00) in space  (linearNDFast)
19:40:14 DEBUG   opendrift.readers.interpolation.structured:97: Initialising interpolator.
19:40:14 DEBUG   opendrift.readers.basereader.structured:388: No time interpolation needed - right on time.
19:40:14 DEBUG   opendrift.readers.basereader.variables:797: Reader projection is latlon - rotation of vectors is not needed.
19:40:14 DEBUG   opendrift.models.basemodel.environment:762: Obtained data for all elements.
19:40:14 DEBUG   opendrift.models.basemodel.environment:775: ---------------------------------------
19:40:14 DEBUG   opendrift.models.basemodel.environment:776: Finished processing all variable groups
19:40:14 DEBUG   opendrift.models.basemodel.environment:812:       Using fallback value 0 for x_sea_water_velocity for 0 profiles
19:40:14 DEBUG   opendrift.models.basemodel.environment:812:       Using fallback value 0 for y_sea_water_velocity for 0 profiles
19:40:14 DEBUG   opendrift.models.basemodel.environment:812:       Using fallback value 2 for sea_water_temperature for 0 profiles
19:40:14 DEBUG   opendrift.models.basemodel.environment:801:       Using fallback value 35 for sea_water_salinity for all profiles
19:40:14 DEBUG   opendrift.models.basemodel.environment:898: ------------ SUMMARY -------------
19:40:14 DEBUG   opendrift.models.basemodel.environment:900:     x_sea_water_velocity: 0.00236468 (min) 0.0208907 (max)
19:40:14 DEBUG   opendrift.models.basemodel.environment:900:     y_sea_water_velocity: 0.0968919 (min) 0.21418 (max)
19:40:14 DEBUG   opendrift.models.basemodel.environment:900:     sea_floor_depth_below_sea_level: 29.3072 (min) 63.5334 (max)
19:40:14 DEBUG   opendrift.models.basemodel.environment:900:     sea_surface_height: -0.419105 (min) -0.387258 (max)
19:40:14 DEBUG   opendrift.models.basemodel.environment:900:     sea_surface_x_slope: 0 (min) 0 (max)
19:40:14 DEBUG   opendrift.models.basemodel.environment:900:     sea_surface_y_slope: 0 (min) 0 (max)
19:40:14 DEBUG   opendrift.models.basemodel.environment:900:     x_wind: -8.34426 (min) -8.09139 (max)
19:40:14 DEBUG   opendrift.models.basemodel.environment:900:     y_wind: 9.56606 (min) 10.2043 (max)
19:40:14 DEBUG   opendrift.models.basemodel.environment:900:     horizontal_diffusivity: 0 (min) 0 (max)
19:40:14 DEBUG   opendrift.models.basemodel.environment:900:     sea_surface_wave_significant_height: 0 (min) 0 (max)
19:40:14 DEBUG   opendrift.models.basemodel.environment:900:     sea_surface_wave_from_direction: 0 (min) 0 (max)
19:40:14 DEBUG   opendrift.models.basemodel.environment:900:     sea_surface_wave_stokes_drift_x_velocity: 0 (min) 0 (max)
19:40:14 DEBUG   opendrift.models.basemodel.environment:900:     sea_surface_wave_stokes_drift_y_velocity: 0 (min) 0 (max)
19:40:14 DEBUG   opendrift.models.basemodel.environment:900:     sea_water_temperature: 2.08608 (min) 2.63277 (max)
19:40:14 DEBUG   opendrift.models.basemodel.environment:900:     sea_water_salinity: 35 (min) 35 (max)
19:40:14 DEBUG   opendrift.models.basemodel.environment:900:     sea_ice_area_fraction: 0 (min) 0 (max)
19:40:14 DEBUG   opendrift.models.basemodel.environment:900:     sea_ice_thickness: 0 (min) 0 (max)
19:40:14 DEBUG   opendrift.models.basemodel.environment:900:     sea_ice_x_velocity: 0 (min) 0 (max)
19:40:14 DEBUG   opendrift.models.basemodel.environment:900:     sea_ice_y_velocity: 0 (min) 0 (max)
19:40:14 DEBUG   opendrift.models.basemodel.environment:900:     land_binary_mask: 0 (min) 0 (max)
19:40:14 DEBUG   opendrift.models.basemodel.environment:902: ---------------------------------
19:40:14 DEBUG   opendrift.models.physics_methods:823: Calculating Hs from wind, min: 3.861710, mean: 3.955564, max: 4.274334
19:40:14 WARNING opendrift.models.physics_methods:832: Setting wave direction equal to wind direction, min: -40.327076, mean: -40.066952, max: -39.273689
19:40:14 DEBUG   opendrift:689: No elements hit coastline.
19:40:14 DEBUG   opendrift:760: No elements hit seafloor.
19:40:14 DEBUG   opendrift:1732: No elements to deactivate
19:40:14 DEBUG   opendrift:2193: Calling OpenBerg.update()
19:40:14 DEBUG   opendrift.models.openberg:507: Advection with surface currents
19:40:14 DEBUG   opendrift.models.openberg:569: Grounding condition: Icebergs grounded = 9
19:40:14 DEBUG   opendrift:1680: Horizontal diffusivity is 0, no random walk.
19:40:14 DEBUG   opendrift:904: to be seeded: 250, already seeded 10
19:40:14 DEBUG   opendrift:926: Released 0 new elements.
19:40:14 DEBUG   opendrift:2135: ======================================================================
19:40:14 INFO    opendrift:2136: 2025-09-24 10:00:00 - step 11 of 1872 - 10 active elements (0 deactivated)
19:40:14 DEBUG   opendrift:2142: 250 elements scheduled.
19:40:14 DEBUG   opendrift:2144: ======================================================================
19:40:14 DEBUG   opendrift:2155: 		74.99825286865234 <- latitude -> 75.09733540881547
19:40:14 DEBUG   opendrift:2155: 		-58.211177825927734 <- longitude -> -58.09977340698242
19:40:14 DEBUG   opendrift:2153: 		z = 0.0
19:40:14 DEBUG   opendrift:2156: ---------------------------------
19:40:14 DEBUG   opendrift.models.basemodel.environment:599: ----------------------------------------
19:40:14 DEBUG   opendrift.models.basemodel.environment:600: Variable group ['sea_floor_depth_below_sea_level', 'sea_water_temperature', 'x_sea_water_velocity', 'y_sea_water_velocity', 'sea_surface_height', 'sea_ice_thickness', 'sea_ice_area_fraction', 'sea_ice_x_velocity', 'sea_ice_y_velocity']
19:40:14 DEBUG   opendrift.models.basemodel.environment:601: ----------------------------------------
19:40:14 DEBUG   opendrift.models.basemodel.environment:605: Calling reader Ensemble reader
19:40:14 DEBUG   opendrift.models.basemodel.environment:606: ----------------------------------------
19:40:14 DEBUG   opendrift.models.basemodel.environment:626: Data needed for 10 elements
19:40:14 DEBUG   opendrift.readers.basereader.variables:761: Fetching variables from Ensemble reader covering 10 elements
19:40:14 DEBUG   opendrift.readers.basereader.structured:220: Reader time:
		2025-09-23 12:00:00 (before)
		2025-09-24 12:00:00 (after)
19:40:14 DEBUG   opendrift.readers.basereader.structured:334: Interpolating before (2025-09-23 12:00:00) in space  (linearNDFast)
19:40:14 DEBUG   opendrift.readers.interpolation.structured:97: Initialising interpolator.
19:40:14 DEBUG   opendrift.readers.interpolation.structured:122: Interpolating 10 ensembles for sea_floor_depth_below_sea_level
19:40:14 DEBUG   opendrift.readers.interpolation.structured:122: Interpolating 10 ensembles for sea_water_temperature
19:40:14 DEBUG   opendrift.readers.interpolation.interpolators:115: Converting masked array to numpy array for interpolation
19:40:14 DEBUG   opendrift.readers.interpolation.interpolators:115: Converting masked array to numpy array for interpolation
19:40:14 DEBUG   opendrift.readers.interpolation.interpolators:131: Linear2DInterpolator informational: NaN values for 1 elements, expanding data 1
19:40:14 DEBUG   opendrift.readers.interpolation.interpolators:115: Converting masked array to numpy array for interpolation
19:40:14 DEBUG   opendrift.readers.interpolation.interpolators:115: Converting masked array to numpy array for interpolation
19:40:14 DEBUG   opendrift.readers.interpolation.interpolators:131: Linear2DInterpolator informational: NaN values for 1 elements, expanding data 1
19:40:14 DEBUG   opendrift.readers.interpolation.interpolators:115: Converting masked array to numpy array for interpolation
19:40:14 DEBUG   opendrift.readers.interpolation.interpolators:115: Converting masked array to numpy array for interpolation
19:40:14 DEBUG   opendrift.readers.interpolation.interpolators:131: Linear2DInterpolator informational: NaN values for 1 elements, expanding data 1
19:40:14 DEBUG   opendrift.readers.interpolation.interpolators:115: Converting masked array to numpy array for interpolation
19:40:14 DEBUG   opendrift.readers.interpolation.interpolators:115: Converting masked array to numpy array for interpolation
19:40:14 DEBUG   opendrift.readers.interpolation.interpolators:131: Linear2DInterpolator informational: NaN values for 1 elements, expanding data 1
19:40:14 DEBUG   opendrift.readers.interpolation.interpolators:115: Converting masked array to numpy array for interpolation
19:40:14 DEBUG   opendrift.readers.interpolation.interpolators:115: Converting masked array to numpy array for interpolation
19:40:14 DEBUG   opendrift.readers.interpolation.interpolators:131: Linear2DInterpolator informational: NaN values for 1 elements, expanding data 1
19:40:14 DEBUG   opendrift.readers.interpolation.interpolators:115: Converting masked array to numpy array for interpolation
19:40:14 DEBUG   opendrift.readers.interpolation.interpolators:115: Converting masked array to numpy array for interpolation
19:40:14 DEBUG   opendrift.readers.interpolation.interpolators:131: Linear2DInterpolator informational: NaN values for 1 elements, expanding data 1
19:40:14 DEBUG   opendrift.readers.interpolation.interpolators:115: Converting masked array to numpy array for interpolation
19:40:14 DEBUG   opendrift.readers.interpolation.interpolators:115: Converting masked array to numpy array for interpolation
19:40:14 DEBUG   opendrift.readers.interpolation.interpolators:131: Linear2DInterpolator informational: NaN values for 1 elements, expanding data 1
19:40:14 DEBUG   opendrift.readers.interpolation.interpolators:115: Converting masked array to numpy array for interpolation
19:40:14 DEBUG   opendrift.readers.interpolation.interpolators:115: Converting masked array to numpy array for interpolation
19:40:14 DEBUG   opendrift.readers.interpolation.interpolators:131: Linear2DInterpolator informational: NaN values for 1 elements, expanding data 1
19:40:14 DEBUG   opendrift.readers.interpolation.interpolators:115: Converting masked array to numpy array for interpolation
19:40:14 DEBUG   opendrift.readers.interpolation.interpolators:115: Converting masked array to numpy array for interpolation
19:40:14 DEBUG   opendrift.readers.interpolation.interpolators:131: Linear2DInterpolator informational: NaN values for 1 elements, expanding data 1
19:40:14 DEBUG   opendrift.readers.interpolation.interpolators:115: Converting masked array to numpy array for interpolation
19:40:14 DEBUG   opendrift.readers.interpolation.interpolators:115: Converting masked array to numpy array for interpolation
19:40:14 DEBUG   opendrift.readers.interpolation.interpolators:131: Linear2DInterpolator informational: NaN values for 1 elements, expanding data 1
19:40:14 DEBUG   opendrift.readers.interpolation.structured:122: Interpolating 10 ensembles for x_sea_water_velocity
19:40:14 DEBUG   opendrift.readers.interpolation.interpolators:131: Linear2DInterpolator informational: NaN values for 1 elements, expanding data 1
19:40:14 DEBUG   opendrift.readers.interpolation.interpolators:131: Linear2DInterpolator informational: NaN values for 1 elements, expanding data 1
19:40:14 DEBUG   opendrift.readers.interpolation.interpolators:131: Linear2DInterpolator informational: NaN values for 1 elements, expanding data 1
19:40:14 DEBUG   opendrift.readers.interpolation.interpolators:131: Linear2DInterpolator informational: NaN values for 1 elements, expanding data 1
19:40:14 DEBUG   opendrift.readers.interpolation.interpolators:131: Linear2DInterpolator informational: NaN values for 1 elements, expanding data 1
19:40:14 DEBUG   opendrift.readers.interpolation.interpolators:131: Linear2DInterpolator informational: NaN values for 1 elements, expanding data 1
19:40:14 DEBUG   opendrift.readers.interpolation.interpolators:131: Linear2DInterpolator informational: NaN values for 1 elements, expanding data 1
19:40:14 DEBUG   opendrift.readers.interpolation.interpolators:131: Linear2DInterpolator informational: NaN values for 1 elements, expanding data 1
19:40:14 DEBUG   opendrift.readers.interpolation.interpolators:131: Linear2DInterpolator informational: NaN values for 1 elements, expanding data 1
19:40:14 DEBUG   opendrift.readers.interpolation.interpolators:131: Linear2DInterpolator informational: NaN values for 1 elements, expanding data 1
19:40:14 DEBUG   opendrift.readers.interpolation.structured:122: Interpolating 10 ensembles for y_sea_water_velocity
19:40:14 DEBUG   opendrift.readers.interpolation.interpolators:131: Linear2DInterpolator informational: NaN values for 1 elements, expanding data 1
19:40:14 DEBUG   opendrift.readers.interpolation.interpolators:131: Linear2DInterpolator informational: NaN values for 1 elements, expanding data 1
19:40:14 DEBUG   opendrift.readers.interpolation.interpolators:131: Linear2DInterpolator informational: NaN values for 1 elements, expanding data 1
19:40:14 DEBUG   opendrift.readers.interpolation.interpolators:131: Linear2DInterpolator informational: NaN values for 1 elements, expanding data 1
19:40:14 DEBUG   opendrift.readers.interpolation.interpolators:131: Linear2DInterpolator informational: NaN values for 1 elements, expanding data 1
19:40:14 DEBUG   opendrift.readers.interpolation.interpolators:131: Linear2DInterpolator informational: NaN values for 1 elements, expanding data 1
19:40:14 DEBUG   opendrift.readers.interpolation.interpolators:131: Linear2DInterpolator informational: NaN values for 1 elements, expanding data 1
19:40:14 DEBUG   opendrift.readers.interpolation.interpolators:131: Linear2DInterpolator informational: NaN values for 1 elements, expanding data 1
19:40:14 DEBUG   opendrift.readers.interpolation.interpolators:131: Linear2DInterpolator informational: NaN values for 1 elements, expanding data 1
19:40:14 DEBUG   opendrift.readers.interpolation.interpolators:131: Linear2DInterpolator informational: NaN values for 1 elements, expanding data 1
19:40:14 DEBUG   opendrift.readers.interpolation.structured:122: Interpolating 10 ensembles for sea_surface_height
19:40:14 DEBUG   opendrift.readers.interpolation.interpolators:115: Converting masked array to numpy array for interpolation
19:40:14 DEBUG   opendrift.readers.interpolation.interpolators:115: Converting masked array to numpy array for interpolation
19:40:14 DEBUG   opendrift.readers.interpolation.interpolators:115: Converting masked array to numpy array for interpolation
19:40:14 DEBUG   opendrift.readers.interpolation.interpolators:115: Converting masked array to numpy array for interpolation
19:40:14 DEBUG   opendrift.readers.interpolation.interpolators:115: Converting masked array to numpy array for interpolation
19:40:14 DEBUG   opendrift.readers.interpolation.interpolators:115: Converting masked array to numpy array for interpolation
19:40:14 DEBUG   opendrift.readers.interpolation.interpolators:115: Converting masked array to numpy array for interpolation
19:40:14 DEBUG   opendrift.readers.interpolation.interpolators:115: Converting masked array to numpy array for interpolation
19:40:14 DEBUG   opendrift.readers.interpolation.interpolators:115: Converting masked array to numpy array for interpolation
19:40:14 DEBUG   opendrift.readers.interpolation.interpolators:115: Converting masked array to numpy array for interpolation
19:40:14 DEBUG   opendrift.readers.interpolation.structured:122: Interpolating 10 ensembles for sea_ice_thickness
19:40:14 DEBUG   opendrift.readers.interpolation.interpolators:115: Converting masked array to numpy array for interpolation
19:40:14 DEBUG   opendrift.readers.interpolation.interpolators:115: Converting masked array to numpy array for interpolation
19:40:14 DEBUG   opendrift.readers.interpolation.interpolators:115: Converting masked array to numpy array for interpolation
19:40:14 DEBUG   opendrift.readers.interpolation.interpolators:115: Converting masked array to numpy array for interpolation
19:40:14 DEBUG   opendrift.readers.interpolation.interpolators:115: Converting masked array to numpy array for interpolation
19:40:14 DEBUG   opendrift.readers.interpolation.interpolators:115: Converting masked array to numpy array for interpolation
19:40:14 DEBUG   opendrift.readers.interpolation.interpolators:115: Converting masked array to numpy array for interpolation
19:40:14 DEBUG   opendrift.readers.interpolation.interpolators:115: Converting masked array to numpy array for interpolation
19:40:14 DEBUG   opendrift.readers.interpolation.interpolators:115: Converting masked array to numpy array for interpolation
19:40:14 DEBUG   opendrift.readers.interpolation.interpolators:115: Converting masked array to numpy array for interpolation
19:40:14 DEBUG   opendrift.readers.interpolation.structured:122: Interpolating 10 ensembles for sea_ice_area_fraction
19:40:14 DEBUG   opendrift.readers.interpolation.interpolators:115: Converting masked array to numpy array for interpolation
19:40:14 DEBUG   opendrift.readers.interpolation.interpolators:115: Converting masked array to numpy array for interpolation
19:40:14 DEBUG   opendrift.readers.interpolation.interpolators:115: Converting masked array to numpy array for interpolation
19:40:14 DEBUG   opendrift.readers.interpolation.interpolators:115: Converting masked array to numpy array for interpolation
19:40:14 DEBUG   opendrift.readers.interpolation.interpolators:115: Converting masked array to numpy array for interpolation
19:40:14 DEBUG   opendrift.readers.interpolation.interpolators:115: Converting masked array to numpy array for interpolation
19:40:14 DEBUG   opendrift.readers.interpolation.interpolators:115: Converting masked array to numpy array for interpolation
19:40:14 DEBUG   opendrift.readers.interpolation.interpolators:115: Converting masked array to numpy array for interpolation
19:40:14 DEBUG   opendrift.readers.interpolation.interpolators:115: Converting masked array to numpy array for interpolation
19:40:14 DEBUG   opendrift.readers.interpolation.interpolators:115: Converting masked array to numpy array for interpolation
19:40:14 DEBUG   opendrift.readers.interpolation.structured:122: Interpolating 10 ensembles for sea_ice_x_velocity
19:40:14 DEBUG   opendrift.readers.interpolation.interpolators:115: Converting masked array to numpy array for interpolation
19:40:14 DEBUG   opendrift.readers.interpolation.interpolators:115: Converting masked array to numpy array for interpolation
19:40:14 DEBUG   opendrift.readers.interpolation.interpolators:115: Converting masked array to numpy array for interpolation
19:40:14 DEBUG   opendrift.readers.interpolation.interpolators:115: Converting masked array to numpy array for interpolation
19:40:14 DEBUG   opendrift.readers.interpolation.interpolators:115: Converting masked array to numpy array for interpolation
19:40:14 DEBUG   opendrift.readers.interpolation.interpolators:115: Converting masked array to numpy array for interpolation
19:40:14 DEBUG   opendrift.readers.interpolation.interpolators:115: Converting masked array to numpy array for interpolation
19:40:14 DEBUG   opendrift.readers.interpolation.interpolators:115: Converting masked array to numpy array for interpolation
19:40:14 DEBUG   opendrift.readers.interpolation.interpolators:115: Converting masked array to numpy array for interpolation
19:40:14 DEBUG   opendrift.readers.interpolation.interpolators:115: Converting masked array to numpy array for interpolation
19:40:14 DEBUG   opendrift.readers.interpolation.structured:122: Interpolating 10 ensembles for sea_ice_y_velocity
19:40:14 DEBUG   opendrift.readers.interpolation.interpolators:115: Converting masked array to numpy array for interpolation
19:40:14 DEBUG   opendrift.readers.interpolation.interpolators:115: Converting masked array to numpy array for interpolation
19:40:14 DEBUG   opendrift.readers.interpolation.interpolators:115: Converting masked array to numpy array for interpolation
19:40:14 DEBUG   opendrift.readers.interpolation.interpolators:115: Converting masked array to numpy array for interpolation
19:40:14 DEBUG   opendrift.readers.interpolation.interpolators:115: Converting masked array to numpy array for interpolation
19:40:14 DEBUG   opendrift.readers.interpolation.interpolators:115: Converting masked array to numpy array for interpolation
19:40:14 DEBUG   opendrift.readers.interpolation.interpolators:115: Converting masked array to numpy array for interpolation
19:40:14 DEBUG   opendrift.readers.interpolation.interpolators:115: Converting masked array to numpy array for interpolation
19:40:14 DEBUG   opendrift.readers.interpolation.interpolators:115: Converting masked array to numpy array for interpolation
19:40:14 DEBUG   opendrift.readers.interpolation.interpolators:115: Converting masked array to numpy array for interpolation
19:40:14 DEBUG   opendrift.readers.basereader.structured:340: Interpolating after (2025-09-24 12:00:00) in space  (linearNDFast)
19:40:14 DEBUG   opendrift.readers.interpolation.structured:97: Initialising interpolator.
19:40:14 DEBUG   opendrift.readers.interpolation.structured:122: Interpolating 10 ensembles for sea_floor_depth_below_sea_level
19:40:14 DEBUG   opendrift.readers.interpolation.structured:122: Interpolating 10 ensembles for sea_water_temperature
19:40:14 DEBUG   opendrift.readers.interpolation.interpolators:115: Converting masked array to numpy array for interpolation
19:40:14 DEBUG   opendrift.readers.interpolation.interpolators:115: Converting masked array to numpy array for interpolation
19:40:14 DEBUG   opendrift.readers.interpolation.interpolators:131: Linear2DInterpolator informational: NaN values for 1 elements, expanding data 1
19:40:14 DEBUG   opendrift.readers.interpolation.interpolators:115: Converting masked array to numpy array for interpolation
19:40:14 DEBUG   opendrift.readers.interpolation.interpolators:115: Converting masked array to numpy array for interpolation
19:40:14 DEBUG   opendrift.readers.interpolation.interpolators:131: Linear2DInterpolator informational: NaN values for 1 elements, expanding data 1
19:40:14 DEBUG   opendrift.readers.interpolation.interpolators:115: Converting masked array to numpy array for interpolation
19:40:14 DEBUG   opendrift.readers.interpolation.interpolators:115: Converting masked array to numpy array for interpolation
19:40:14 DEBUG   opendrift.readers.interpolation.interpolators:131: Linear2DInterpolator informational: NaN values for 1 elements, expanding data 1
19:40:14 DEBUG   opendrift.readers.interpolation.interpolators:115: Converting masked array to numpy array for interpolation
19:40:14 DEBUG   opendrift.readers.interpolation.interpolators:115: Converting masked array to numpy array for interpolation
19:40:14 DEBUG   opendrift.readers.interpolation.interpolators:131: Linear2DInterpolator informational: NaN values for 1 elements, expanding data 1
19:40:14 DEBUG   opendrift.readers.interpolation.interpolators:115: Converting masked array to numpy array for interpolation
19:40:14 DEBUG   opendrift.readers.interpolation.interpolators:115: Converting masked array to numpy array for interpolation
19:40:14 DEBUG   opendrift.readers.interpolation.interpolators:131: Linear2DInterpolator informational: NaN values for 1 elements, expanding data 1
19:40:14 DEBUG   opendrift.readers.interpolation.interpolators:115: Converting masked array to numpy array for interpolation
19:40:14 DEBUG   opendrift.readers.interpolation.interpolators:115: Converting masked array to numpy array for interpolation
19:40:14 DEBUG   opendrift.readers.interpolation.interpolators:131: Linear2DInterpolator informational: NaN values for 1 elements, expanding data 1
19:40:14 DEBUG   opendrift.readers.interpolation.interpolators:115: Converting masked array to numpy array for interpolation
19:40:14 DEBUG   opendrift.readers.interpolation.interpolators:115: Converting masked array to numpy array for interpolation
19:40:14 DEBUG   opendrift.readers.interpolation.interpolators:131: Linear2DInterpolator informational: NaN values for 1 elements, expanding data 1
19:40:14 DEBUG   opendrift.readers.interpolation.interpolators:115: Converting masked array to numpy array for interpolation
19:40:14 DEBUG   opendrift.readers.interpolation.interpolators:115: Converting masked array to numpy array for interpolation
19:40:14 DEBUG   opendrift.readers.interpolation.interpolators:131: Linear2DInterpolator informational: NaN values for 1 elements, expanding data 1
19:40:14 DEBUG   opendrift.readers.interpolation.interpolators:115: Converting masked array to numpy array for interpolation
19:40:14 DEBUG   opendrift.readers.interpolation.interpolators:115: Converting masked array to numpy array for interpolation
19:40:14 DEBUG   opendrift.readers.interpolation.interpolators:131: Linear2DInterpolator informational: NaN values for 1 elements, expanding data 1
19:40:14 DEBUG   opendrift.readers.interpolation.interpolators:115: Converting masked array to numpy array for interpolation
19:40:14 DEBUG   opendrift.readers.interpolation.interpolators:115: Converting masked array to numpy array for interpolation
19:40:14 DEBUG   opendrift.readers.interpolation.interpolators:131: Linear2DInterpolator informational: NaN values for 1 elements, expanding data 1
19:40:14 DEBUG   opendrift.readers.interpolation.structured:122: Interpolating 10 ensembles for x_sea_water_velocity
19:40:14 DEBUG   opendrift.readers.interpolation.interpolators:131: Linear2DInterpolator informational: NaN values for 1 elements, expanding data 1
19:40:14 DEBUG   opendrift.readers.interpolation.interpolators:131: Linear2DInterpolator informational: NaN values for 1 elements, expanding data 1
19:40:14 DEBUG   opendrift.readers.interpolation.interpolators:131: Linear2DInterpolator informational: NaN values for 1 elements, expanding data 1
19:40:14 DEBUG   opendrift.readers.interpolation.interpolators:131: Linear2DInterpolator informational: NaN values for 1 elements, expanding data 1
19:40:14 DEBUG   opendrift.readers.interpolation.interpolators:131: Linear2DInterpolator informational: NaN values for 1 elements, expanding data 1
19:40:14 DEBUG   opendrift.readers.interpolation.interpolators:131: Linear2DInterpolator informational: NaN values for 1 elements, expanding data 1
19:40:14 DEBUG   opendrift.readers.interpolation.interpolators:131: Linear2DInterpolator informational: NaN values for 1 elements, expanding data 1
19:40:14 DEBUG   opendrift.readers.interpolation.interpolators:131: Linear2DInterpolator informational: NaN values for 1 elements, expanding data 1
19:40:14 DEBUG   opendrift.readers.interpolation.interpolators:131: Linear2DInterpolator informational: NaN values for 1 elements, expanding data 1
19:40:14 DEBUG   opendrift.readers.interpolation.interpolators:131: Linear2DInterpolator informational: NaN values for 1 elements, expanding data 1
19:40:14 DEBUG   opendrift.readers.interpolation.structured:122: Interpolating 10 ensembles for y_sea_water_velocity
19:40:14 DEBUG   opendrift.readers.interpolation.interpolators:131: Linear2DInterpolator informational: NaN values for 1 elements, expanding data 1
19:40:14 DEBUG   opendrift.readers.interpolation.interpolators:131: Linear2DInterpolator informational: NaN values for 1 elements, expanding data 1
19:40:14 DEBUG   opendrift.readers.interpolation.interpolators:131: Linear2DInterpolator informational: NaN values for 1 elements, expanding data 1
19:40:14 DEBUG   opendrift.readers.interpolation.interpolators:131: Linear2DInterpolator informational: NaN values for 1 elements, expanding data 1
19:40:14 DEBUG   opendrift.readers.interpolation.interpolators:131: Linear2DInterpolator informational: NaN values for 1 elements, expanding data 1
19:40:14 DEBUG   opendrift.readers.interpolation.interpolators:131: Linear2DInterpolator informational: NaN values for 1 elements, expanding data 1
19:40:14 DEBUG   opendrift.readers.interpolation.interpolators:131: Linear2DInterpolator informational: NaN values for 1 elements, expanding data 1
19:40:14 DEBUG   opendrift.readers.interpolation.interpolators:131: Linear2DInterpolator informational: NaN values for 1 elements, expanding data 1
19:40:14 DEBUG   opendrift.readers.interpolation.interpolators:131: Linear2DInterpolator informational: NaN values for 1 elements, expanding data 1
19:40:14 DEBUG   opendrift.readers.interpolation.interpolators:131: Linear2DInterpolator informational: NaN values for 1 elements, expanding data 1
19:40:14 DEBUG   opendrift.readers.interpolation.structured:122: Interpolating 10 ensembles for sea_surface_height
19:40:14 DEBUG   opendrift.readers.interpolation.interpolators:115: Converting masked array to numpy array for interpolation
19:40:14 DEBUG   opendrift.readers.interpolation.interpolators:115: Converting masked array to numpy array for interpolation
19:40:14 DEBUG   opendrift.readers.interpolation.interpolators:115: Converting masked array to numpy array for interpolation
19:40:14 DEBUG   opendrift.readers.interpolation.interpolators:115: Converting masked array to numpy array for interpolation
19:40:14 DEBUG   opendrift.readers.interpolation.interpolators:115: Converting masked array to numpy array for interpolation
19:40:14 DEBUG   opendrift.readers.interpolation.interpolators:115: Converting masked array to numpy array for interpolation
19:40:14 DEBUG   opendrift.readers.interpolation.interpolators:115: Converting masked array to numpy array for interpolation
19:40:14 DEBUG   opendrift.readers.interpolation.interpolators:115: Converting masked array to numpy array for interpolation
19:40:14 DEBUG   opendrift.readers.interpolation.interpolators:115: Converting masked array to numpy array for interpolation
19:40:14 DEBUG   opendrift.readers.interpolation.interpolators:115: Converting masked array to numpy array for interpolation
19:40:14 DEBUG   opendrift.readers.interpolation.structured:122: Interpolating 10 ensembles for sea_ice_thickness
19:40:14 DEBUG   opendrift.readers.interpolation.interpolators:115: Converting masked array to numpy array for interpolation
19:40:14 DEBUG   opendrift.readers.interpolation.interpolators:115: Converting masked array to numpy array for interpolation
19:40:14 DEBUG   opendrift.readers.interpolation.interpolators:115: Converting masked array to numpy array for interpolation
19:40:14 DEBUG   opendrift.readers.interpolation.interpolators:115: Converting masked array to numpy array for interpolation
19:40:14 DEBUG   opendrift.readers.interpolation.interpolators:115: Converting masked array to numpy array for interpolation
19:40:14 DEBUG   opendrift.readers.interpolation.interpolators:115: Converting masked array to numpy array for interpolation
19:40:14 DEBUG   opendrift.readers.interpolation.interpolators:115: Converting masked array to numpy array for interpolation
19:40:14 DEBUG   opendrift.readers.interpolation.interpolators:115: Converting masked array to numpy array for interpolation
19:40:14 DEBUG   opendrift.readers.interpolation.interpolators:115: Converting masked array to numpy array for interpolation
19:40:14 DEBUG   opendrift.readers.interpolation.interpolators:115: Converting masked array to numpy array for interpolation
19:40:14 DEBUG   opendrift.readers.interpolation.structured:122: Interpolating 10 ensembles for sea_ice_area_fraction
19:40:14 DEBUG   opendrift.readers.interpolation.interpolators:115: Converting masked array to numpy array for interpolation
19:40:14 DEBUG   opendrift.readers.interpolation.interpolators:115: Converting masked array to numpy array for interpolation
19:40:14 DEBUG   opendrift.readers.interpolation.interpolators:115: Converting masked array to numpy array for interpolation
19:40:14 DEBUG   opendrift.readers.interpolation.interpolators:115: Converting masked array to numpy array for interpolation
19:40:14 DEBUG   opendrift.readers.interpolation.interpolators:115: Converting masked array to numpy array for interpolation
19:40:14 DEBUG   opendrift.readers.interpolation.interpolators:115: Converting masked array to numpy array for interpolation
19:40:14 DEBUG   opendrift.readers.interpolation.interpolators:115: Converting masked array to numpy array for interpolation
19:40:14 DEBUG   opendrift.readers.interpolation.interpolators:115: Converting masked array to numpy array for interpolation
19:40:14 DEBUG   opendrift.readers.interpolation.interpolators:115: Converting masked array to numpy array for interpolation
19:40:14 DEBUG   opendrift.readers.interpolation.interpolators:115: Converting masked array to numpy array for interpolation
19:40:14 DEBUG   opendrift.readers.interpolation.structured:122: Interpolating 10 ensembles for sea_ice_x_velocity
19:40:14 DEBUG   opendrift.readers.interpolation.interpolators:115: Converting masked array to numpy array for interpolation
19:40:14 DEBUG   opendrift.readers.interpolation.interpolators:115: Converting masked array to numpy array for interpolation
19:40:14 DEBUG   opendrift.readers.interpolation.interpolators:115: Converting masked array to numpy array for interpolation
19:40:14 DEBUG   opendrift.readers.interpolation.interpolators:115: Converting masked array to numpy array for interpolation
19:40:14 DEBUG   opendrift.readers.interpolation.interpolators:115: Converting masked array to numpy array for interpolation
19:40:14 DEBUG   opendrift.readers.interpolation.interpolators:115: Converting masked array to numpy array for interpolation
19:40:14 DEBUG   opendrift.readers.interpolation.interpolators:115: Converting masked array to numpy array for interpolation
19:40:14 DEBUG   opendrift.readers.interpolation.interpolators:115: Converting masked array to numpy array for interpolation
19:40:14 DEBUG   opendrift.readers.interpolation.interpolators:115: Converting masked array to numpy array for interpolation
19:40:14 DEBUG   opendrift.readers.interpolation.interpolators:115: Converting masked array to numpy array for interpolation
19:40:14 DEBUG   opendrift.readers.interpolation.structured:122: Interpolating 10 ensembles for sea_ice_y_velocity
19:40:14 DEBUG   opendrift.readers.interpolation.interpolators:115: Converting masked array to numpy array for interpolation
19:40:14 DEBUG   opendrift.readers.interpolation.interpolators:115: Converting masked array to numpy array for interpolation
19:40:14 DEBUG   opendrift.readers.interpolation.interpolators:115: Converting masked array to numpy array for interpolation
19:40:14 DEBUG   opendrift.readers.interpolation.interpolators:115: Converting masked array to numpy array for interpolation
19:40:14 DEBUG   opendrift.readers.interpolation.interpolators:115: Converting masked array to numpy array for interpolation
19:40:14 DEBUG   opendrift.readers.interpolation.interpolators:115: Converting masked array to numpy array for interpolation
19:40:14 DEBUG   opendrift.readers.interpolation.interpolators:115: Converting masked array to numpy array for interpolation
19:40:14 DEBUG   opendrift.readers.interpolation.interpolators:115: Converting masked array to numpy array for interpolation
19:40:14 DEBUG   opendrift.readers.interpolation.interpolators:115: Converting masked array to numpy array for interpolation
19:40:14 DEBUG   opendrift.readers.interpolation.interpolators:115: Converting masked array to numpy array for interpolation
19:40:14 DEBUG   opendrift.readers.basereader.structured:355: Interpolating before (2025-09-23 12:00:00, weight 0.08) and
		      after (2025-09-24 12:00:00, weight 0.92) in time
19:40:14 DEBUG   opendrift.readers.basereader.structured:368: Interpolating profiles in time
19:40:14 DEBUG   opendrift.readers.basereader.variables:100: Rotating vectors between -13.216927497249685 and -13.10547946101443 degrees.
19:40:14 DEBUG   opendrift.readers.basereader.variables:100: Rotating vectors between -13.216927497249685 and -13.10547946101443 degrees.
19:40:14 DEBUG   opendrift.readers.basereader.variables:100: Rotating vectors between -13.216927497249685 and -13.10547946101443 degrees.
19:40:14 DEBUG   opendrift.models.basemodel.environment:762: Obtained data for all elements.
19:40:14 DEBUG   opendrift.models.basemodel.environment:599: ----------------------------------------
19:40:14 DEBUG   opendrift.models.basemodel.environment:600: Variable group ['land_binary_mask']
19:40:14 DEBUG   opendrift.models.basemodel.environment:601: ----------------------------------------
19:40:14 DEBUG   opendrift.models.basemodel.environment:605: Calling reader global_landmask
19:40:14 DEBUG   opendrift.models.basemodel.environment:606: ----------------------------------------
19:40:14 DEBUG   opendrift.models.basemodel.environment:626: Data needed for 10 elements
19:40:14 DEBUG   opendrift.readers.basereader.variables:761: Fetching variables from global_landmask covering 10 elements
19:40:14 DEBUG   opendrift.readers.basereader.continuous:37: Fetched env-before
19:40:14 DEBUG   opendrift.readers.basereader.variables:639: Checking land_binary_mask for invalid values
19:40:14 DEBUG   opendrift.readers.basereader.variables:797: Reader projection is latlon - rotation of vectors is not needed.
19:40:14 DEBUG   opendrift.models.basemodel.environment:762: Obtained data for all elements.
19:40:14 DEBUG   opendrift.models.basemodel.environment:599: ----------------------------------------
19:40:14 DEBUG   opendrift.models.basemodel.environment:600: Variable group ['x_wind', 'y_wind']
19:40:14 DEBUG   opendrift.models.basemodel.environment:601: ----------------------------------------
19:40:14 DEBUG   opendrift.models.basemodel.environment:605: Calling reader cmems_obs-wind_glo_phy_nrt_l4_0.125deg_PT1H
19:40:14 DEBUG   opendrift.models.basemodel.environment:606: ----------------------------------------
19:40:14 DEBUG   opendrift.models.basemodel.environment:626: Data needed for 10 elements
19:40:14 DEBUG   opendrift.readers.basereader.variables:761: Fetching variables from cmems_obs-wind_glo_phy_nrt_l4_0.125deg_PT1H covering 10 elements
19:40:14 DEBUG   opendrift.readers.basereader.structured:208: Shifting coordinates to -180-180
19:40:14 DEBUG   opendrift.readers.basereader.structured:220: Reader time:
		2025-09-24 10:00:00 (before)
		2025-09-24 11:00:00 (after)
19:40:14 DEBUG   opendrift.readers.reader_netCDF_CF_generic:470: Using eastward_wind to retrieve x_wind
19:40:14 DEBUG   opendrift.readers.reader_netCDF_CF_generic:470: Using northward_wind to retrieve y_wind
19:40:14 DEBUG   opendrift.readers.reader_netCDF_CF_generic:592: North is up, no rotation necessary
19:40:14 DEBUG   opendrift.readers.basereader.variables:639: Checking x_wind for invalid values
19:40:14 DEBUG   opendrift.readers.basereader.variables:639: Checking y_wind for invalid values
19:40:14 DEBUG   opendrift.readers.basereader.structured:290: Fetched env-block (size 8x7x1) for time before (2025-09-24 10:00:00)
19:40:14 DEBUG   opendrift.readers.basereader.structured:334: Interpolating before (2025-09-24 10:00:00) in space  (linearNDFast)
19:40:14 DEBUG   opendrift.readers.interpolation.structured:97: Initialising interpolator.
19:40:14 DEBUG   opendrift.readers.basereader.structured:388: No time interpolation needed - right on time.
19:40:14 DEBUG   opendrift.readers.basereader.variables:797: Reader projection is latlon - rotation of vectors is not needed.
19:40:14 DEBUG   opendrift.models.basemodel.environment:762: Obtained data for all elements.
19:40:14 DEBUG   opendrift.models.basemodel.environment:775: ---------------------------------------
19:40:14 DEBUG   opendrift.models.basemodel.environment:776: Finished processing all variable groups
19:40:14 DEBUG   opendrift.models.basemodel.environment:812:       Using fallback value 0 for x_sea_water_velocity for 0 profiles
19:40:14 DEBUG   opendrift.models.basemodel.environment:812:       Using fallback value 0 for y_sea_water_velocity for 0 profiles
19:40:14 DEBUG   opendrift.models.basemodel.environment:812:       Using fallback value 2 for sea_water_temperature for 0 profiles
19:40:14 DEBUG   opendrift.models.basemodel.environment:801:       Using fallback value 35 for sea_water_salinity for all profiles
19:40:14 DEBUG   opendrift.models.basemodel.environment:898: ------------ SUMMARY -------------
19:40:14 DEBUG   opendrift.models.basemodel.environment:900:     x_sea_water_velocity: 0.00185202 (min) 0.0203412 (max)
19:40:14 DEBUG   opendrift.models.basemodel.environment:900:     y_sea_water_velocity: 0.10375 (min) 0.226255 (max)
19:40:14 DEBUG   opendrift.models.basemodel.environment:900:     sea_floor_depth_below_sea_level: 28.0411 (min) 63.5334 (max)
19:40:14 DEBUG   opendrift.models.basemodel.environment:900:     sea_surface_height: -0.416639 (min) -0.383614 (max)
19:40:14 DEBUG   opendrift.models.basemodel.environment:900:     sea_surface_x_slope: 0 (min) 0 (max)
19:40:14 DEBUG   opendrift.models.basemodel.environment:900:     sea_surface_y_slope: 0 (min) 0 (max)
19:40:14 DEBUG   opendrift.models.basemodel.environment:900:     x_wind: -7.85033 (min) -7.75229 (max)
19:40:14 DEBUG   opendrift.models.basemodel.environment:900:     y_wind: 9.25947 (min) 9.82666 (max)
19:40:14 DEBUG   opendrift.models.basemodel.environment:900:     horizontal_diffusivity: 0 (min) 0 (max)
19:40:14 DEBUG   opendrift.models.basemodel.environment:900:     sea_surface_wave_significant_height: 0 (min) 0 (max)
19:40:14 DEBUG   opendrift.models.basemodel.environment:900:     sea_surface_wave_from_direction: 0 (min) 0 (max)
19:40:14 DEBUG   opendrift.models.basemodel.environment:900:     sea_surface_wave_stokes_drift_x_velocity: 0 (min) 0 (max)
19:40:14 DEBUG   opendrift.models.basemodel.environment:900:     sea_surface_wave_stokes_drift_y_velocity: 0 (min) 0 (max)
19:40:14 DEBUG   opendrift.models.basemodel.environment:900:     sea_water_temperature: 2.0829 (min) 2.62811 (max)
19:40:14 DEBUG   opendrift.models.basemodel.environment:900:     sea_water_salinity: 35 (min) 35 (max)
19:40:14 DEBUG   opendrift.models.basemodel.environment:900:     sea_ice_area_fraction: 0 (min) 0 (max)
19:40:14 DEBUG   opendrift.models.basemodel.environment:900:     sea_ice_thickness: 0 (min) 0 (max)
19:40:14 DEBUG   opendrift.models.basemodel.environment:900:     sea_ice_x_velocity: 0 (min) 0 (max)
19:40:14 DEBUG   opendrift.models.basemodel.environment:900:     sea_ice_y_velocity: 0 (min) 0 (max)
19:40:14 DEBUG   opendrift.models.basemodel.environment:900:     land_binary_mask: 0 (min) 0 (max)
19:40:14 DEBUG   opendrift.models.basemodel.environment:902: ---------------------------------
19:40:14 DEBUG   opendrift.models.physics_methods:823: Calculating Hs from wind, min: 3.587562, mean: 3.661027, max: 3.891496
19:40:14 WARNING opendrift.models.physics_methods:832: Setting wave direction equal to wind direction, min: -39.956776, mean: -39.712799, max: -38.620701
19:40:14 DEBUG   opendrift:689: No elements hit coastline.
19:40:14 DEBUG   opendrift:760: No elements hit seafloor.
19:40:14 DEBUG   opendrift:1732: No elements to deactivate
19:40:14 DEBUG   opendrift:2193: Calling OpenBerg.update()
19:40:14 DEBUG   opendrift.models.openberg:507: Advection with surface currents
19:40:14 DEBUG   opendrift.models.openberg:569: Grounding condition: Icebergs grounded = 9
19:40:14 DEBUG   opendrift:1680: Horizontal diffusivity is 0, no random walk.
19:40:14 DEBUG   opendrift:904: to be seeded: 250, already seeded 10
19:40:14 DEBUG   opendrift:926: Released 0 new elements.
19:40:14 DEBUG   opendrift:2135: ======================================================================
19:40:14 INFO    opendrift:2136: 2025-09-24 11:00:00 - step 12 of 1872 - 10 active elements (0 deactivated)
19:40:14 DEBUG   opendrift:2142: 250 elements scheduled.
19:40:14 DEBUG   opendrift:2144: ======================================================================
19:40:14 DEBUG   opendrift:2155: 		74.99825286865234 <- latitude -> 75.10829301687883
19:40:14 DEBUG   opendrift:2155: 		-58.211177825927734 <- longitude -> -58.09977340698242
19:40:14 DEBUG   opendrift:2153: 		z = 0.0
19:40:14 DEBUG   opendrift:2156: ---------------------------------
19:40:14 DEBUG   opendrift.models.basemodel.environment:599: ----------------------------------------
19:40:14 DEBUG   opendrift.models.basemodel.environment:600: Variable group ['sea_floor_depth_below_sea_level', 'sea_water_temperature', 'x_sea_water_velocity', 'y_sea_water_velocity', 'sea_surface_height', 'sea_ice_thickness', 'sea_ice_area_fraction', 'sea_ice_x_velocity', 'sea_ice_y_velocity']
19:40:14 DEBUG   opendrift.models.basemodel.environment:601: ----------------------------------------
19:40:14 DEBUG   opendrift.models.basemodel.environment:605: Calling reader Ensemble reader
19:40:14 DEBUG   opendrift.models.basemodel.environment:606: ----------------------------------------
19:40:14 DEBUG   opendrift.models.basemodel.environment:626: Data needed for 10 elements
19:40:14 DEBUG   opendrift.readers.basereader.variables:761: Fetching variables from Ensemble reader covering 10 elements
19:40:14 DEBUG   opendrift.readers.basereader.structured:220: Reader time:
		2025-09-23 12:00:00 (before)
		2025-09-24 12:00:00 (after)
19:40:14 DEBUG   opendrift.readers.basereader.structured:334: Interpolating before (2025-09-23 12:00:00) in space  (linearNDFast)
19:40:14 DEBUG   opendrift.readers.interpolation.structured:97: Initialising interpolator.
19:40:14 DEBUG   opendrift.readers.interpolation.structured:122: Interpolating 10 ensembles for sea_floor_depth_below_sea_level
19:40:14 DEBUG   opendrift.readers.interpolation.structured:122: Interpolating 10 ensembles for sea_water_temperature
19:40:14 DEBUG   opendrift.readers.interpolation.interpolators:115: Converting masked array to numpy array for interpolation
19:40:14 DEBUG   opendrift.readers.interpolation.interpolators:115: Converting masked array to numpy array for interpolation
19:40:14 DEBUG   opendrift.readers.interpolation.interpolators:115: Converting masked array to numpy array for interpolation
19:40:14 DEBUG   opendrift.readers.interpolation.interpolators:115: Converting masked array to numpy array for interpolation
19:40:14 DEBUG   opendrift.readers.interpolation.interpolators:115: Converting masked array to numpy array for interpolation
19:40:14 DEBUG   opendrift.readers.interpolation.interpolators:115: Converting masked array to numpy array for interpolation
19:40:14 DEBUG   opendrift.readers.interpolation.interpolators:115: Converting masked array to numpy array for interpolation
19:40:14 DEBUG   opendrift.readers.interpolation.interpolators:115: Converting masked array to numpy array for interpolation
19:40:14 DEBUG   opendrift.readers.interpolation.interpolators:115: Converting masked array to numpy array for interpolation
19:40:14 DEBUG   opendrift.readers.interpolation.interpolators:115: Converting masked array to numpy array for interpolation
19:40:14 DEBUG   opendrift.readers.interpolation.interpolators:115: Converting masked array to numpy array for interpolation
19:40:14 DEBUG   opendrift.readers.interpolation.interpolators:115: Converting masked array to numpy array for interpolation
19:40:14 DEBUG   opendrift.readers.interpolation.interpolators:115: Converting masked array to numpy array for interpolation
19:40:14 DEBUG   opendrift.readers.interpolation.interpolators:115: Converting masked array to numpy array for interpolation
19:40:14 DEBUG   opendrift.readers.interpolation.interpolators:115: Converting masked array to numpy array for interpolation
19:40:14 DEBUG   opendrift.readers.interpolation.interpolators:115: Converting masked array to numpy array for interpolation
19:40:14 DEBUG   opendrift.readers.interpolation.interpolators:115: Converting masked array to numpy array for interpolation
19:40:14 DEBUG   opendrift.readers.interpolation.interpolators:115: Converting masked array to numpy array for interpolation
19:40:14 DEBUG   opendrift.readers.interpolation.interpolators:115: Converting masked array to numpy array for interpolation
19:40:14 DEBUG   opendrift.readers.interpolation.interpolators:115: Converting masked array to numpy array for interpolation
19:40:14 DEBUG   opendrift.readers.interpolation.structured:122: Interpolating 10 ensembles for x_sea_water_velocity
19:40:14 DEBUG   opendrift.readers.interpolation.structured:122: Interpolating 10 ensembles for y_sea_water_velocity
19:40:14 DEBUG   opendrift.readers.interpolation.structured:122: Interpolating 10 ensembles for sea_surface_height
19:40:14 DEBUG   opendrift.readers.interpolation.interpolators:115: Converting masked array to numpy array for interpolation
19:40:14 DEBUG   opendrift.readers.interpolation.interpolators:115: Converting masked array to numpy array for interpolation
19:40:14 DEBUG   opendrift.readers.interpolation.interpolators:115: Converting masked array to numpy array for interpolation
19:40:14 DEBUG   opendrift.readers.interpolation.interpolators:115: Converting masked array to numpy array for interpolation
19:40:14 DEBUG   opendrift.readers.interpolation.interpolators:115: Converting masked array to numpy array for interpolation
19:40:14 DEBUG   opendrift.readers.interpolation.interpolators:115: Converting masked array to numpy array for interpolation
19:40:14 DEBUG   opendrift.readers.interpolation.interpolators:115: Converting masked array to numpy array for interpolation
19:40:14 DEBUG   opendrift.readers.interpolation.interpolators:115: Converting masked array to numpy array for interpolation
19:40:14 DEBUG   opendrift.readers.interpolation.interpolators:115: Converting masked array to numpy array for interpolation
19:40:14 DEBUG   opendrift.readers.interpolation.interpolators:115: Converting masked array to numpy array for interpolation
19:40:14 DEBUG   opendrift.readers.interpolation.structured:122: Interpolating 10 ensembles for sea_ice_thickness
19:40:14 DEBUG   opendrift.readers.interpolation.interpolators:115: Converting masked array to numpy array for interpolation
19:40:14 DEBUG   opendrift.readers.interpolation.interpolators:115: Converting masked array to numpy array for interpolation
19:40:14 DEBUG   opendrift.readers.interpolation.interpolators:115: Converting masked array to numpy array for interpolation
19:40:14 DEBUG   opendrift.readers.interpolation.interpolators:115: Converting masked array to numpy array for interpolation
19:40:14 DEBUG   opendrift.readers.interpolation.interpolators:115: Converting masked array to numpy array for interpolation
19:40:14 DEBUG   opendrift.readers.interpolation.interpolators:115: Converting masked array to numpy array for interpolation
19:40:14 DEBUG   opendrift.readers.interpolation.interpolators:115: Converting masked array to numpy array for interpolation
19:40:14 DEBUG   opendrift.readers.interpolation.interpolators:115: Converting masked array to numpy array for interpolation
19:40:14 DEBUG   opendrift.readers.interpolation.interpolators:115: Converting masked array to numpy array for interpolation
19:40:14 DEBUG   opendrift.readers.interpolation.interpolators:115: Converting masked array to numpy array for interpolation
19:40:14 DEBUG   opendrift.readers.interpolation.structured:122: Interpolating 10 ensembles for sea_ice_area_fraction
19:40:14 DEBUG   opendrift.readers.interpolation.interpolators:115: Converting masked array to numpy array for interpolation
19:40:14 DEBUG   opendrift.readers.interpolation.interpolators:115: Converting masked array to numpy array for interpolation
19:40:14 DEBUG   opendrift.readers.interpolation.interpolators:115: Converting masked array to numpy array for interpolation
19:40:14 DEBUG   opendrift.readers.interpolation.interpolators:115: Converting masked array to numpy array for interpolation
19:40:14 DEBUG   opendrift.readers.interpolation.interpolators:115: Converting masked array to numpy array for interpolation
19:40:14 DEBUG   opendrift.readers.interpolation.interpolators:115: Converting masked array to numpy array for interpolation
19:40:14 DEBUG   opendrift.readers.interpolation.interpolators:115: Converting masked array to numpy array for interpolation
19:40:14 DEBUG   opendrift.readers.interpolation.interpolators:115: Converting masked array to numpy array for interpolation
19:40:14 DEBUG   opendrift.readers.interpolation.interpolators:115: Converting masked array to numpy array for interpolation
19:40:14 DEBUG   opendrift.readers.interpolation.interpolators:115: Converting masked array to numpy array for interpolation
19:40:14 DEBUG   opendrift.readers.interpolation.structured:122: Interpolating 10 ensembles for sea_ice_x_velocity
19:40:14 DEBUG   opendrift.readers.interpolation.interpolators:115: Converting masked array to numpy array for interpolation
19:40:14 DEBUG   opendrift.readers.interpolation.interpolators:115: Converting masked array to numpy array for interpolation
19:40:14 DEBUG   opendrift.readers.interpolation.interpolators:115: Converting masked array to numpy array for interpolation
19:40:14 DEBUG   opendrift.readers.interpolation.interpolators:115: Converting masked array to numpy array for interpolation
19:40:14 DEBUG   opendrift.readers.interpolation.interpolators:115: Converting masked array to numpy array for interpolation
19:40:14 DEBUG   opendrift.readers.interpolation.interpolators:115: Converting masked array to numpy array for interpolation
19:40:14 DEBUG   opendrift.readers.interpolation.interpolators:115: Converting masked array to numpy array for interpolation
19:40:14 DEBUG   opendrift.readers.interpolation.interpolators:115: Converting masked array to numpy array for interpolation
19:40:14 DEBUG   opendrift.readers.interpolation.interpolators:115: Converting masked array to numpy array for interpolation
19:40:14 DEBUG   opendrift.readers.interpolation.interpolators:115: Converting masked array to numpy array for interpolation
19:40:14 DEBUG   opendrift.readers.interpolation.structured:122: Interpolating 10 ensembles for sea_ice_y_velocity
19:40:14 DEBUG   opendrift.readers.interpolation.interpolators:115: Converting masked array to numpy array for interpolation
19:40:14 DEBUG   opendrift.readers.interpolation.interpolators:115: Converting masked array to numpy array for interpolation
19:40:14 DEBUG   opendrift.readers.interpolation.interpolators:115: Converting masked array to numpy array for interpolation
19:40:14 DEBUG   opendrift.readers.interpolation.interpolators:115: Converting masked array to numpy array for interpolation
19:40:14 DEBUG   opendrift.readers.interpolation.interpolators:115: Converting masked array to numpy array for interpolation
19:40:14 DEBUG   opendrift.readers.interpolation.interpolators:115: Converting masked array to numpy array for interpolation
19:40:14 DEBUG   opendrift.readers.interpolation.interpolators:115: Converting masked array to numpy array for interpolation
19:40:14 DEBUG   opendrift.readers.interpolation.interpolators:115: Converting masked array to numpy array for interpolation
19:40:14 DEBUG   opendrift.readers.interpolation.interpolators:115: Converting masked array to numpy array for interpolation
19:40:14 DEBUG   opendrift.readers.interpolation.interpolators:115: Converting masked array to numpy array for interpolation
19:40:14 DEBUG   opendrift.readers.basereader.structured:340: Interpolating after (2025-09-24 12:00:00) in space  (linearNDFast)
19:40:14 DEBUG   opendrift.readers.interpolation.structured:97: Initialising interpolator.
19:40:14 DEBUG   opendrift.readers.interpolation.structured:122: Interpolating 10 ensembles for sea_floor_depth_below_sea_level
19:40:14 DEBUG   opendrift.readers.interpolation.structured:122: Interpolating 10 ensembles for sea_water_temperature
19:40:14 DEBUG   opendrift.readers.interpolation.interpolators:115: Converting masked array to numpy array for interpolation
19:40:14 DEBUG   opendrift.readers.interpolation.interpolators:115: Converting masked array to numpy array for interpolation
19:40:14 DEBUG   opendrift.readers.interpolation.interpolators:115: Converting masked array to numpy array for interpolation
19:40:14 DEBUG   opendrift.readers.interpolation.interpolators:115: Converting masked array to numpy array for interpolation
19:40:14 DEBUG   opendrift.readers.interpolation.interpolators:115: Converting masked array to numpy array for interpolation
19:40:14 DEBUG   opendrift.readers.interpolation.interpolators:115: Converting masked array to numpy array for interpolation
19:40:14 DEBUG   opendrift.readers.interpolation.interpolators:115: Converting masked array to numpy array for interpolation
19:40:14 DEBUG   opendrift.readers.interpolation.interpolators:115: Converting masked array to numpy array for interpolation
19:40:14 DEBUG   opendrift.readers.interpolation.interpolators:115: Converting masked array to numpy array for interpolation
19:40:14 DEBUG   opendrift.readers.interpolation.interpolators:115: Converting masked array to numpy array for interpolation
19:40:14 DEBUG   opendrift.readers.interpolation.interpolators:115: Converting masked array to numpy array for interpolation
19:40:14 DEBUG   opendrift.readers.interpolation.interpolators:115: Converting masked array to numpy array for interpolation
19:40:14 DEBUG   opendrift.readers.interpolation.interpolators:115: Converting masked array to numpy array for interpolation
19:40:14 DEBUG   opendrift.readers.interpolation.interpolators:115: Converting masked array to numpy array for interpolation
19:40:14 DEBUG   opendrift.readers.interpolation.interpolators:115: Converting masked array to numpy array for interpolation
19:40:14 DEBUG   opendrift.readers.interpolation.interpolators:115: Converting masked array to numpy array for interpolation
19:40:14 DEBUG   opendrift.readers.interpolation.interpolators:115: Converting masked array to numpy array for interpolation
19:40:14 DEBUG   opendrift.readers.interpolation.interpolators:115: Converting masked array to numpy array for interpolation
19:40:14 DEBUG   opendrift.readers.interpolation.interpolators:115: Converting masked array to numpy array for interpolation
19:40:14 DEBUG   opendrift.readers.interpolation.interpolators:115: Converting masked array to numpy array for interpolation
19:40:14 DEBUG   opendrift.readers.interpolation.structured:122: Interpolating 10 ensembles for x_sea_water_velocity
19:40:14 DEBUG   opendrift.readers.interpolation.structured:122: Interpolating 10 ensembles for y_sea_water_velocity
19:40:14 DEBUG   opendrift.readers.interpolation.structured:122: Interpolating 10 ensembles for sea_surface_height
19:40:14 DEBUG   opendrift.readers.interpolation.interpolators:115: Converting masked array to numpy array for interpolation
19:40:14 DEBUG   opendrift.readers.interpolation.interpolators:115: Converting masked array to numpy array for interpolation
19:40:14 DEBUG   opendrift.readers.interpolation.interpolators:115: Converting masked array to numpy array for interpolation
19:40:14 DEBUG   opendrift.readers.interpolation.interpolators:115: Converting masked array to numpy array for interpolation
19:40:14 DEBUG   opendrift.readers.interpolation.interpolators:115: Converting masked array to numpy array for interpolation
19:40:14 DEBUG   opendrift.readers.interpolation.interpolators:115: Converting masked array to numpy array for interpolation
19:40:14 DEBUG   opendrift.readers.interpolation.interpolators:115: Converting masked array to numpy array for interpolation
19:40:14 DEBUG   opendrift.readers.interpolation.interpolators:115: Converting masked array to numpy array for interpolation
19:40:14 DEBUG   opendrift.readers.interpolation.interpolators:115: Converting masked array to numpy array for interpolation
19:40:14 DEBUG   opendrift.readers.interpolation.interpolators:115: Converting masked array to numpy array for interpolation
19:40:14 DEBUG   opendrift.readers.interpolation.structured:122: Interpolating 10 ensembles for sea_ice_thickness
19:40:14 DEBUG   opendrift.readers.interpolation.interpolators:115: Converting masked array to numpy array for interpolation
19:40:14 DEBUG   opendrift.readers.interpolation.interpolators:115: Converting masked array to numpy array for interpolation
19:40:14 DEBUG   opendrift.readers.interpolation.interpolators:115: Converting masked array to numpy array for interpolation
19:40:14 DEBUG   opendrift.readers.interpolation.interpolators:115: Converting masked array to numpy array for interpolation
19:40:14 DEBUG   opendrift.readers.interpolation.interpolators:115: Converting masked array to numpy array for interpolation
19:40:14 DEBUG   opendrift.readers.interpolation.interpolators:115: Converting masked array to numpy array for interpolation
19:40:14 DEBUG   opendrift.readers.interpolation.interpolators:115: Converting masked array to numpy array for interpolation
19:40:14 DEBUG   opendrift.readers.interpolation.interpolators:115: Converting masked array to numpy array for interpolation
19:40:14 DEBUG   opendrift.readers.interpolation.interpolators:115: Converting masked array to numpy array for interpolation
19:40:14 DEBUG   opendrift.readers.interpolation.interpolators:115: Converting masked array to numpy array for interpolation
19:40:14 DEBUG   opendrift.readers.interpolation.structured:122: Interpolating 10 ensembles for sea_ice_area_fraction
19:40:14 DEBUG   opendrift.readers.interpolation.interpolators:115: Converting masked array to numpy array for interpolation
19:40:14 DEBUG   opendrift.readers.interpolation.interpolators:115: Converting masked array to numpy array for interpolation
19:40:14 DEBUG   opendrift.readers.interpolation.interpolators:115: Converting masked array to numpy array for interpolation
19:40:14 DEBUG   opendrift.readers.interpolation.interpolators:115: Converting masked array to numpy array for interpolation
19:40:14 DEBUG   opendrift.readers.interpolation.interpolators:115: Converting masked array to numpy array for interpolation
19:40:14 DEBUG   opendrift.readers.interpolation.interpolators:115: Converting masked array to numpy array for interpolation
19:40:14 DEBUG   opendrift.readers.interpolation.interpolators:115: Converting masked array to numpy array for interpolation
19:40:14 DEBUG   opendrift.readers.interpolation.interpolators:115: Converting masked array to numpy array for interpolation
19:40:14 DEBUG   opendrift.readers.interpolation.interpolators:115: Converting masked array to numpy array for interpolation
19:40:14 DEBUG   opendrift.readers.interpolation.interpolators:115: Converting masked array to numpy array for interpolation
19:40:14 DEBUG   opendrift.readers.interpolation.structured:122: Interpolating 10 ensembles for sea_ice_x_velocity
19:40:14 DEBUG   opendrift.readers.interpolation.interpolators:115: Converting masked array to numpy array for interpolation
19:40:14 DEBUG   opendrift.readers.interpolation.interpolators:115: Converting masked array to numpy array for interpolation
19:40:14 DEBUG   opendrift.readers.interpolation.interpolators:115: Converting masked array to numpy array for interpolation
19:40:14 DEBUG   opendrift.readers.interpolation.interpolators:115: Converting masked array to numpy array for interpolation
19:40:14 DEBUG   opendrift.readers.interpolation.interpolators:115: Converting masked array to numpy array for interpolation
19:40:14 DEBUG   opendrift.readers.interpolation.interpolators:115: Converting masked array to numpy array for interpolation
19:40:14 DEBUG   opendrift.readers.interpolation.interpolators:115: Converting masked array to numpy array for interpolation
19:40:14 DEBUG   opendrift.readers.interpolation.interpolators:115: Converting masked array to numpy array for interpolation
19:40:14 DEBUG   opendrift.readers.interpolation.interpolators:115: Converting masked array to numpy array for interpolation
19:40:14 DEBUG   opendrift.readers.interpolation.interpolators:115: Converting masked array to numpy array for interpolation
19:40:14 DEBUG   opendrift.readers.interpolation.structured:122: Interpolating 10 ensembles for sea_ice_y_velocity
19:40:14 DEBUG   opendrift.readers.interpolation.interpolators:115: Converting masked array to numpy array for interpolation
19:40:14 DEBUG   opendrift.readers.interpolation.interpolators:115: Converting masked array to numpy array for interpolation
19:40:14 DEBUG   opendrift.readers.interpolation.interpolators:115: Converting masked array to numpy array for interpolation
19:40:14 DEBUG   opendrift.readers.interpolation.interpolators:115: Converting masked array to numpy array for interpolation
19:40:14 DEBUG   opendrift.readers.interpolation.interpolators:115: Converting masked array to numpy array for interpolation
19:40:14 DEBUG   opendrift.readers.interpolation.interpolators:115: Converting masked array to numpy array for interpolation
19:40:14 DEBUG   opendrift.readers.interpolation.interpolators:115: Converting masked array to numpy array for interpolation
19:40:14 DEBUG   opendrift.readers.interpolation.interpolators:115: Converting masked array to numpy array for interpolation
19:40:14 DEBUG   opendrift.readers.interpolation.interpolators:115: Converting masked array to numpy array for interpolation
19:40:14 DEBUG   opendrift.readers.interpolation.interpolators:115: Converting masked array to numpy array for interpolation
19:40:14 DEBUG   opendrift.readers.basereader.structured:355: Interpolating before (2025-09-23 12:00:00, weight 0.04) and
		      after (2025-09-24 12:00:00, weight 0.96) in time
19:40:14 DEBUG   opendrift.readers.basereader.structured:368: Interpolating profiles in time
19:40:14 DEBUG   opendrift.readers.basereader.variables:100: Rotating vectors between -13.216927497249685 and -13.10547946101443 degrees.
19:40:14 DEBUG   opendrift.readers.basereader.variables:100: Rotating vectors between -13.216927497249685 and -13.10547946101443 degrees.
19:40:14 DEBUG   opendrift.readers.basereader.variables:100: Rotating vectors between -13.216927497249685 and -13.10547946101443 degrees.
19:40:14 DEBUG   opendrift.models.basemodel.environment:762: Obtained data for all elements.
19:40:14 DEBUG   opendrift.models.basemodel.environment:599: ----------------------------------------
19:40:14 DEBUG   opendrift.models.basemodel.environment:600: Variable group ['land_binary_mask']
19:40:14 DEBUG   opendrift.models.basemodel.environment:601: ----------------------------------------
19:40:14 DEBUG   opendrift.models.basemodel.environment:605: Calling reader global_landmask
19:40:14 DEBUG   opendrift.models.basemodel.environment:606: ----------------------------------------
19:40:14 DEBUG   opendrift.models.basemodel.environment:626: Data needed for 10 elements
19:40:14 DEBUG   opendrift.readers.basereader.variables:761: Fetching variables from global_landmask covering 10 elements
19:40:14 DEBUG   opendrift.readers.basereader.continuous:37: Fetched env-before
19:40:14 DEBUG   opendrift.readers.basereader.variables:639: Checking land_binary_mask for invalid values
19:40:14 DEBUG   opendrift.readers.basereader.variables:797: Reader projection is latlon - rotation of vectors is not needed.
19:40:14 DEBUG   opendrift.models.basemodel.environment:762: Obtained data for all elements.
19:40:14 DEBUG   opendrift.models.basemodel.environment:599: ----------------------------------------
19:40:14 DEBUG   opendrift.models.basemodel.environment:600: Variable group ['x_wind', 'y_wind']
19:40:14 DEBUG   opendrift.models.basemodel.environment:601: ----------------------------------------
19:40:14 DEBUG   opendrift.models.basemodel.environment:605: Calling reader cmems_obs-wind_glo_phy_nrt_l4_0.125deg_PT1H
19:40:14 DEBUG   opendrift.models.basemodel.environment:606: ----------------------------------------
19:40:14 DEBUG   opendrift.models.basemodel.environment:626: Data needed for 10 elements
19:40:14 DEBUG   opendrift.readers.basereader.variables:761: Fetching variables from cmems_obs-wind_glo_phy_nrt_l4_0.125deg_PT1H covering 10 elements
19:40:14 DEBUG   opendrift.readers.basereader.structured:208: Shifting coordinates to -180-180
19:40:14 DEBUG   opendrift.readers.basereader.structured:220: Reader time:
		2025-09-24 11:00:00 (before)
		2025-09-24 12:00:00 (after)
19:40:14 DEBUG   opendrift.readers.reader_netCDF_CF_generic:470: Using eastward_wind to retrieve x_wind
19:40:14 DEBUG   opendrift.readers.reader_netCDF_CF_generic:470: Using northward_wind to retrieve y_wind
19:40:14 DEBUG   opendrift.readers.reader_netCDF_CF_generic:592: North is up, no rotation necessary
19:40:14 DEBUG   opendrift.readers.basereader.variables:639: Checking x_wind for invalid values
19:40:14 DEBUG   opendrift.readers.basereader.variables:639: Checking y_wind for invalid values
19:40:14 DEBUG   opendrift.readers.basereader.structured:290: Fetched env-block (size 8x7x1) for time before (2025-09-24 11:00:00)
19:40:14 DEBUG   opendrift.readers.basereader.structured:334: Interpolating before (2025-09-24 11:00:00) in space  (linearNDFast)
19:40:14 DEBUG   opendrift.readers.interpolation.structured:97: Initialising interpolator.
19:40:14 DEBUG   opendrift.readers.basereader.structured:388: No time interpolation needed - right on time.
19:40:14 DEBUG   opendrift.readers.basereader.variables:797: Reader projection is latlon - rotation of vectors is not needed.
19:40:14 DEBUG   opendrift.models.basemodel.environment:762: Obtained data for all elements.
19:40:14 DEBUG   opendrift.models.basemodel.environment:775: ---------------------------------------
19:40:14 DEBUG   opendrift.models.basemodel.environment:776: Finished processing all variable groups
19:40:14 DEBUG   opendrift.models.basemodel.environment:812:       Using fallback value 0 for x_sea_water_velocity for 0 profiles
19:40:14 DEBUG   opendrift.models.basemodel.environment:812:       Using fallback value 0 for y_sea_water_velocity for 0 profiles
19:40:14 DEBUG   opendrift.models.basemodel.environment:812:       Using fallback value 2 for sea_water_temperature for 0 profiles
19:40:14 DEBUG   opendrift.models.basemodel.environment:801:       Using fallback value 35 for sea_water_salinity for all profiles
19:40:14 DEBUG   opendrift.models.basemodel.environment:898: ------------ SUMMARY -------------
19:40:14 DEBUG   opendrift.models.basemodel.environment:900:     x_sea_water_velocity: 0.00133935 (min) 0.0147804 (max)
19:40:14 DEBUG   opendrift.models.basemodel.environment:900:     y_sea_water_velocity: 0.110608 (min) 0.238329 (max)
19:40:14 DEBUG   opendrift.models.basemodel.environment:900:     sea_floor_depth_below_sea_level: 27.923 (min) 63.5334 (max)
19:40:14 DEBUG   opendrift.models.basemodel.environment:900:     sea_surface_height: -0.414172 (min) -0.37997 (max)
19:40:14 DEBUG   opendrift.models.basemodel.environment:900:     sea_surface_x_slope: 0 (min) 0 (max)
19:40:14 DEBUG   opendrift.models.basemodel.environment:900:     sea_surface_y_slope: 0 (min) 0 (max)
19:40:14 DEBUG   opendrift.models.basemodel.environment:900:     x_wind: -7.02543 (min) -6.93569 (max)
19:40:14 DEBUG   opendrift.models.basemodel.environment:900:     y_wind: 9.07551 (min) 9.506 (max)
19:40:14 DEBUG   opendrift.models.basemodel.environment:900:     horizontal_diffusivity: 0 (min) 0 (max)
19:40:14 DEBUG   opendrift.models.basemodel.environment:900:     sea_surface_wave_significant_height: 0 (min) 0 (max)
19:40:14 DEBUG   opendrift.models.basemodel.environment:900:     sea_surface_wave_from_direction: 0 (min) 0 (max)
19:40:14 DEBUG   opendrift.models.basemodel.environment:900:     sea_surface_wave_stokes_drift_x_velocity: 0 (min) 0 (max)
19:40:14 DEBUG   opendrift.models.basemodel.environment:900:     sea_surface_wave_stokes_drift_y_velocity: 0 (min) 0 (max)
19:40:14 DEBUG   opendrift.models.basemodel.environment:900:     sea_water_temperature: 2.07971 (min) 2.62344 (max)
19:40:14 DEBUG   opendrift.models.basemodel.environment:900:     sea_water_salinity: 35 (min) 35 (max)
19:40:14 DEBUG   opendrift.models.basemodel.environment:900:     sea_ice_area_fraction: 0 (min) 0 (max)
19:40:14 DEBUG   opendrift.models.basemodel.environment:900:     sea_ice_thickness: 0 (min) 0 (max)
19:40:14 DEBUG   opendrift.models.basemodel.environment:900:     sea_ice_x_velocity: 0 (min) 0 (max)
19:40:14 DEBUG   opendrift.models.basemodel.environment:900:     sea_ice_y_velocity: 0 (min) 0 (max)
19:40:14 DEBUG   opendrift.models.basemodel.environment:900:     land_binary_mask: 0 (min) 0 (max)
19:40:14 DEBUG   opendrift.models.basemodel.environment:902: ---------------------------------
19:40:14 DEBUG   opendrift.models.physics_methods:823: Calculating Hs from wind, min: 3.209528, mean: 3.283999, max: 3.437130
19:40:14 WARNING opendrift.models.physics_methods:832: Setting wave direction equal to wind direction, min: -37.387810, mean: -37.184113, max: -36.466320
19:40:14 DEBUG   opendrift:689: No elements hit coastline.
19:40:14 DEBUG   opendrift:760: No elements hit seafloor.
19:40:14 DEBUG   opendrift:1732: No elements to deactivate
19:40:14 DEBUG   opendrift:2193: Calling OpenBerg.update()
19:40:14 DEBUG   opendrift.models.openberg:507: Advection with surface currents
19:40:14 DEBUG   opendrift.models.openberg:569: Grounding condition: Icebergs grounded = 9
19:40:14 DEBUG   opendrift:1680: Horizontal diffusivity is 0, no random walk.
19:40:14 DEBUG   opendrift:904: to be seeded: 250, already seeded 10
19:40:14 DEBUG   opendrift:926: Released 0 new elements.
19:40:14 DEBUG   opendrift:2135: ======================================================================
19:40:14 INFO    opendrift:2136: 2025-09-24 12:00:00 - step 13 of 1872 - 10 active elements (0 deactivated)
19:40:14 DEBUG   opendrift:2142: 250 elements scheduled.
19:40:14 DEBUG   opendrift:2144: ======================================================================
19:40:14 DEBUG   opendrift:2155: 		74.99825286865234 <- latitude -> 75.11906333103438
19:40:14 DEBUG   opendrift:2155: 		-58.211177825927734 <- longitude -> -58.09977340698242
19:40:14 DEBUG   opendrift:2153: 		z = 0.0
19:40:14 DEBUG   opendrift:2156: ---------------------------------
19:40:14 DEBUG   opendrift.models.basemodel.environment:599: ----------------------------------------
19:40:14 DEBUG   opendrift.models.basemodel.environment:600: Variable group ['sea_floor_depth_below_sea_level', 'sea_water_temperature', 'x_sea_water_velocity', 'y_sea_water_velocity', 'sea_surface_height', 'sea_ice_thickness', 'sea_ice_area_fraction', 'sea_ice_x_velocity', 'sea_ice_y_velocity']
19:40:14 DEBUG   opendrift.models.basemodel.environment:601: ----------------------------------------
19:40:14 DEBUG   opendrift.models.basemodel.environment:605: Calling reader Ensemble reader
19:40:14 DEBUG   opendrift.models.basemodel.environment:606: ----------------------------------------
19:40:14 DEBUG   opendrift.models.basemodel.environment:626: Data needed for 10 elements
19:40:14 DEBUG   opendrift.readers.basereader.variables:761: Fetching variables from Ensemble reader covering 10 elements
19:40:14 DEBUG   opendrift.readers.basereader.structured:220: Reader time:
		2025-09-24 12:00:00 (before)
		2025-09-25 12:00:00 (after)
19:40:14 DEBUG   opendrift.readers.basereader.structured:334: Interpolating before (2025-09-24 12:00:00) in space  (linearNDFast)
19:40:14 DEBUG   opendrift.readers.interpolation.structured:97: Initialising interpolator.
19:40:14 DEBUG   opendrift.readers.interpolation.structured:122: Interpolating 10 ensembles for sea_floor_depth_below_sea_level
19:40:14 DEBUG   opendrift.readers.interpolation.structured:122: Interpolating 10 ensembles for sea_water_temperature
19:40:14 DEBUG   opendrift.readers.interpolation.interpolators:115: Converting masked array to numpy array for interpolation
19:40:14 DEBUG   opendrift.readers.interpolation.interpolators:115: Converting masked array to numpy array for interpolation
19:40:14 DEBUG   opendrift.readers.interpolation.interpolators:115: Converting masked array to numpy array for interpolation
19:40:14 DEBUG   opendrift.readers.interpolation.interpolators:115: Converting masked array to numpy array for interpolation
19:40:14 DEBUG   opendrift.readers.interpolation.interpolators:115: Converting masked array to numpy array for interpolation
19:40:14 DEBUG   opendrift.readers.interpolation.interpolators:115: Converting masked array to numpy array for interpolation
19:40:14 DEBUG   opendrift.readers.interpolation.interpolators:115: Converting masked array to numpy array for interpolation
19:40:14 DEBUG   opendrift.readers.interpolation.interpolators:115: Converting masked array to numpy array for interpolation
19:40:14 DEBUG   opendrift.readers.interpolation.interpolators:115: Converting masked array to numpy array for interpolation
19:40:14 DEBUG   opendrift.readers.interpolation.interpolators:115: Converting masked array to numpy array for interpolation
19:40:14 DEBUG   opendrift.readers.interpolation.interpolators:115: Converting masked array to numpy array for interpolation
19:40:14 DEBUG   opendrift.readers.interpolation.interpolators:115: Converting masked array to numpy array for interpolation
19:40:14 DEBUG   opendrift.readers.interpolation.interpolators:115: Converting masked array to numpy array for interpolation
19:40:14 DEBUG   opendrift.readers.interpolation.interpolators:115: Converting masked array to numpy array for interpolation
19:40:14 DEBUG   opendrift.readers.interpolation.interpolators:115: Converting masked array to numpy array for interpolation
19:40:14 DEBUG   opendrift.readers.interpolation.interpolators:115: Converting masked array to numpy array for interpolation
19:40:14 DEBUG   opendrift.readers.interpolation.interpolators:115: Converting masked array to numpy array for interpolation
19:40:14 DEBUG   opendrift.readers.interpolation.interpolators:115: Converting masked array to numpy array for interpolation
19:40:14 DEBUG   opendrift.readers.interpolation.interpolators:115: Converting masked array to numpy array for interpolation
19:40:14 DEBUG   opendrift.readers.interpolation.interpolators:115: Converting masked array to numpy array for interpolation
19:40:14 DEBUG   opendrift.readers.interpolation.structured:122: Interpolating 10 ensembles for x_sea_water_velocity
19:40:14 DEBUG   opendrift.readers.interpolation.structured:122: Interpolating 10 ensembles for y_sea_water_velocity
19:40:14 DEBUG   opendrift.readers.interpolation.structured:122: Interpolating 10 ensembles for sea_surface_height
19:40:14 DEBUG   opendrift.readers.interpolation.interpolators:115: Converting masked array to numpy array for interpolation
19:40:14 DEBUG   opendrift.readers.interpolation.interpolators:115: Converting masked array to numpy array for interpolation
19:40:14 DEBUG   opendrift.readers.interpolation.interpolators:115: Converting masked array to numpy array for interpolation
19:40:14 DEBUG   opendrift.readers.interpolation.interpolators:115: Converting masked array to numpy array for interpolation
19:40:14 DEBUG   opendrift.readers.interpolation.interpolators:115: Converting masked array to numpy array for interpolation
19:40:14 DEBUG   opendrift.readers.interpolation.interpolators:115: Converting masked array to numpy array for interpolation
19:40:14 DEBUG   opendrift.readers.interpolation.interpolators:115: Converting masked array to numpy array for interpolation
19:40:14 DEBUG   opendrift.readers.interpolation.interpolators:115: Converting masked array to numpy array for interpolation
19:40:14 DEBUG   opendrift.readers.interpolation.interpolators:115: Converting masked array to numpy array for interpolation
19:40:14 DEBUG   opendrift.readers.interpolation.interpolators:115: Converting masked array to numpy array for interpolation
19:40:14 DEBUG   opendrift.readers.interpolation.structured:122: Interpolating 10 ensembles for sea_ice_thickness
19:40:14 DEBUG   opendrift.readers.interpolation.interpolators:115: Converting masked array to numpy array for interpolation
19:40:14 DEBUG   opendrift.readers.interpolation.interpolators:115: Converting masked array to numpy array for interpolation
19:40:14 DEBUG   opendrift.readers.interpolation.interpolators:115: Converting masked array to numpy array for interpolation
19:40:14 DEBUG   opendrift.readers.interpolation.interpolators:115: Converting masked array to numpy array for interpolation
19:40:14 DEBUG   opendrift.readers.interpolation.interpolators:115: Converting masked array to numpy array for interpolation
19:40:14 DEBUG   opendrift.readers.interpolation.interpolators:115: Converting masked array to numpy array for interpolation
19:40:14 DEBUG   opendrift.readers.interpolation.interpolators:115: Converting masked array to numpy array for interpolation
19:40:14 DEBUG   opendrift.readers.interpolation.interpolators:115: Converting masked array to numpy array for interpolation
19:40:14 DEBUG   opendrift.readers.interpolation.interpolators:115: Converting masked array to numpy array for interpolation
19:40:14 DEBUG   opendrift.readers.interpolation.interpolators:115: Converting masked array to numpy array for interpolation
19:40:14 DEBUG   opendrift.readers.interpolation.structured:122: Interpolating 10 ensembles for sea_ice_area_fraction
19:40:14 DEBUG   opendrift.readers.interpolation.interpolators:115: Converting masked array to numpy array for interpolation
19:40:14 DEBUG   opendrift.readers.interpolation.interpolators:115: Converting masked array to numpy array for interpolation
19:40:14 DEBUG   opendrift.readers.interpolation.interpolators:115: Converting masked array to numpy array for interpolation
19:40:14 DEBUG   opendrift.readers.interpolation.interpolators:115: Converting masked array to numpy array for interpolation
19:40:14 DEBUG   opendrift.readers.interpolation.interpolators:115: Converting masked array to numpy array for interpolation
19:40:14 DEBUG   opendrift.readers.interpolation.interpolators:115: Converting masked array to numpy array for interpolation
19:40:14 DEBUG   opendrift.readers.interpolation.interpolators:115: Converting masked array to numpy array for interpolation
19:40:14 DEBUG   opendrift.readers.interpolation.interpolators:115: Converting masked array to numpy array for interpolation
19:40:14 DEBUG   opendrift.readers.interpolation.interpolators:115: Converting masked array to numpy array for interpolation
19:40:14 DEBUG   opendrift.readers.interpolation.interpolators:115: Converting masked array to numpy array for interpolation
19:40:14 DEBUG   opendrift.readers.interpolation.structured:122: Interpolating 10 ensembles for sea_ice_x_velocity
19:40:14 DEBUG   opendrift.readers.interpolation.interpolators:115: Converting masked array to numpy array for interpolation
19:40:14 DEBUG   opendrift.readers.interpolation.interpolators:115: Converting masked array to numpy array for interpolation
19:40:14 DEBUG   opendrift.readers.interpolation.interpolators:115: Converting masked array to numpy array for interpolation
19:40:14 DEBUG   opendrift.readers.interpolation.interpolators:115: Converting masked array to numpy array for interpolation
19:40:14 DEBUG   opendrift.readers.interpolation.interpolators:115: Converting masked array to numpy array for interpolation
19:40:14 DEBUG   opendrift.readers.interpolation.interpolators:115: Converting masked array to numpy array for interpolation
19:40:14 DEBUG   opendrift.readers.interpolation.interpolators:115: Converting masked array to numpy array for interpolation
19:40:14 DEBUG   opendrift.readers.interpolation.interpolators:115: Converting masked array to numpy array for interpolation
19:40:14 DEBUG   opendrift.readers.interpolation.interpolators:115: Converting masked array to numpy array for interpolation
19:40:14 DEBUG   opendrift.readers.interpolation.interpolators:115: Converting masked array to numpy array for interpolation
19:40:14 DEBUG   opendrift.readers.interpolation.structured:122: Interpolating 10 ensembles for sea_ice_y_velocity
19:40:14 DEBUG   opendrift.readers.interpolation.interpolators:115: Converting masked array to numpy array for interpolation
19:40:14 DEBUG   opendrift.readers.interpolation.interpolators:115: Converting masked array to numpy array for interpolation
19:40:14 DEBUG   opendrift.readers.interpolation.interpolators:115: Converting masked array to numpy array for interpolation
19:40:14 DEBUG   opendrift.readers.interpolation.interpolators:115: Converting masked array to numpy array for interpolation
19:40:14 DEBUG   opendrift.readers.interpolation.interpolators:115: Converting masked array to numpy array for interpolation
19:40:14 DEBUG   opendrift.readers.interpolation.interpolators:115: Converting masked array to numpy array for interpolation
19:40:14 DEBUG   opendrift.readers.interpolation.interpolators:115: Converting masked array to numpy array for interpolation
19:40:14 DEBUG   opendrift.readers.interpolation.interpolators:115: Converting masked array to numpy array for interpolation
19:40:14 DEBUG   opendrift.readers.interpolation.interpolators:115: Converting masked array to numpy array for interpolation
19:40:14 DEBUG   opendrift.readers.interpolation.interpolators:115: Converting masked array to numpy array for interpolation
19:40:14 DEBUG   opendrift.readers.basereader.structured:388: No time interpolation needed - right on time.
19:40:14 DEBUG   opendrift.readers.basereader.variables:100: Rotating vectors between -13.216927497249685 and -13.10547946101443 degrees.
19:40:14 DEBUG   opendrift.readers.basereader.variables:100: Rotating vectors between -13.216927497249685 and -13.10547946101443 degrees.
19:40:14 DEBUG   opendrift.readers.basereader.variables:100: Rotating vectors between -13.216927497249685 and -13.10547946101443 degrees.
19:40:14 DEBUG   opendrift.models.basemodel.environment:762: Obtained data for all elements.
19:40:14 DEBUG   opendrift.models.basemodel.environment:599: ----------------------------------------
19:40:14 DEBUG   opendrift.models.basemodel.environment:600: Variable group ['land_binary_mask']
19:40:14 DEBUG   opendrift.models.basemodel.environment:601: ----------------------------------------
19:40:14 DEBUG   opendrift.models.basemodel.environment:605: Calling reader global_landmask
19:40:14 DEBUG   opendrift.models.basemodel.environment:606: ----------------------------------------
19:40:14 DEBUG   opendrift.models.basemodel.environment:626: Data needed for 10 elements
19:40:14 DEBUG   opendrift.readers.basereader.variables:761: Fetching variables from global_landmask covering 10 elements
19:40:14 DEBUG   opendrift.readers.basereader.continuous:37: Fetched env-before
19:40:14 DEBUG   opendrift.readers.basereader.variables:639: Checking land_binary_mask for invalid values
19:40:14 DEBUG   opendrift.readers.basereader.variables:797: Reader projection is latlon - rotation of vectors is not needed.
19:40:14 DEBUG   opendrift.models.basemodel.environment:762: Obtained data for all elements.
19:40:14 DEBUG   opendrift.models.basemodel.environment:599: ----------------------------------------
19:40:14 DEBUG   opendrift.models.basemodel.environment:600: Variable group ['x_wind', 'y_wind']
19:40:14 DEBUG   opendrift.models.basemodel.environment:601: ----------------------------------------
19:40:14 DEBUG   opendrift.models.basemodel.environment:605: Calling reader cmems_obs-wind_glo_phy_nrt_l4_0.125deg_PT1H
19:40:14 DEBUG   opendrift.models.basemodel.environment:606: ----------------------------------------
19:40:14 DEBUG   opendrift.models.basemodel.environment:626: Data needed for 10 elements
19:40:14 DEBUG   opendrift.readers.basereader.variables:761: Fetching variables from cmems_obs-wind_glo_phy_nrt_l4_0.125deg_PT1H covering 10 elements
19:40:14 DEBUG   opendrift.readers.basereader.structured:208: Shifting coordinates to -180-180
19:40:14 DEBUG   opendrift.readers.basereader.structured:220: Reader time:
		2025-09-24 12:00:00 (before)
		2025-09-24 13:00:00 (after)
19:40:14 DEBUG   opendrift.readers.reader_netCDF_CF_generic:470: Using eastward_wind to retrieve x_wind
19:40:14 DEBUG   opendrift.readers.reader_netCDF_CF_generic:470: Using northward_wind to retrieve y_wind
19:40:14 DEBUG   opendrift.readers.reader_netCDF_CF_generic:592: North is up, no rotation necessary
19:40:14 DEBUG   opendrift.readers.basereader.variables:639: Checking x_wind for invalid values
19:40:14 DEBUG   opendrift.readers.basereader.variables:639: Checking y_wind for invalid values
19:40:14 DEBUG   opendrift.readers.basereader.structured:290: Fetched env-block (size 8x7x1) for time before (2025-09-24 12:00:00)
19:40:14 DEBUG   opendrift.readers.basereader.structured:334: Interpolating before (2025-09-24 12:00:00) in space  (linearNDFast)
19:40:14 DEBUG   opendrift.readers.interpolation.structured:97: Initialising interpolator.
19:40:14 DEBUG   opendrift.readers.basereader.structured:388: No time interpolation needed - right on time.
19:40:14 DEBUG   opendrift.readers.basereader.variables:797: Reader projection is latlon - rotation of vectors is not needed.
19:40:14 DEBUG   opendrift.models.basemodel.environment:762: Obtained data for all elements.
19:40:14 DEBUG   opendrift.models.basemodel.environment:775: ---------------------------------------
19:40:14 DEBUG   opendrift.models.basemodel.environment:776: Finished processing all variable groups
19:40:14 DEBUG   opendrift.models.basemodel.environment:812:       Using fallback value 0 for x_sea_water_velocity for 0 profiles
19:40:14 DEBUG   opendrift.models.basemodel.environment:812:       Using fallback value 0 for y_sea_water_velocity for 0 profiles
19:40:14 DEBUG   opendrift.models.basemodel.environment:812:       Using fallback value 2 for sea_water_temperature for 0 profiles
19:40:14 DEBUG   opendrift.models.basemodel.environment:801:       Using fallback value 35 for sea_water_salinity for all profiles
19:40:14 DEBUG   opendrift.models.basemodel.environment:898: ------------ SUMMARY -------------
19:40:14 DEBUG   opendrift.models.basemodel.environment:900:     x_sea_water_velocity: 0.000826692 (min) 0.0130157 (max)
19:40:14 DEBUG   opendrift.models.basemodel.environment:900:     y_sea_water_velocity: 0.117466 (min) 0.250403 (max)
19:40:14 DEBUG   opendrift.models.basemodel.environment:900:     sea_floor_depth_below_sea_level: 27.8005 (min) 63.5334 (max)
19:40:14 DEBUG   opendrift.models.basemodel.environment:900:     sea_surface_height: -0.411705 (min) -0.376327 (max)
19:40:14 DEBUG   opendrift.models.basemodel.environment:900:     sea_surface_x_slope: 0 (min) 0 (max)
19:40:14 DEBUG   opendrift.models.basemodel.environment:900:     sea_surface_y_slope: 0 (min) 0 (max)
19:40:14 DEBUG   opendrift.models.basemodel.environment:900:     x_wind: -7.10674 (min) -6.91828 (max)
19:40:14 DEBUG   opendrift.models.basemodel.environment:900:     y_wind: 8.84888 (min) 9.21051 (max)
19:40:14 DEBUG   opendrift.models.basemodel.environment:900:     horizontal_diffusivity: 0 (min) 0 (max)
19:40:14 DEBUG   opendrift.models.basemodel.environment:900:     sea_surface_wave_significant_height: 0 (min) 0 (max)
19:40:14 DEBUG   opendrift.models.basemodel.environment:900:     sea_surface_wave_from_direction: 0 (min) 0 (max)
19:40:14 DEBUG   opendrift.models.basemodel.environment:900:     sea_surface_wave_stokes_drift_x_velocity: 0 (min) 0 (max)
19:40:14 DEBUG   opendrift.models.basemodel.environment:900:     sea_surface_wave_stokes_drift_y_velocity: 0 (min) 0 (max)
19:40:14 DEBUG   opendrift.models.basemodel.environment:900:     sea_water_temperature: 2.07652 (min) 2.61878 (max)
19:40:14 DEBUG   opendrift.models.basemodel.environment:900:     sea_water_salinity: 35 (min) 35 (max)
19:40:14 DEBUG   opendrift.models.basemodel.environment:900:     sea_ice_area_fraction: 0 (min) 0 (max)
19:40:14 DEBUG   opendrift.models.basemodel.environment:900:     sea_ice_thickness: 0 (min) 0 (max)
19:40:14 DEBUG   opendrift.models.basemodel.environment:900:     sea_ice_x_velocity: 0 (min) 0 (max)
19:40:14 DEBUG   opendrift.models.basemodel.environment:900:     sea_ice_y_velocity: 0 (min) 0 (max)
19:40:14 DEBUG   opendrift.models.basemodel.environment:900:     land_binary_mask: 0 (min) 0 (max)
19:40:14 DEBUG   opendrift.models.basemodel.environment:902: ---------------------------------
19:40:14 DEBUG   opendrift.models.physics_methods:823: Calculating Hs from wind, min: 3.103666, mean: 3.188843, max: 3.329346
19:40:14 WARNING opendrift.models.physics_methods:832: Setting wave direction equal to wind direction, min: -38.019222, mean: -37.963188, max: -37.653412
19:40:14 DEBUG   opendrift:689: No elements hit coastline.
19:40:14 DEBUG   opendrift:760: No elements hit seafloor.
19:40:14 DEBUG   opendrift:1732: No elements to deactivate
19:40:14 DEBUG   opendrift:2193: Calling OpenBerg.update()
19:40:14 DEBUG   opendrift.models.openberg:507: Advection with surface currents
19:40:14 DEBUG   opendrift.models.openberg:569: Grounding condition: Icebergs grounded = 9
19:40:14 DEBUG   opendrift:1680: Horizontal diffusivity is 0, no random walk.
19:40:14 DEBUG   opendrift:904: to be seeded: 250, already seeded 10
19:40:14 DEBUG   opendrift:926: Released 0 new elements.
19:40:14 DEBUG   opendrift:2135: ======================================================================
19:40:14 INFO    opendrift:2136: 2025-09-24 13:00:00 - step 14 of 1872 - 10 active elements (0 deactivated)
19:40:14 DEBUG   opendrift:2142: 250 elements scheduled.
19:40:14 DEBUG   opendrift:2144: ======================================================================
19:40:14 DEBUG   opendrift:2155: 		74.99825286865234 <- latitude -> 75.12980651872635
19:40:14 DEBUG   opendrift:2155: 		-58.211177825927734 <- longitude -> -58.09977340698242
19:40:14 DEBUG   opendrift:2153: 		z = 0.0
19:40:14 DEBUG   opendrift:2156: ---------------------------------
19:40:14 DEBUG   opendrift.models.basemodel.environment:599: ----------------------------------------
19:40:14 DEBUG   opendrift.models.basemodel.environment:600: Variable group ['sea_floor_depth_below_sea_level', 'sea_water_temperature', 'x_sea_water_velocity', 'y_sea_water_velocity', 'sea_surface_height', 'sea_ice_thickness', 'sea_ice_area_fraction', 'sea_ice_x_velocity', 'sea_ice_y_velocity']
19:40:14 DEBUG   opendrift.models.basemodel.environment:601: ----------------------------------------
19:40:14 DEBUG   opendrift.models.basemodel.environment:605: Calling reader Ensemble reader
19:40:14 DEBUG   opendrift.models.basemodel.environment:606: ----------------------------------------
19:40:14 DEBUG   opendrift.models.basemodel.environment:626: Data needed for 10 elements
19:40:14 DEBUG   opendrift.readers.basereader.variables:761: Fetching variables from Ensemble reader covering 10 elements
19:40:14 DEBUG   opendrift.readers.basereader.structured:220: Reader time:
		2025-09-24 12:00:00 (before)
		2025-09-25 12:00:00 (after)
19:40:14 DEBUG   opendrift.readers.reader_netCDF_CF_generic:561: Num ensembles for sea_floor_depth_below_sea_level: 10
19:40:28 DEBUG   opendrift.readers.reader_netCDF_CF_generic:561: Num ensembles for sea_water_temperature: 10
19:40:46 DEBUG   opendrift.readers.reader_netCDF_CF_generic:561: Num ensembles for x_sea_water_velocity: 10
19:41:06 DEBUG   opendrift.readers.reader_netCDF_CF_generic:561: Num ensembles for y_sea_water_velocity: 10
19:41:13 DEBUG   opendrift.readers.reader_netCDF_CF_generic:561: Num ensembles for sea_surface_height: 10
19:41:18 DEBUG   opendrift.readers.reader_netCDF_CF_generic:561: Num ensembles for sea_ice_thickness: 10
19:41:22 DEBUG   opendrift.readers.reader_netCDF_CF_generic:561: Num ensembles for sea_ice_area_fraction: 10
19:41:28 DEBUG   opendrift.readers.reader_netCDF_CF_generic:561: Num ensembles for sea_ice_x_velocity: 10
19:41:32 DEBUG   opendrift.readers.reader_netCDF_CF_generic:561: Num ensembles for sea_ice_y_velocity: 10
19:41:32 DEBUG   opendrift.readers.basereader.variables:639: Checking sea_floor_depth_below_sea_level for invalid values
19:41:32 DEBUG   opendrift.readers.basereader.variables:641: Min-max checking for ensemble data (10 members)
19:41:32 DEBUG   opendrift.readers.basereader.variables:639: Checking sea_floor_depth_below_sea_level for invalid values
19:41:32 DEBUG   opendrift.readers.basereader.variables:639: Checking sea_floor_depth_below_sea_level for invalid values
19:41:32 DEBUG   opendrift.readers.basereader.variables:639: Checking sea_floor_depth_below_sea_level for invalid values
19:41:32 DEBUG   opendrift.readers.basereader.variables:639: Checking sea_floor_depth_below_sea_level for invalid values
19:41:32 DEBUG   opendrift.readers.basereader.variables:639: Checking sea_floor_depth_below_sea_level for invalid values
19:41:32 DEBUG   opendrift.readers.basereader.variables:639: Checking sea_floor_depth_below_sea_level for invalid values
19:41:32 DEBUG   opendrift.readers.basereader.variables:639: Checking sea_floor_depth_below_sea_level for invalid values
19:41:32 DEBUG   opendrift.readers.basereader.variables:639: Checking sea_floor_depth_below_sea_level for invalid values
19:41:32 DEBUG   opendrift.readers.basereader.variables:639: Checking sea_floor_depth_below_sea_level for invalid values
19:41:32 DEBUG   opendrift.readers.basereader.variables:639: Checking sea_floor_depth_below_sea_level for invalid values
19:41:32 WARNING opendrift.readers.interpolation.structured:63: Ensemble data currently not extrapolated towards seafloor
19:41:32 WARNING opendrift.readers.interpolation.structured:63: Ensemble data currently not extrapolated towards seafloor
19:41:32 DEBUG   opendrift.readers.basereader.variables:639: Checking x_sea_water_velocity for invalid values
19:41:32 DEBUG   opendrift.readers.basereader.variables:641: Min-max checking for ensemble data (10 members)
19:41:32 DEBUG   opendrift.readers.basereader.variables:639: Checking x_sea_water_velocity for invalid values
19:41:32 DEBUG   opendrift.readers.basereader.variables:639: Checking x_sea_water_velocity for invalid values
19:41:32 DEBUG   opendrift.readers.basereader.variables:639: Checking x_sea_water_velocity for invalid values
19:41:32 DEBUG   opendrift.readers.basereader.variables:639: Checking x_sea_water_velocity for invalid values
19:41:32 DEBUG   opendrift.readers.basereader.variables:639: Checking x_sea_water_velocity for invalid values
19:41:32 DEBUG   opendrift.readers.basereader.variables:639: Checking x_sea_water_velocity for invalid values
19:41:32 DEBUG   opendrift.readers.basereader.variables:639: Checking x_sea_water_velocity for invalid values
19:41:32 DEBUG   opendrift.readers.basereader.variables:639: Checking x_sea_water_velocity for invalid values
19:41:32 DEBUG   opendrift.readers.basereader.variables:639: Checking x_sea_water_velocity for invalid values
19:41:32 DEBUG   opendrift.readers.basereader.variables:639: Checking x_sea_water_velocity for invalid values
19:41:32 WARNING opendrift.readers.interpolation.structured:63: Ensemble data currently not extrapolated towards seafloor
19:41:32 DEBUG   opendrift.readers.basereader.variables:639: Checking y_sea_water_velocity for invalid values
19:41:32 DEBUG   opendrift.readers.basereader.variables:641: Min-max checking for ensemble data (10 members)
19:41:32 DEBUG   opendrift.readers.basereader.variables:639: Checking y_sea_water_velocity for invalid values
19:41:32 DEBUG   opendrift.readers.basereader.variables:639: Checking y_sea_water_velocity for invalid values
19:41:32 DEBUG   opendrift.readers.basereader.variables:639: Checking y_sea_water_velocity for invalid values
19:41:32 DEBUG   opendrift.readers.basereader.variables:639: Checking y_sea_water_velocity for invalid values
19:41:32 DEBUG   opendrift.readers.basereader.variables:639: Checking y_sea_water_velocity for invalid values
19:41:32 DEBUG   opendrift.readers.basereader.variables:639: Checking y_sea_water_velocity for invalid values
19:41:32 DEBUG   opendrift.readers.basereader.variables:639: Checking y_sea_water_velocity for invalid values
19:41:32 DEBUG   opendrift.readers.basereader.variables:639: Checking y_sea_water_velocity for invalid values
19:41:32 DEBUG   opendrift.readers.basereader.variables:639: Checking y_sea_water_velocity for invalid values
19:41:32 DEBUG   opendrift.readers.basereader.variables:639: Checking y_sea_water_velocity for invalid values
19:41:32 WARNING opendrift.readers.interpolation.structured:63: Ensemble data currently not extrapolated towards seafloor
19:41:32 WARNING opendrift.readers.interpolation.structured:63: Ensemble data currently not extrapolated towards seafloor
19:41:32 WARNING opendrift.readers.interpolation.structured:63: Ensemble data currently not extrapolated towards seafloor
19:41:32 WARNING opendrift.readers.interpolation.structured:63: Ensemble data currently not extrapolated towards seafloor
19:41:32 WARNING opendrift.readers.interpolation.structured:63: Ensemble data currently not extrapolated towards seafloor
19:41:32 WARNING opendrift.readers.interpolation.structured:63: Ensemble data currently not extrapolated towards seafloor
19:41:32 DEBUG   opendrift.readers.basereader.structured:313: Fetched env-block (size 34x34x2) for time after (2025-09-25 12:00:00)
19:41:32 DEBUG   opendrift.readers.basereader.structured:334: Interpolating before (2025-09-24 12:00:00) in space  (linearNDFast)
19:41:32 DEBUG   opendrift.readers.interpolation.structured:97: Initialising interpolator.
19:41:32 DEBUG   opendrift.readers.interpolation.structured:122: Interpolating 10 ensembles for sea_floor_depth_below_sea_level
19:41:32 DEBUG   opendrift.readers.interpolation.structured:122: Interpolating 10 ensembles for sea_water_temperature
19:41:32 DEBUG   opendrift.readers.interpolation.interpolators:115: Converting masked array to numpy array for interpolation
19:41:32 DEBUG   opendrift.readers.interpolation.interpolators:115: Converting masked array to numpy array for interpolation
19:41:32 DEBUG   opendrift.readers.interpolation.interpolators:115: Converting masked array to numpy array for interpolation
19:41:32 DEBUG   opendrift.readers.interpolation.interpolators:115: Converting masked array to numpy array for interpolation
19:41:32 DEBUG   opendrift.readers.interpolation.interpolators:115: Converting masked array to numpy array for interpolation
19:41:32 DEBUG   opendrift.readers.interpolation.interpolators:115: Converting masked array to numpy array for interpolation
19:41:32 DEBUG   opendrift.readers.interpolation.interpolators:115: Converting masked array to numpy array for interpolation
19:41:32 DEBUG   opendrift.readers.interpolation.interpolators:115: Converting masked array to numpy array for interpolation
19:41:32 DEBUG   opendrift.readers.interpolation.interpolators:115: Converting masked array to numpy array for interpolation
19:41:32 DEBUG   opendrift.readers.interpolation.interpolators:115: Converting masked array to numpy array for interpolation
19:41:32 DEBUG   opendrift.readers.interpolation.interpolators:115: Converting masked array to numpy array for interpolation
19:41:32 DEBUG   opendrift.readers.interpolation.interpolators:115: Converting masked array to numpy array for interpolation
19:41:32 DEBUG   opendrift.readers.interpolation.interpolators:115: Converting masked array to numpy array for interpolation
19:41:32 DEBUG   opendrift.readers.interpolation.interpolators:115: Converting masked array to numpy array for interpolation
19:41:32 DEBUG   opendrift.readers.interpolation.interpolators:115: Converting masked array to numpy array for interpolation
19:41:32 DEBUG   opendrift.readers.interpolation.interpolators:115: Converting masked array to numpy array for interpolation
19:41:32 DEBUG   opendrift.readers.interpolation.interpolators:115: Converting masked array to numpy array for interpolation
19:41:32 DEBUG   opendrift.readers.interpolation.interpolators:115: Converting masked array to numpy array for interpolation
19:41:32 DEBUG   opendrift.readers.interpolation.interpolators:115: Converting masked array to numpy array for interpolation
19:41:32 DEBUG   opendrift.readers.interpolation.interpolators:115: Converting masked array to numpy array for interpolation
19:41:32 DEBUG   opendrift.readers.interpolation.structured:122: Interpolating 10 ensembles for x_sea_water_velocity
19:41:32 DEBUG   opendrift.readers.interpolation.structured:122: Interpolating 10 ensembles for y_sea_water_velocity
19:41:32 DEBUG   opendrift.readers.interpolation.structured:122: Interpolating 10 ensembles for sea_surface_height
19:41:32 DEBUG   opendrift.readers.interpolation.interpolators:115: Converting masked array to numpy array for interpolation
19:41:32 DEBUG   opendrift.readers.interpolation.interpolators:115: Converting masked array to numpy array for interpolation
19:41:32 DEBUG   opendrift.readers.interpolation.interpolators:115: Converting masked array to numpy array for interpolation
19:41:32 DEBUG   opendrift.readers.interpolation.interpolators:115: Converting masked array to numpy array for interpolation
19:41:32 DEBUG   opendrift.readers.interpolation.interpolators:115: Converting masked array to numpy array for interpolation
19:41:32 DEBUG   opendrift.readers.interpolation.interpolators:115: Converting masked array to numpy array for interpolation
19:41:32 DEBUG   opendrift.readers.interpolation.interpolators:115: Converting masked array to numpy array for interpolation
19:41:32 DEBUG   opendrift.readers.interpolation.interpolators:115: Converting masked array to numpy array for interpolation
19:41:32 DEBUG   opendrift.readers.interpolation.interpolators:115: Converting masked array to numpy array for interpolation
19:41:32 DEBUG   opendrift.readers.interpolation.interpolators:115: Converting masked array to numpy array for interpolation
19:41:32 DEBUG   opendrift.readers.interpolation.structured:122: Interpolating 10 ensembles for sea_ice_thickness
19:41:32 DEBUG   opendrift.readers.interpolation.interpolators:115: Converting masked array to numpy array for interpolation
19:41:32 DEBUG   opendrift.readers.interpolation.interpolators:115: Converting masked array to numpy array for interpolation
19:41:32 DEBUG   opendrift.readers.interpolation.interpolators:115: Converting masked array to numpy array for interpolation
19:41:32 DEBUG   opendrift.readers.interpolation.interpolators:115: Converting masked array to numpy array for interpolation
19:41:32 DEBUG   opendrift.readers.interpolation.interpolators:115: Converting masked array to numpy array for interpolation
19:41:32 DEBUG   opendrift.readers.interpolation.interpolators:115: Converting masked array to numpy array for interpolation
19:41:32 DEBUG   opendrift.readers.interpolation.interpolators:115: Converting masked array to numpy array for interpolation
19:41:32 DEBUG   opendrift.readers.interpolation.interpolators:115: Converting masked array to numpy array for interpolation
19:41:32 DEBUG   opendrift.readers.interpolation.interpolators:115: Converting masked array to numpy array for interpolation
19:41:32 DEBUG   opendrift.readers.interpolation.interpolators:115: Converting masked array to numpy array for interpolation
19:41:32 DEBUG   opendrift.readers.interpolation.structured:122: Interpolating 10 ensembles for sea_ice_area_fraction
19:41:32 DEBUG   opendrift.readers.interpolation.interpolators:115: Converting masked array to numpy array for interpolation
19:41:32 DEBUG   opendrift.readers.interpolation.interpolators:115: Converting masked array to numpy array for interpolation
19:41:32 DEBUG   opendrift.readers.interpolation.interpolators:115: Converting masked array to numpy array for interpolation
19:41:32 DEBUG   opendrift.readers.interpolation.interpolators:115: Converting masked array to numpy array for interpolation
19:41:32 DEBUG   opendrift.readers.interpolation.interpolators:115: Converting masked array to numpy array for interpolation
19:41:32 DEBUG   opendrift.readers.interpolation.interpolators:115: Converting masked array to numpy array for interpolation
19:41:32 DEBUG   opendrift.readers.interpolation.interpolators:115: Converting masked array to numpy array for interpolation
19:41:32 DEBUG   opendrift.readers.interpolation.interpolators:115: Converting masked array to numpy array for interpolation
19:41:32 DEBUG   opendrift.readers.interpolation.interpolators:115: Converting masked array to numpy array for interpolation
19:41:32 DEBUG   opendrift.readers.interpolation.interpolators:115: Converting masked array to numpy array for interpolation
19:41:32 DEBUG   opendrift.readers.interpolation.structured:122: Interpolating 10 ensembles for sea_ice_x_velocity
19:41:32 DEBUG   opendrift.readers.interpolation.interpolators:115: Converting masked array to numpy array for interpolation
19:41:32 DEBUG   opendrift.readers.interpolation.interpolators:115: Converting masked array to numpy array for interpolation
19:41:32 DEBUG   opendrift.readers.interpolation.interpolators:115: Converting masked array to numpy array for interpolation
19:41:32 DEBUG   opendrift.readers.interpolation.interpolators:115: Converting masked array to numpy array for interpolation
19:41:32 DEBUG   opendrift.readers.interpolation.interpolators:115: Converting masked array to numpy array for interpolation
19:41:32 DEBUG   opendrift.readers.interpolation.interpolators:115: Converting masked array to numpy array for interpolation
19:41:32 DEBUG   opendrift.readers.interpolation.interpolators:115: Converting masked array to numpy array for interpolation
19:41:32 DEBUG   opendrift.readers.interpolation.interpolators:115: Converting masked array to numpy array for interpolation
19:41:32 DEBUG   opendrift.readers.interpolation.interpolators:115: Converting masked array to numpy array for interpolation
19:41:32 DEBUG   opendrift.readers.interpolation.interpolators:115: Converting masked array to numpy array for interpolation
19:41:32 DEBUG   opendrift.readers.interpolation.structured:122: Interpolating 10 ensembles for sea_ice_y_velocity
19:41:32 DEBUG   opendrift.readers.interpolation.interpolators:115: Converting masked array to numpy array for interpolation
19:41:32 DEBUG   opendrift.readers.interpolation.interpolators:115: Converting masked array to numpy array for interpolation
19:41:32 DEBUG   opendrift.readers.interpolation.interpolators:115: Converting masked array to numpy array for interpolation
19:41:32 DEBUG   opendrift.readers.interpolation.interpolators:115: Converting masked array to numpy array for interpolation
19:41:32 DEBUG   opendrift.readers.interpolation.interpolators:115: Converting masked array to numpy array for interpolation
19:41:32 DEBUG   opendrift.readers.interpolation.interpolators:115: Converting masked array to numpy array for interpolation
19:41:32 DEBUG   opendrift.readers.interpolation.interpolators:115: Converting masked array to numpy array for interpolation
19:41:32 DEBUG   opendrift.readers.interpolation.interpolators:115: Converting masked array to numpy array for interpolation
19:41:32 DEBUG   opendrift.readers.interpolation.interpolators:115: Converting masked array to numpy array for interpolation
19:41:32 DEBUG   opendrift.readers.interpolation.interpolators:115: Converting masked array to numpy array for interpolation
19:41:32 DEBUG   opendrift.readers.basereader.structured:340: Interpolating after (2025-09-25 12:00:00) in space  (linearNDFast)
19:41:32 DEBUG   opendrift.readers.interpolation.structured:97: Initialising interpolator.
19:41:32 DEBUG   opendrift.readers.interpolation.structured:122: Interpolating 10 ensembles for sea_floor_depth_below_sea_level
19:41:32 DEBUG   opendrift.readers.interpolation.interpolators:131: Linear2DInterpolator informational: NaN values for 10 elements, expanding data 1
19:41:32 DEBUG   opendrift.readers.interpolation.interpolators:131: Linear2DInterpolator informational: NaN values for 10 elements, expanding data 1
19:41:32 DEBUG   opendrift.readers.interpolation.interpolators:131: Linear2DInterpolator informational: NaN values for 10 elements, expanding data 1
19:41:32 DEBUG   opendrift.readers.interpolation.interpolators:131: Linear2DInterpolator informational: NaN values for 10 elements, expanding data 1
19:41:32 DEBUG   opendrift.readers.interpolation.interpolators:131: Linear2DInterpolator informational: NaN values for 10 elements, expanding data 1
19:41:32 DEBUG   opendrift.readers.interpolation.interpolators:131: Linear2DInterpolator informational: NaN values for 10 elements, expanding data 1
19:41:32 DEBUG   opendrift.readers.interpolation.interpolators:131: Linear2DInterpolator informational: NaN values for 10 elements, expanding data 1
19:41:32 DEBUG   opendrift.readers.interpolation.interpolators:131: Linear2DInterpolator informational: NaN values for 10 elements, expanding data 1
19:41:32 DEBUG   opendrift.readers.interpolation.interpolators:131: Linear2DInterpolator informational: NaN values for 10 elements, expanding data 1
19:41:32 DEBUG   opendrift.readers.interpolation.interpolators:131: Linear2DInterpolator informational: NaN values for 10 elements, expanding data 1
19:41:32 DEBUG   opendrift.readers.interpolation.structured:122: Interpolating 10 ensembles for sea_water_temperature
19:41:32 DEBUG   opendrift.readers.interpolation.interpolators:115: Converting masked array to numpy array for interpolation
19:41:32 DEBUG   opendrift.readers.interpolation.interpolators:131: Linear2DInterpolator informational: NaN values for 10 elements, expanding data 1
19:41:32 DEBUG   opendrift.readers.interpolation.interpolators:115: Converting masked array to numpy array for interpolation
19:41:32 DEBUG   opendrift.readers.interpolation.interpolators:131: Linear2DInterpolator informational: NaN values for 10 elements, expanding data 1
19:41:32 DEBUG   opendrift.readers.interpolation.interpolators:131: Linear2DInterpolator informational: NaN values for 1 elements, expanding data 2
19:41:32 DEBUG   opendrift.readers.interpolation.interpolators:115: Converting masked array to numpy array for interpolation
19:41:32 DEBUG   opendrift.readers.interpolation.interpolators:131: Linear2DInterpolator informational: NaN values for 10 elements, expanding data 1
19:41:32 DEBUG   opendrift.readers.interpolation.interpolators:115: Converting masked array to numpy array for interpolation
19:41:32 DEBUG   opendrift.readers.interpolation.interpolators:131: Linear2DInterpolator informational: NaN values for 10 elements, expanding data 1
19:41:32 DEBUG   opendrift.readers.interpolation.interpolators:131: Linear2DInterpolator informational: NaN values for 1 elements, expanding data 2
19:41:32 DEBUG   opendrift.readers.interpolation.interpolators:115: Converting masked array to numpy array for interpolation
19:41:32 DEBUG   opendrift.readers.interpolation.interpolators:131: Linear2DInterpolator informational: NaN values for 10 elements, expanding data 1
19:41:32 DEBUG   opendrift.readers.interpolation.interpolators:115: Converting masked array to numpy array for interpolation
19:41:32 DEBUG   opendrift.readers.interpolation.interpolators:131: Linear2DInterpolator informational: NaN values for 10 elements, expanding data 1
19:41:32 DEBUG   opendrift.readers.interpolation.interpolators:131: Linear2DInterpolator informational: NaN values for 1 elements, expanding data 2
19:41:32 DEBUG   opendrift.readers.interpolation.interpolators:115: Converting masked array to numpy array for interpolation
19:41:32 DEBUG   opendrift.readers.interpolation.interpolators:131: Linear2DInterpolator informational: NaN values for 10 elements, expanding data 1
19:41:32 DEBUG   opendrift.readers.interpolation.interpolators:115: Converting masked array to numpy array for interpolation
19:41:32 DEBUG   opendrift.readers.interpolation.interpolators:131: Linear2DInterpolator informational: NaN values for 10 elements, expanding data 1
19:41:32 DEBUG   opendrift.readers.interpolation.interpolators:131: Linear2DInterpolator informational: NaN values for 1 elements, expanding data 2
19:41:32 DEBUG   opendrift.readers.interpolation.interpolators:115: Converting masked array to numpy array for interpolation
19:41:32 DEBUG   opendrift.readers.interpolation.interpolators:131: Linear2DInterpolator informational: NaN values for 10 elements, expanding data 1
19:41:32 DEBUG   opendrift.readers.interpolation.interpolators:115: Converting masked array to numpy array for interpolation
19:41:32 DEBUG   opendrift.readers.interpolation.interpolators:131: Linear2DInterpolator informational: NaN values for 10 elements, expanding data 1
19:41:32 DEBUG   opendrift.readers.interpolation.interpolators:131: Linear2DInterpolator informational: NaN values for 1 elements, expanding data 2
19:41:32 DEBUG   opendrift.readers.interpolation.interpolators:115: Converting masked array to numpy array for interpolation
19:41:32 DEBUG   opendrift.readers.interpolation.interpolators:131: Linear2DInterpolator informational: NaN values for 10 elements, expanding data 1
19:41:32 DEBUG   opendrift.readers.interpolation.interpolators:115: Converting masked array to numpy array for interpolation
19:41:32 DEBUG   opendrift.readers.interpolation.interpolators:131: Linear2DInterpolator informational: NaN values for 10 elements, expanding data 1
19:41:32 DEBUG   opendrift.readers.interpolation.interpolators:131: Linear2DInterpolator informational: NaN values for 1 elements, expanding data 2
19:41:32 DEBUG   opendrift.readers.interpolation.interpolators:115: Converting masked array to numpy array for interpolation
19:41:32 DEBUG   opendrift.readers.interpolation.interpolators:131: Linear2DInterpolator informational: NaN values for 10 elements, expanding data 1
19:41:32 DEBUG   opendrift.readers.interpolation.interpolators:115: Converting masked array to numpy array for interpolation
19:41:32 DEBUG   opendrift.readers.interpolation.interpolators:131: Linear2DInterpolator informational: NaN values for 10 elements, expanding data 1
19:41:32 DEBUG   opendrift.readers.interpolation.interpolators:131: Linear2DInterpolator informational: NaN values for 1 elements, expanding data 2
19:41:32 DEBUG   opendrift.readers.interpolation.interpolators:115: Converting masked array to numpy array for interpolation
19:41:32 DEBUG   opendrift.readers.interpolation.interpolators:131: Linear2DInterpolator informational: NaN values for 10 elements, expanding data 1
19:41:32 DEBUG   opendrift.readers.interpolation.interpolators:115: Converting masked array to numpy array for interpolation
19:41:32 DEBUG   opendrift.readers.interpolation.interpolators:131: Linear2DInterpolator informational: NaN values for 10 elements, expanding data 1
19:41:32 DEBUG   opendrift.readers.interpolation.interpolators:131: Linear2DInterpolator informational: NaN values for 1 elements, expanding data 2
19:41:32 DEBUG   opendrift.readers.interpolation.interpolators:115: Converting masked array to numpy array for interpolation
19:41:32 DEBUG   opendrift.readers.interpolation.interpolators:131: Linear2DInterpolator informational: NaN values for 10 elements, expanding data 1
19:41:32 DEBUG   opendrift.readers.interpolation.interpolators:115: Converting masked array to numpy array for interpolation
19:41:32 DEBUG   opendrift.readers.interpolation.interpolators:131: Linear2DInterpolator informational: NaN values for 10 elements, expanding data 1
19:41:32 DEBUG   opendrift.readers.interpolation.interpolators:131: Linear2DInterpolator informational: NaN values for 1 elements, expanding data 2
19:41:32 DEBUG   opendrift.readers.interpolation.interpolators:115: Converting masked array to numpy array for interpolation
19:41:32 DEBUG   opendrift.readers.interpolation.interpolators:131: Linear2DInterpolator informational: NaN values for 10 elements, expanding data 1
19:41:32 DEBUG   opendrift.readers.interpolation.interpolators:115: Converting masked array to numpy array for interpolation
19:41:32 DEBUG   opendrift.readers.interpolation.interpolators:131: Linear2DInterpolator informational: NaN values for 10 elements, expanding data 1
19:41:32 DEBUG   opendrift.readers.interpolation.interpolators:131: Linear2DInterpolator informational: NaN values for 1 elements, expanding data 2
19:41:32 DEBUG   opendrift.readers.interpolation.structured:122: Interpolating 10 ensembles for x_sea_water_velocity
19:41:32 DEBUG   opendrift.readers.interpolation.interpolators:131: Linear2DInterpolator informational: NaN values for 10 elements, expanding data 1
19:41:32 DEBUG   opendrift.readers.interpolation.interpolators:131: Linear2DInterpolator informational: NaN values for 10 elements, expanding data 1
19:41:32 DEBUG   opendrift.readers.interpolation.interpolators:131: Linear2DInterpolator informational: NaN values for 1 elements, expanding data 2
19:41:32 DEBUG   opendrift.readers.interpolation.interpolators:131: Linear2DInterpolator informational: NaN values for 10 elements, expanding data 1
19:41:32 DEBUG   opendrift.readers.interpolation.interpolators:131: Linear2DInterpolator informational: NaN values for 10 elements, expanding data 1
19:41:32 DEBUG   opendrift.readers.interpolation.interpolators:131: Linear2DInterpolator informational: NaN values for 1 elements, expanding data 2
19:41:32 DEBUG   opendrift.readers.interpolation.interpolators:131: Linear2DInterpolator informational: NaN values for 10 elements, expanding data 1
19:41:32 DEBUG   opendrift.readers.interpolation.interpolators:131: Linear2DInterpolator informational: NaN values for 10 elements, expanding data 1
19:41:32 DEBUG   opendrift.readers.interpolation.interpolators:131: Linear2DInterpolator informational: NaN values for 1 elements, expanding data 2
19:41:32 DEBUG   opendrift.readers.interpolation.interpolators:131: Linear2DInterpolator informational: NaN values for 10 elements, expanding data 1
19:41:32 DEBUG   opendrift.readers.interpolation.interpolators:131: Linear2DInterpolator informational: NaN values for 10 elements, expanding data 1
19:41:32 DEBUG   opendrift.readers.interpolation.interpolators:131: Linear2DInterpolator informational: NaN values for 1 elements, expanding data 2
19:41:32 DEBUG   opendrift.readers.interpolation.interpolators:131: Linear2DInterpolator informational: NaN values for 10 elements, expanding data 1
19:41:32 DEBUG   opendrift.readers.interpolation.interpolators:131: Linear2DInterpolator informational: NaN values for 10 elements, expanding data 1
19:41:32 DEBUG   opendrift.readers.interpolation.interpolators:131: Linear2DInterpolator informational: NaN values for 1 elements, expanding data 2
19:41:32 DEBUG   opendrift.readers.interpolation.interpolators:131: Linear2DInterpolator informational: NaN values for 10 elements, expanding data 1
19:41:32 DEBUG   opendrift.readers.interpolation.interpolators:131: Linear2DInterpolator informational: NaN values for 10 elements, expanding data 1
19:41:32 DEBUG   opendrift.readers.interpolation.interpolators:131: Linear2DInterpolator informational: NaN values for 1 elements, expanding data 2
19:41:32 DEBUG   opendrift.readers.interpolation.interpolators:131: Linear2DInterpolator informational: NaN values for 10 elements, expanding data 1
19:41:32 DEBUG   opendrift.readers.interpolation.interpolators:131: Linear2DInterpolator informational: NaN values for 10 elements, expanding data 1
19:41:32 DEBUG   opendrift.readers.interpolation.interpolators:131: Linear2DInterpolator informational: NaN values for 1 elements, expanding data 2
19:41:32 DEBUG   opendrift.readers.interpolation.interpolators:131: Linear2DInterpolator informational: NaN values for 10 elements, expanding data 1
19:41:32 DEBUG   opendrift.readers.interpolation.interpolators:131: Linear2DInterpolator informational: NaN values for 10 elements, expanding data 1
19:41:32 DEBUG   opendrift.readers.interpolation.interpolators:131: Linear2DInterpolator informational: NaN values for 1 elements, expanding data 2
19:41:32 DEBUG   opendrift.readers.interpolation.interpolators:131: Linear2DInterpolator informational: NaN values for 10 elements, expanding data 1
19:41:32 DEBUG   opendrift.readers.interpolation.interpolators:131: Linear2DInterpolator informational: NaN values for 10 elements, expanding data 1
19:41:32 DEBUG   opendrift.readers.interpolation.interpolators:131: Linear2DInterpolator informational: NaN values for 1 elements, expanding data 2
19:41:32 DEBUG   opendrift.readers.interpolation.interpolators:131: Linear2DInterpolator informational: NaN values for 10 elements, expanding data 1
19:41:32 DEBUG   opendrift.readers.interpolation.interpolators:131: Linear2DInterpolator informational: NaN values for 10 elements, expanding data 1
19:41:32 DEBUG   opendrift.readers.interpolation.interpolators:131: Linear2DInterpolator informational: NaN values for 1 elements, expanding data 2
19:41:32 DEBUG   opendrift.readers.interpolation.structured:122: Interpolating 10 ensembles for y_sea_water_velocity
19:41:32 DEBUG   opendrift.readers.interpolation.interpolators:131: Linear2DInterpolator informational: NaN values for 10 elements, expanding data 1
19:41:32 DEBUG   opendrift.readers.interpolation.interpolators:131: Linear2DInterpolator informational: NaN values for 10 elements, expanding data 1
19:41:32 DEBUG   opendrift.readers.interpolation.interpolators:131: Linear2DInterpolator informational: NaN values for 1 elements, expanding data 2
19:41:32 DEBUG   opendrift.readers.interpolation.interpolators:131: Linear2DInterpolator informational: NaN values for 10 elements, expanding data 1
19:41:32 DEBUG   opendrift.readers.interpolation.interpolators:131: Linear2DInterpolator informational: NaN values for 10 elements, expanding data 1
19:41:32 DEBUG   opendrift.readers.interpolation.interpolators:131: Linear2DInterpolator informational: NaN values for 1 elements, expanding data 2
19:41:32 DEBUG   opendrift.readers.interpolation.interpolators:131: Linear2DInterpolator informational: NaN values for 10 elements, expanding data 1
19:41:32 DEBUG   opendrift.readers.interpolation.interpolators:131: Linear2DInterpolator informational: NaN values for 10 elements, expanding data 1
19:41:32 DEBUG   opendrift.readers.interpolation.interpolators:131: Linear2DInterpolator informational: NaN values for 1 elements, expanding data 2
19:41:32 DEBUG   opendrift.readers.interpolation.interpolators:131: Linear2DInterpolator informational: NaN values for 10 elements, expanding data 1
19:41:32 DEBUG   opendrift.readers.interpolation.interpolators:131: Linear2DInterpolator informational: NaN values for 10 elements, expanding data 1
19:41:32 DEBUG   opendrift.readers.interpolation.interpolators:131: Linear2DInterpolator informational: NaN values for 1 elements, expanding data 2
19:41:32 DEBUG   opendrift.readers.interpolation.interpolators:131: Linear2DInterpolator informational: NaN values for 10 elements, expanding data 1
19:41:32 DEBUG   opendrift.readers.interpolation.interpolators:131: Linear2DInterpolator informational: NaN values for 10 elements, expanding data 1
19:41:32 DEBUG   opendrift.readers.interpolation.interpolators:131: Linear2DInterpolator informational: NaN values for 1 elements, expanding data 2
19:41:32 DEBUG   opendrift.readers.interpolation.interpolators:131: Linear2DInterpolator informational: NaN values for 10 elements, expanding data 1
19:41:32 DEBUG   opendrift.readers.interpolation.interpolators:131: Linear2DInterpolator informational: NaN values for 10 elements, expanding data 1
19:41:32 DEBUG   opendrift.readers.interpolation.interpolators:131: Linear2DInterpolator informational: NaN values for 1 elements, expanding data 2
19:41:32 DEBUG   opendrift.readers.interpolation.interpolators:131: Linear2DInterpolator informational: NaN values for 10 elements, expanding data 1
19:41:32 DEBUG   opendrift.readers.interpolation.interpolators:131: Linear2DInterpolator informational: NaN values for 10 elements, expanding data 1
19:41:32 DEBUG   opendrift.readers.interpolation.interpolators:131: Linear2DInterpolator informational: NaN values for 1 elements, expanding data 2
19:41:32 DEBUG   opendrift.readers.interpolation.interpolators:131: Linear2DInterpolator informational: NaN values for 10 elements, expanding data 1
19:41:32 DEBUG   opendrift.readers.interpolation.interpolators:131: Linear2DInterpolator informational: NaN values for 10 elements, expanding data 1
19:41:32 DEBUG   opendrift.readers.interpolation.interpolators:131: Linear2DInterpolator informational: NaN values for 1 elements, expanding data 2
19:41:32 DEBUG   opendrift.readers.interpolation.interpolators:131: Linear2DInterpolator informational: NaN values for 10 elements, expanding data 1
19:41:32 DEBUG   opendrift.readers.interpolation.interpolators:131: Linear2DInterpolator informational: NaN values for 10 elements, expanding data 1
19:41:32 DEBUG   opendrift.readers.interpolation.interpolators:131: Linear2DInterpolator informational: NaN values for 1 elements, expanding data 2
19:41:32 DEBUG   opendrift.readers.interpolation.interpolators:131: Linear2DInterpolator informational: NaN values for 10 elements, expanding data 1
19:41:32 DEBUG   opendrift.readers.interpolation.interpolators:131: Linear2DInterpolator informational: NaN values for 10 elements, expanding data 1
19:41:32 DEBUG   opendrift.readers.interpolation.interpolators:131: Linear2DInterpolator informational: NaN values for 1 elements, expanding data 2
19:41:32 DEBUG   opendrift.readers.interpolation.structured:122: Interpolating 10 ensembles for sea_surface_height
19:41:32 DEBUG   opendrift.readers.interpolation.interpolators:115: Converting masked array to numpy array for interpolation
19:41:32 DEBUG   opendrift.readers.interpolation.interpolators:131: Linear2DInterpolator informational: NaN values for 10 elements, expanding data 1
19:41:32 DEBUG   opendrift.readers.interpolation.interpolators:115: Converting masked array to numpy array for interpolation
19:41:32 DEBUG   opendrift.readers.interpolation.interpolators:131: Linear2DInterpolator informational: NaN values for 10 elements, expanding data 1
19:41:32 DEBUG   opendrift.readers.interpolation.interpolators:115: Converting masked array to numpy array for interpolation
19:41:32 DEBUG   opendrift.readers.interpolation.interpolators:131: Linear2DInterpolator informational: NaN values for 10 elements, expanding data 1
19:41:32 DEBUG   opendrift.readers.interpolation.interpolators:115: Converting masked array to numpy array for interpolation
19:41:32 DEBUG   opendrift.readers.interpolation.interpolators:131: Linear2DInterpolator informational: NaN values for 10 elements, expanding data 1
19:41:32 DEBUG   opendrift.readers.interpolation.interpolators:115: Converting masked array to numpy array for interpolation
19:41:32 DEBUG   opendrift.readers.interpolation.interpolators:131: Linear2DInterpolator informational: NaN values for 10 elements, expanding data 1
19:41:32 DEBUG   opendrift.readers.interpolation.interpolators:115: Converting masked array to numpy array for interpolation
19:41:32 DEBUG   opendrift.readers.interpolation.interpolators:131: Linear2DInterpolator informational: NaN values for 10 elements, expanding data 1
19:41:32 DEBUG   opendrift.readers.interpolation.interpolators:115: Converting masked array to numpy array for interpolation
19:41:32 DEBUG   opendrift.readers.interpolation.interpolators:131: Linear2DInterpolator informational: NaN values for 10 elements, expanding data 1
19:41:32 DEBUG   opendrift.readers.interpolation.interpolators:115: Converting masked array to numpy array for interpolation
19:41:32 DEBUG   opendrift.readers.interpolation.interpolators:131: Linear2DInterpolator informational: NaN values for 10 elements, expanding data 1
19:41:32 DEBUG   opendrift.readers.interpolation.interpolators:115: Converting masked array to numpy array for interpolation
19:41:32 DEBUG   opendrift.readers.interpolation.interpolators:131: Linear2DInterpolator informational: NaN values for 10 elements, expanding data 1
19:41:32 DEBUG   opendrift.readers.interpolation.interpolators:115: Converting masked array to numpy array for interpolation
19:41:32 DEBUG   opendrift.readers.interpolation.interpolators:131: Linear2DInterpolator informational: NaN values for 10 elements, expanding data 1
19:41:32 DEBUG   opendrift.readers.interpolation.structured:122: Interpolating 10 ensembles for sea_ice_thickness
19:41:32 DEBUG   opendrift.readers.interpolation.interpolators:115: Converting masked array to numpy array for interpolation
19:41:32 DEBUG   opendrift.readers.interpolation.interpolators:131: Linear2DInterpolator informational: NaN values for 10 elements, expanding data 1
19:41:32 DEBUG   opendrift.readers.interpolation.interpolators:115: Converting masked array to numpy array for interpolation
19:41:32 DEBUG   opendrift.readers.interpolation.interpolators:131: Linear2DInterpolator informational: NaN values for 10 elements, expanding data 1
19:41:32 DEBUG   opendrift.readers.interpolation.interpolators:115: Converting masked array to numpy array for interpolation
19:41:32 DEBUG   opendrift.readers.interpolation.interpolators:131: Linear2DInterpolator informational: NaN values for 10 elements, expanding data 1
19:41:32 DEBUG   opendrift.readers.interpolation.interpolators:115: Converting masked array to numpy array for interpolation
19:41:32 DEBUG   opendrift.readers.interpolation.interpolators:131: Linear2DInterpolator informational: NaN values for 10 elements, expanding data 1
19:41:32 DEBUG   opendrift.readers.interpolation.interpolators:115: Converting masked array to numpy array for interpolation
19:41:32 DEBUG   opendrift.readers.interpolation.interpolators:131: Linear2DInterpolator informational: NaN values for 10 elements, expanding data 1
19:41:32 DEBUG   opendrift.readers.interpolation.interpolators:115: Converting masked array to numpy array for interpolation
19:41:32 DEBUG   opendrift.readers.interpolation.interpolators:131: Linear2DInterpolator informational: NaN values for 10 elements, expanding data 1
19:41:32 DEBUG   opendrift.readers.interpolation.interpolators:115: Converting masked array to numpy array for interpolation
19:41:32 DEBUG   opendrift.readers.interpolation.interpolators:131: Linear2DInterpolator informational: NaN values for 10 elements, expanding data 1
19:41:32 DEBUG   opendrift.readers.interpolation.interpolators:115: Converting masked array to numpy array for interpolation
19:41:32 DEBUG   opendrift.readers.interpolation.interpolators:131: Linear2DInterpolator informational: NaN values for 10 elements, expanding data 1
19:41:32 DEBUG   opendrift.readers.interpolation.interpolators:115: Converting masked array to numpy array for interpolation
19:41:32 DEBUG   opendrift.readers.interpolation.interpolators:131: Linear2DInterpolator informational: NaN values for 10 elements, expanding data 1
19:41:32 DEBUG   opendrift.readers.interpolation.interpolators:115: Converting masked array to numpy array for interpolation
19:41:32 DEBUG   opendrift.readers.interpolation.interpolators:131: Linear2DInterpolator informational: NaN values for 10 elements, expanding data 1
19:41:32 DEBUG   opendrift.readers.interpolation.structured:122: Interpolating 10 ensembles for sea_ice_area_fraction
19:41:32 DEBUG   opendrift.readers.interpolation.interpolators:115: Converting masked array to numpy array for interpolation
19:41:32 DEBUG   opendrift.readers.interpolation.interpolators:131: Linear2DInterpolator informational: NaN values for 10 elements, expanding data 1
19:41:32 DEBUG   opendrift.readers.interpolation.interpolators:115: Converting masked array to numpy array for interpolation
19:41:32 DEBUG   opendrift.readers.interpolation.interpolators:131: Linear2DInterpolator informational: NaN values for 10 elements, expanding data 1
19:41:32 DEBUG   opendrift.readers.interpolation.interpolators:115: Converting masked array to numpy array for interpolation
19:41:32 DEBUG   opendrift.readers.interpolation.interpolators:131: Linear2DInterpolator informational: NaN values for 10 elements, expanding data 1
19:41:32 DEBUG   opendrift.readers.interpolation.interpolators:115: Converting masked array to numpy array for interpolation
19:41:32 DEBUG   opendrift.readers.interpolation.interpolators:131: Linear2DInterpolator informational: NaN values for 10 elements, expanding data 1
19:41:32 DEBUG   opendrift.readers.interpolation.interpolators:115: Converting masked array to numpy array for interpolation
19:41:32 DEBUG   opendrift.readers.interpolation.interpolators:131: Linear2DInterpolator informational: NaN values for 10 elements, expanding data 1
19:41:32 DEBUG   opendrift.readers.interpolation.interpolators:115: Converting masked array to numpy array for interpolation
19:41:32 DEBUG   opendrift.readers.interpolation.interpolators:131: Linear2DInterpolator informational: NaN values for 10 elements, expanding data 1
19:41:32 DEBUG   opendrift.readers.interpolation.interpolators:115: Converting masked array to numpy array for interpolation
19:41:32 DEBUG   opendrift.readers.interpolation.interpolators:131: Linear2DInterpolator informational: NaN values for 10 elements, expanding data 1
19:41:32 DEBUG   opendrift.readers.interpolation.interpolators:115: Converting masked array to numpy array for interpolation
19:41:32 DEBUG   opendrift.readers.interpolation.interpolators:131: Linear2DInterpolator informational: NaN values for 10 elements, expanding data 1
19:41:32 DEBUG   opendrift.readers.interpolation.interpolators:115: Converting masked array to numpy array for interpolation
19:41:32 DEBUG   opendrift.readers.interpolation.interpolators:131: Linear2DInterpolator informational: NaN values for 10 elements, expanding data 1
19:41:32 DEBUG   opendrift.readers.interpolation.interpolators:115: Converting masked array to numpy array for interpolation
19:41:32 DEBUG   opendrift.readers.interpolation.interpolators:131: Linear2DInterpolator informational: NaN values for 10 elements, expanding data 1
19:41:32 DEBUG   opendrift.readers.interpolation.structured:122: Interpolating 10 ensembles for sea_ice_x_velocity
19:41:32 DEBUG   opendrift.readers.interpolation.interpolators:115: Converting masked array to numpy array for interpolation
19:41:32 DEBUG   opendrift.readers.interpolation.interpolators:131: Linear2DInterpolator informational: NaN values for 10 elements, expanding data 1
19:41:32 DEBUG   opendrift.readers.interpolation.interpolators:115: Converting masked array to numpy array for interpolation
19:41:32 DEBUG   opendrift.readers.interpolation.interpolators:131: Linear2DInterpolator informational: NaN values for 10 elements, expanding data 1
19:41:32 DEBUG   opendrift.readers.interpolation.interpolators:115: Converting masked array to numpy array for interpolation
19:41:32 DEBUG   opendrift.readers.interpolation.interpolators:131: Linear2DInterpolator informational: NaN values for 10 elements, expanding data 1
19:41:32 DEBUG   opendrift.readers.interpolation.interpolators:115: Converting masked array to numpy array for interpolation
19:41:32 DEBUG   opendrift.readers.interpolation.interpolators:131: Linear2DInterpolator informational: NaN values for 10 elements, expanding data 1
19:41:32 DEBUG   opendrift.readers.interpolation.interpolators:115: Converting masked array to numpy array for interpolation
19:41:32 DEBUG   opendrift.readers.interpolation.interpolators:131: Linear2DInterpolator informational: NaN values for 10 elements, expanding data 1
19:41:32 DEBUG   opendrift.readers.interpolation.interpolators:115: Converting masked array to numpy array for interpolation
19:41:32 DEBUG   opendrift.readers.interpolation.interpolators:131: Linear2DInterpolator informational: NaN values for 10 elements, expanding data 1
19:41:32 DEBUG   opendrift.readers.interpolation.interpolators:115: Converting masked array to numpy array for interpolation
19:41:32 DEBUG   opendrift.readers.interpolation.interpolators:131: Linear2DInterpolator informational: NaN values for 10 elements, expanding data 1
19:41:32 DEBUG   opendrift.readers.interpolation.interpolators:115: Converting masked array to numpy array for interpolation
19:41:32 DEBUG   opendrift.readers.interpolation.interpolators:131: Linear2DInterpolator informational: NaN values for 10 elements, expanding data 1
19:41:32 DEBUG   opendrift.readers.interpolation.interpolators:115: Converting masked array to numpy array for interpolation
19:41:32 DEBUG   opendrift.readers.interpolation.interpolators:131: Linear2DInterpolator informational: NaN values for 10 elements, expanding data 1
19:41:32 DEBUG   opendrift.readers.interpolation.interpolators:115: Converting masked array to numpy array for interpolation
19:41:32 DEBUG   opendrift.readers.interpolation.interpolators:131: Linear2DInterpolator informational: NaN values for 10 elements, expanding data 1
19:41:32 DEBUG   opendrift.readers.interpolation.structured:122: Interpolating 10 ensembles for sea_ice_y_velocity
19:41:32 DEBUG   opendrift.readers.interpolation.interpolators:115: Converting masked array to numpy array for interpolation
19:41:32 DEBUG   opendrift.readers.interpolation.interpolators:131: Linear2DInterpolator informational: NaN values for 10 elements, expanding data 1
19:41:32 DEBUG   opendrift.readers.interpolation.interpolators:115: Converting masked array to numpy array for interpolation
19:41:32 DEBUG   opendrift.readers.interpolation.interpolators:131: Linear2DInterpolator informational: NaN values for 10 elements, expanding data 1
19:41:32 DEBUG   opendrift.readers.interpolation.interpolators:115: Converting masked array to numpy array for interpolation
19:41:32 DEBUG   opendrift.readers.interpolation.interpolators:131: Linear2DInterpolator informational: NaN values for 10 elements, expanding data 1
19:41:32 DEBUG   opendrift.readers.interpolation.interpolators:115: Converting masked array to numpy array for interpolation
19:41:32 DEBUG   opendrift.readers.interpolation.interpolators:131: Linear2DInterpolator informational: NaN values for 10 elements, expanding data 1
19:41:32 DEBUG   opendrift.readers.interpolation.interpolators:115: Converting masked array to numpy array for interpolation
19:41:32 DEBUG   opendrift.readers.interpolation.interpolators:131: Linear2DInterpolator informational: NaN values for 10 elements, expanding data 1
19:41:32 DEBUG   opendrift.readers.interpolation.interpolators:115: Converting masked array to numpy array for interpolation
19:41:32 DEBUG   opendrift.readers.interpolation.interpolators:131: Linear2DInterpolator informational: NaN values for 10 elements, expanding data 1
19:41:32 DEBUG   opendrift.readers.interpolation.interpolators:115: Converting masked array to numpy array for interpolation
19:41:32 DEBUG   opendrift.readers.interpolation.interpolators:131: Linear2DInterpolator informational: NaN values for 10 elements, expanding data 1
19:41:32 DEBUG   opendrift.readers.interpolation.interpolators:115: Converting masked array to numpy array for interpolation
19:41:32 DEBUG   opendrift.readers.interpolation.interpolators:131: Linear2DInterpolator informational: NaN values for 10 elements, expanding data 1
19:41:32 DEBUG   opendrift.readers.interpolation.interpolators:115: Converting masked array to numpy array for interpolation
19:41:32 DEBUG   opendrift.readers.interpolation.interpolators:131: Linear2DInterpolator informational: NaN values for 10 elements, expanding data 1
19:41:32 DEBUG   opendrift.readers.interpolation.interpolators:115: Converting masked array to numpy array for interpolation
19:41:32 DEBUG   opendrift.readers.interpolation.interpolators:131: Linear2DInterpolator informational: NaN values for 10 elements, expanding data 1
19:41:32 DEBUG   opendrift.readers.basereader.structured:355: Interpolating before (2025-09-24 12:00:00, weight 0.96) and
		      after (2025-09-25 12:00:00, weight 0.04) in time
19:41:32 DEBUG   opendrift.readers.basereader.structured:368: Interpolating profiles in time
19:41:32 DEBUG   opendrift.readers.basereader.variables:100: Rotating vectors between -13.216927497249685 and -13.10547946101443 degrees.
19:41:32 DEBUG   opendrift.readers.basereader.variables:100: Rotating vectors between -13.216927497249685 and -13.10547946101443 degrees.
19:41:33 DEBUG   opendrift.readers.basereader.variables:100: Rotating vectors between -13.216927497249685 and -13.10547946101443 degrees.
19:41:33 DEBUG   opendrift.models.basemodel.environment:762: Obtained data for all elements.
19:41:33 DEBUG   opendrift.models.basemodel.environment:599: ----------------------------------------
19:41:33 DEBUG   opendrift.models.basemodel.environment:600: Variable group ['land_binary_mask']
19:41:33 DEBUG   opendrift.models.basemodel.environment:601: ----------------------------------------
19:41:33 DEBUG   opendrift.models.basemodel.environment:605: Calling reader global_landmask
19:41:33 DEBUG   opendrift.models.basemodel.environment:606: ----------------------------------------
19:41:33 DEBUG   opendrift.models.basemodel.environment:626: Data needed for 10 elements
19:41:33 DEBUG   opendrift.readers.basereader.variables:761: Fetching variables from global_landmask covering 10 elements
19:41:33 DEBUG   opendrift.readers.basereader.continuous:37: Fetched env-before
19:41:33 DEBUG   opendrift.readers.basereader.variables:639: Checking land_binary_mask for invalid values
19:41:33 DEBUG   opendrift.readers.basereader.variables:797: Reader projection is latlon - rotation of vectors is not needed.
19:41:33 DEBUG   opendrift.models.basemodel.environment:762: Obtained data for all elements.
19:41:33 DEBUG   opendrift.models.basemodel.environment:599: ----------------------------------------
19:41:33 DEBUG   opendrift.models.basemodel.environment:600: Variable group ['x_wind', 'y_wind']
19:41:33 DEBUG   opendrift.models.basemodel.environment:601: ----------------------------------------
19:41:33 DEBUG   opendrift.models.basemodel.environment:605: Calling reader cmems_obs-wind_glo_phy_nrt_l4_0.125deg_PT1H
19:41:33 DEBUG   opendrift.models.basemodel.environment:606: ----------------------------------------
19:41:33 DEBUG   opendrift.models.basemodel.environment:626: Data needed for 10 elements
19:41:33 DEBUG   opendrift.readers.basereader.variables:761: Fetching variables from cmems_obs-wind_glo_phy_nrt_l4_0.125deg_PT1H covering 10 elements
19:41:33 DEBUG   opendrift.readers.basereader.structured:208: Shifting coordinates to -180-180
19:41:33 DEBUG   opendrift.readers.basereader.structured:220: Reader time:
		2025-09-24 13:00:00 (before)
		2025-09-24 14:00:00 (after)
19:41:33 DEBUG   opendrift.readers.reader_netCDF_CF_generic:470: Using eastward_wind to retrieve x_wind
19:41:33 DEBUG   opendrift.readers.reader_netCDF_CF_generic:470: Using northward_wind to retrieve y_wind
19:41:33 DEBUG   opendrift.readers.reader_netCDF_CF_generic:592: North is up, no rotation necessary
19:41:33 DEBUG   opendrift.readers.basereader.variables:639: Checking x_wind for invalid values
19:41:33 DEBUG   opendrift.readers.basereader.variables:639: Checking y_wind for invalid values
19:41:33 DEBUG   opendrift.readers.basereader.structured:290: Fetched env-block (size 8x7x1) for time before (2025-09-24 13:00:00)
19:41:33 DEBUG   opendrift.readers.basereader.structured:334: Interpolating before (2025-09-24 13:00:00) in space  (linearNDFast)
19:41:33 DEBUG   opendrift.readers.interpolation.structured:97: Initialising interpolator.
19:41:33 DEBUG   opendrift.readers.basereader.structured:388: No time interpolation needed - right on time.
19:41:33 DEBUG   opendrift.readers.basereader.variables:797: Reader projection is latlon - rotation of vectors is not needed.
19:41:33 DEBUG   opendrift.models.basemodel.environment:762: Obtained data for all elements.
19:41:33 DEBUG   opendrift.models.basemodel.environment:775: ---------------------------------------
19:41:33 DEBUG   opendrift.models.basemodel.environment:776: Finished processing all variable groups
19:41:33 DEBUG   opendrift.models.basemodel.environment:812:       Using fallback value 0 for x_sea_water_velocity for 0 profiles
19:41:33 DEBUG   opendrift.models.basemodel.environment:812:       Using fallback value 0 for y_sea_water_velocity for 0 profiles
19:41:33 DEBUG   opendrift.models.basemodel.environment:812:       Using fallback value 2 for sea_water_temperature for 0 profiles
19:41:33 DEBUG   opendrift.models.basemodel.environment:801:       Using fallback value 35 for sea_water_salinity for all profiles
19:41:33 DEBUG   opendrift.models.basemodel.environment:898: ------------ SUMMARY -------------
19:41:33 DEBUG   opendrift.models.basemodel.environment:900:     x_sea_water_velocity: 0.00154105 (min) 0.0136991 (max)
19:41:33 DEBUG   opendrift.models.basemodel.environment:900:     y_sea_water_velocity: 0.122295 (min) 0.248533 (max)
19:41:33 DEBUG   opendrift.models.basemodel.environment:900:     sea_floor_depth_below_sea_level: 27.5672 (min) 63.5334 (max)
19:41:33 DEBUG   opendrift.models.basemodel.environment:900:     sea_surface_height: -0.409611 (min) -0.375499 (max)
19:41:33 DEBUG   opendrift.models.basemodel.environment:900:     sea_surface_x_slope: 0 (min) 0 (max)
19:41:33 DEBUG   opendrift.models.basemodel.environment:900:     sea_surface_y_slope: 0 (min) 0 (max)
19:41:33 DEBUG   opendrift.models.basemodel.environment:900:     x_wind: -7.51579 (min) -7.34374 (max)
19:41:33 DEBUG   opendrift.models.basemodel.environment:900:     y_wind: 8.54571 (min) 9.02818 (max)
19:41:33 DEBUG   opendrift.models.basemodel.environment:900:     horizontal_diffusivity: 0 (min) 0 (max)
19:41:33 DEBUG   opendrift.models.basemodel.environment:900:     sea_surface_wave_significant_height: 0 (min) 0 (max)
19:41:33 DEBUG   opendrift.models.basemodel.environment:900:     sea_surface_wave_from_direction: 0 (min) 0 (max)
19:41:33 DEBUG   opendrift.models.basemodel.environment:900:     sea_surface_wave_stokes_drift_x_velocity: 0 (min) 0 (max)
19:41:33 DEBUG   opendrift.models.basemodel.environment:900:     sea_surface_wave_stokes_drift_y_velocity: 0 (min) 0 (max)
19:41:33 DEBUG   opendrift.models.basemodel.environment:900:     sea_water_temperature: 2.07455 (min) 2.60378 (max)
19:41:33 DEBUG   opendrift.models.basemodel.environment:900:     sea_water_salinity: 35 (min) 35 (max)
19:41:33 DEBUG   opendrift.models.basemodel.environment:900:     sea_ice_area_fraction: 0 (min) 0 (max)
19:41:33 DEBUG   opendrift.models.basemodel.environment:900:     sea_ice_thickness: 0 (min) 0 (max)
19:41:33 DEBUG   opendrift.models.basemodel.environment:900:     sea_ice_x_velocity: 0 (min) 0 (max)
19:41:33 DEBUG   opendrift.models.basemodel.environment:900:     sea_ice_y_velocity: 0 (min) 0 (max)
19:41:33 DEBUG   opendrift.models.basemodel.environment:900:     land_binary_mask: 0 (min) 0 (max)
19:41:33 DEBUG   opendrift.models.basemodel.environment:902: ---------------------------------
19:41:33 DEBUG   opendrift.models.physics_methods:823: Calculating Hs from wind, min: 3.123211, mean: 3.227280, max: 3.382018
19:41:33 WARNING opendrift.models.physics_methods:832: Setting wave direction equal to wind direction, min: -40.674049, mean: -40.517582, max: -39.647861
19:41:33 DEBUG   opendrift:689: No elements hit coastline.
19:41:33 DEBUG   opendrift:760: No elements hit seafloor.
19:41:33 DEBUG   opendrift:1732: No elements to deactivate
19:41:33 DEBUG   opendrift:2193: Calling OpenBerg.update()
19:41:33 DEBUG   opendrift.models.openberg:507: Advection with surface currents
19:41:33 DEBUG   opendrift.models.openberg:569: Grounding condition: Icebergs grounded = 9
19:41:33 DEBUG   opendrift:1680: Horizontal diffusivity is 0, no random walk.
19:41:33 DEBUG   opendrift:904: to be seeded: 250, already seeded 10
19:41:33 DEBUG   opendrift:926: Released 0 new elements.
19:41:33 DEBUG   opendrift:2135: ======================================================================
19:41:33 INFO    opendrift:2136: 2025-09-24 14:00:00 - step 15 of 1872 - 10 active elements (0 deactivated)
19:41:33 DEBUG   opendrift:2142: 250 elements scheduled.
19:41:33 DEBUG   opendrift:2144: ======================================================================
19:41:33 DEBUG   opendrift:2155: 		74.99825286865234 <- latitude -> 75.14028991615837
19:41:33 DEBUG   opendrift:2155: 		-58.211177825927734 <- longitude -> -58.09977340698242
19:41:33 DEBUG   opendrift:2153: 		z = 0.0
19:41:33 DEBUG   opendrift:2156: ---------------------------------
19:41:33 DEBUG   opendrift.models.basemodel.environment:599: ----------------------------------------
19:41:33 DEBUG   opendrift.models.basemodel.environment:600: Variable group ['sea_floor_depth_below_sea_level', 'sea_water_temperature', 'x_sea_water_velocity', 'y_sea_water_velocity', 'sea_surface_height', 'sea_ice_thickness', 'sea_ice_area_fraction', 'sea_ice_x_velocity', 'sea_ice_y_velocity']
19:41:33 DEBUG   opendrift.models.basemodel.environment:601: ----------------------------------------
19:41:33 DEBUG   opendrift.models.basemodel.environment:605: Calling reader Ensemble reader
19:41:33 DEBUG   opendrift.models.basemodel.environment:606: ----------------------------------------
19:41:33 DEBUG   opendrift.models.basemodel.environment:626: Data needed for 10 elements
19:41:33 DEBUG   opendrift.readers.basereader.variables:761: Fetching variables from Ensemble reader covering 10 elements
19:41:33 DEBUG   opendrift.readers.basereader.structured:220: Reader time:
		2025-09-24 12:00:00 (before)
		2025-09-25 12:00:00 (after)
19:41:33 DEBUG   opendrift.readers.basereader.structured:334: Interpolating before (2025-09-24 12:00:00) in space  (linearNDFast)
19:41:33 DEBUG   opendrift.readers.interpolation.structured:97: Initialising interpolator.
19:41:33 DEBUG   opendrift.readers.interpolation.structured:122: Interpolating 10 ensembles for sea_floor_depth_below_sea_level
19:41:33 DEBUG   opendrift.readers.interpolation.structured:122: Interpolating 10 ensembles for sea_water_temperature
19:41:33 DEBUG   opendrift.readers.interpolation.interpolators:115: Converting masked array to numpy array for interpolation
19:41:33 DEBUG   opendrift.readers.interpolation.interpolators:115: Converting masked array to numpy array for interpolation
19:41:33 DEBUG   opendrift.readers.interpolation.interpolators:115: Converting masked array to numpy array for interpolation
19:41:33 DEBUG   opendrift.readers.interpolation.interpolators:115: Converting masked array to numpy array for interpolation
19:41:33 DEBUG   opendrift.readers.interpolation.interpolators:115: Converting masked array to numpy array for interpolation
19:41:33 DEBUG   opendrift.readers.interpolation.interpolators:115: Converting masked array to numpy array for interpolation
19:41:33 DEBUG   opendrift.readers.interpolation.interpolators:115: Converting masked array to numpy array for interpolation
19:41:33 DEBUG   opendrift.readers.interpolation.interpolators:115: Converting masked array to numpy array for interpolation
19:41:33 DEBUG   opendrift.readers.interpolation.interpolators:115: Converting masked array to numpy array for interpolation
19:41:33 DEBUG   opendrift.readers.interpolation.interpolators:115: Converting masked array to numpy array for interpolation
19:41:33 DEBUG   opendrift.readers.interpolation.interpolators:115: Converting masked array to numpy array for interpolation
19:41:33 DEBUG   opendrift.readers.interpolation.interpolators:115: Converting masked array to numpy array for interpolation
19:41:33 DEBUG   opendrift.readers.interpolation.interpolators:115: Converting masked array to numpy array for interpolation
19:41:33 DEBUG   opendrift.readers.interpolation.interpolators:115: Converting masked array to numpy array for interpolation
19:41:33 DEBUG   opendrift.readers.interpolation.interpolators:115: Converting masked array to numpy array for interpolation
19:41:33 DEBUG   opendrift.readers.interpolation.interpolators:115: Converting masked array to numpy array for interpolation
19:41:33 DEBUG   opendrift.readers.interpolation.interpolators:115: Converting masked array to numpy array for interpolation
19:41:33 DEBUG   opendrift.readers.interpolation.interpolators:115: Converting masked array to numpy array for interpolation
19:41:33 DEBUG   opendrift.readers.interpolation.interpolators:115: Converting masked array to numpy array for interpolation
19:41:33 DEBUG   opendrift.readers.interpolation.interpolators:115: Converting masked array to numpy array for interpolation
19:41:33 DEBUG   opendrift.readers.interpolation.structured:122: Interpolating 10 ensembles for x_sea_water_velocity
19:41:33 DEBUG   opendrift.readers.interpolation.structured:122: Interpolating 10 ensembles for y_sea_water_velocity
19:41:33 DEBUG   opendrift.readers.interpolation.structured:122: Interpolating 10 ensembles for sea_surface_height
19:41:33 DEBUG   opendrift.readers.interpolation.interpolators:115: Converting masked array to numpy array for interpolation
19:41:33 DEBUG   opendrift.readers.interpolation.interpolators:115: Converting masked array to numpy array for interpolation
19:41:33 DEBUG   opendrift.readers.interpolation.interpolators:115: Converting masked array to numpy array for interpolation
19:41:33 DEBUG   opendrift.readers.interpolation.interpolators:115: Converting masked array to numpy array for interpolation
19:41:33 DEBUG   opendrift.readers.interpolation.interpolators:115: Converting masked array to numpy array for interpolation
19:41:33 DEBUG   opendrift.readers.interpolation.interpolators:115: Converting masked array to numpy array for interpolation
19:41:33 DEBUG   opendrift.readers.interpolation.interpolators:115: Converting masked array to numpy array for interpolation
19:41:33 DEBUG   opendrift.readers.interpolation.interpolators:115: Converting masked array to numpy array for interpolation
19:41:33 DEBUG   opendrift.readers.interpolation.interpolators:115: Converting masked array to numpy array for interpolation
19:41:33 DEBUG   opendrift.readers.interpolation.interpolators:115: Converting masked array to numpy array for interpolation
19:41:33 DEBUG   opendrift.readers.interpolation.structured:122: Interpolating 10 ensembles for sea_ice_thickness
19:41:33 DEBUG   opendrift.readers.interpolation.interpolators:115: Converting masked array to numpy array for interpolation
19:41:33 DEBUG   opendrift.readers.interpolation.interpolators:115: Converting masked array to numpy array for interpolation
19:41:33 DEBUG   opendrift.readers.interpolation.interpolators:115: Converting masked array to numpy array for interpolation
19:41:33 DEBUG   opendrift.readers.interpolation.interpolators:115: Converting masked array to numpy array for interpolation
19:41:33 DEBUG   opendrift.readers.interpolation.interpolators:115: Converting masked array to numpy array for interpolation
19:41:33 DEBUG   opendrift.readers.interpolation.interpolators:115: Converting masked array to numpy array for interpolation
19:41:33 DEBUG   opendrift.readers.interpolation.interpolators:115: Converting masked array to numpy array for interpolation
19:41:33 DEBUG   opendrift.readers.interpolation.interpolators:115: Converting masked array to numpy array for interpolation
19:41:33 DEBUG   opendrift.readers.interpolation.interpolators:115: Converting masked array to numpy array for interpolation
19:41:33 DEBUG   opendrift.readers.interpolation.interpolators:115: Converting masked array to numpy array for interpolation
19:41:33 DEBUG   opendrift.readers.interpolation.structured:122: Interpolating 10 ensembles for sea_ice_area_fraction
19:41:33 DEBUG   opendrift.readers.interpolation.interpolators:115: Converting masked array to numpy array for interpolation
19:41:33 DEBUG   opendrift.readers.interpolation.interpolators:115: Converting masked array to numpy array for interpolation
19:41:33 DEBUG   opendrift.readers.interpolation.interpolators:115: Converting masked array to numpy array for interpolation
19:41:33 DEBUG   opendrift.readers.interpolation.interpolators:115: Converting masked array to numpy array for interpolation
19:41:33 DEBUG   opendrift.readers.interpolation.interpolators:115: Converting masked array to numpy array for interpolation
19:41:33 DEBUG   opendrift.readers.interpolation.interpolators:115: Converting masked array to numpy array for interpolation
19:41:33 DEBUG   opendrift.readers.interpolation.interpolators:115: Converting masked array to numpy array for interpolation
19:41:33 DEBUG   opendrift.readers.interpolation.interpolators:115: Converting masked array to numpy array for interpolation
19:41:33 DEBUG   opendrift.readers.interpolation.interpolators:115: Converting masked array to numpy array for interpolation
19:41:33 DEBUG   opendrift.readers.interpolation.interpolators:115: Converting masked array to numpy array for interpolation
19:41:33 DEBUG   opendrift.readers.interpolation.structured:122: Interpolating 10 ensembles for sea_ice_x_velocity
19:41:33 DEBUG   opendrift.readers.interpolation.interpolators:115: Converting masked array to numpy array for interpolation
19:41:33 DEBUG   opendrift.readers.interpolation.interpolators:115: Converting masked array to numpy array for interpolation
19:41:33 DEBUG   opendrift.readers.interpolation.interpolators:115: Converting masked array to numpy array for interpolation
19:41:33 DEBUG   opendrift.readers.interpolation.interpolators:115: Converting masked array to numpy array for interpolation
19:41:33 DEBUG   opendrift.readers.interpolation.interpolators:115: Converting masked array to numpy array for interpolation
19:41:33 DEBUG   opendrift.readers.interpolation.interpolators:115: Converting masked array to numpy array for interpolation
19:41:33 DEBUG   opendrift.readers.interpolation.interpolators:115: Converting masked array to numpy array for interpolation
19:41:33 DEBUG   opendrift.readers.interpolation.interpolators:115: Converting masked array to numpy array for interpolation
19:41:33 DEBUG   opendrift.readers.interpolation.interpolators:115: Converting masked array to numpy array for interpolation
19:41:33 DEBUG   opendrift.readers.interpolation.interpolators:115: Converting masked array to numpy array for interpolation
19:41:33 DEBUG   opendrift.readers.interpolation.structured:122: Interpolating 10 ensembles for sea_ice_y_velocity
19:41:33 DEBUG   opendrift.readers.interpolation.interpolators:115: Converting masked array to numpy array for interpolation
19:41:33 DEBUG   opendrift.readers.interpolation.interpolators:115: Converting masked array to numpy array for interpolation
19:41:33 DEBUG   opendrift.readers.interpolation.interpolators:115: Converting masked array to numpy array for interpolation
19:41:33 DEBUG   opendrift.readers.interpolation.interpolators:115: Converting masked array to numpy array for interpolation
19:41:33 DEBUG   opendrift.readers.interpolation.interpolators:115: Converting masked array to numpy array for interpolation
19:41:33 DEBUG   opendrift.readers.interpolation.interpolators:115: Converting masked array to numpy array for interpolation
19:41:33 DEBUG   opendrift.readers.interpolation.interpolators:115: Converting masked array to numpy array for interpolation
19:41:33 DEBUG   opendrift.readers.interpolation.interpolators:115: Converting masked array to numpy array for interpolation
19:41:33 DEBUG   opendrift.readers.interpolation.interpolators:115: Converting masked array to numpy array for interpolation
19:41:33 DEBUG   opendrift.readers.interpolation.interpolators:115: Converting masked array to numpy array for interpolation
19:41:33 DEBUG   opendrift.readers.basereader.structured:340: Interpolating after (2025-09-25 12:00:00) in space  (linearNDFast)
19:41:33 DEBUG   opendrift.readers.interpolation.structured:97: Initialising interpolator.
19:41:33 DEBUG   opendrift.readers.interpolation.structured:122: Interpolating 10 ensembles for sea_floor_depth_below_sea_level
19:41:33 DEBUG   opendrift.readers.interpolation.structured:122: Interpolating 10 ensembles for sea_water_temperature
19:41:33 DEBUG   opendrift.readers.interpolation.interpolators:115: Converting masked array to numpy array for interpolation
19:41:33 DEBUG   opendrift.readers.interpolation.interpolators:115: Converting masked array to numpy array for interpolation
19:41:33 DEBUG   opendrift.readers.interpolation.interpolators:115: Converting masked array to numpy array for interpolation
19:41:33 DEBUG   opendrift.readers.interpolation.interpolators:115: Converting masked array to numpy array for interpolation
19:41:33 DEBUG   opendrift.readers.interpolation.interpolators:115: Converting masked array to numpy array for interpolation
19:41:33 DEBUG   opendrift.readers.interpolation.interpolators:115: Converting masked array to numpy array for interpolation
19:41:33 DEBUG   opendrift.readers.interpolation.interpolators:115: Converting masked array to numpy array for interpolation
19:41:33 DEBUG   opendrift.readers.interpolation.interpolators:115: Converting masked array to numpy array for interpolation
19:41:33 DEBUG   opendrift.readers.interpolation.interpolators:115: Converting masked array to numpy array for interpolation
19:41:33 DEBUG   opendrift.readers.interpolation.interpolators:115: Converting masked array to numpy array for interpolation
19:41:33 DEBUG   opendrift.readers.interpolation.interpolators:115: Converting masked array to numpy array for interpolation
19:41:33 DEBUG   opendrift.readers.interpolation.interpolators:115: Converting masked array to numpy array for interpolation
19:41:33 DEBUG   opendrift.readers.interpolation.interpolators:115: Converting masked array to numpy array for interpolation
19:41:33 DEBUG   opendrift.readers.interpolation.interpolators:115: Converting masked array to numpy array for interpolation
19:41:33 DEBUG   opendrift.readers.interpolation.interpolators:115: Converting masked array to numpy array for interpolation
19:41:33 DEBUG   opendrift.readers.interpolation.interpolators:115: Converting masked array to numpy array for interpolation
19:41:33 DEBUG   opendrift.readers.interpolation.interpolators:115: Converting masked array to numpy array for interpolation
19:41:33 DEBUG   opendrift.readers.interpolation.interpolators:115: Converting masked array to numpy array for interpolation
19:41:33 DEBUG   opendrift.readers.interpolation.interpolators:115: Converting masked array to numpy array for interpolation
19:41:33 DEBUG   opendrift.readers.interpolation.interpolators:115: Converting masked array to numpy array for interpolation
19:41:33 DEBUG   opendrift.readers.interpolation.structured:122: Interpolating 10 ensembles for x_sea_water_velocity
19:41:33 DEBUG   opendrift.readers.interpolation.structured:122: Interpolating 10 ensembles for y_sea_water_velocity
19:41:33 DEBUG   opendrift.readers.interpolation.structured:122: Interpolating 10 ensembles for sea_surface_height
19:41:33 DEBUG   opendrift.readers.interpolation.interpolators:115: Converting masked array to numpy array for interpolation
19:41:33 DEBUG   opendrift.readers.interpolation.interpolators:115: Converting masked array to numpy array for interpolation
19:41:33 DEBUG   opendrift.readers.interpolation.interpolators:115: Converting masked array to numpy array for interpolation
19:41:33 DEBUG   opendrift.readers.interpolation.interpolators:115: Converting masked array to numpy array for interpolation
19:41:33 DEBUG   opendrift.readers.interpolation.interpolators:115: Converting masked array to numpy array for interpolation
19:41:33 DEBUG   opendrift.readers.interpolation.interpolators:115: Converting masked array to numpy array for interpolation
19:41:33 DEBUG   opendrift.readers.interpolation.interpolators:115: Converting masked array to numpy array for interpolation
19:41:33 DEBUG   opendrift.readers.interpolation.interpolators:115: Converting masked array to numpy array for interpolation
19:41:33 DEBUG   opendrift.readers.interpolation.interpolators:115: Converting masked array to numpy array for interpolation
19:41:33 DEBUG   opendrift.readers.interpolation.interpolators:115: Converting masked array to numpy array for interpolation
19:41:33 DEBUG   opendrift.readers.interpolation.structured:122: Interpolating 10 ensembles for sea_ice_thickness
19:41:33 DEBUG   opendrift.readers.interpolation.interpolators:115: Converting masked array to numpy array for interpolation
19:41:33 DEBUG   opendrift.readers.interpolation.interpolators:115: Converting masked array to numpy array for interpolation
19:41:33 DEBUG   opendrift.readers.interpolation.interpolators:115: Converting masked array to numpy array for interpolation
19:41:33 DEBUG   opendrift.readers.interpolation.interpolators:115: Converting masked array to numpy array for interpolation
19:41:33 DEBUG   opendrift.readers.interpolation.interpolators:115: Converting masked array to numpy array for interpolation
19:41:33 DEBUG   opendrift.readers.interpolation.interpolators:115: Converting masked array to numpy array for interpolation
19:41:33 DEBUG   opendrift.readers.interpolation.interpolators:115: Converting masked array to numpy array for interpolation
19:41:33 DEBUG   opendrift.readers.interpolation.interpolators:115: Converting masked array to numpy array for interpolation
19:41:33 DEBUG   opendrift.readers.interpolation.interpolators:115: Converting masked array to numpy array for interpolation
19:41:33 DEBUG   opendrift.readers.interpolation.interpolators:115: Converting masked array to numpy array for interpolation
19:41:33 DEBUG   opendrift.readers.interpolation.structured:122: Interpolating 10 ensembles for sea_ice_area_fraction
19:41:33 DEBUG   opendrift.readers.interpolation.interpolators:115: Converting masked array to numpy array for interpolation
19:41:33 DEBUG   opendrift.readers.interpolation.interpolators:115: Converting masked array to numpy array for interpolation
19:41:33 DEBUG   opendrift.readers.interpolation.interpolators:115: Converting masked array to numpy array for interpolation
19:41:33 DEBUG   opendrift.readers.interpolation.interpolators:115: Converting masked array to numpy array for interpolation
19:41:33 DEBUG   opendrift.readers.interpolation.interpolators:115: Converting masked array to numpy array for interpolation
19:41:33 DEBUG   opendrift.readers.interpolation.interpolators:115: Converting masked array to numpy array for interpolation
19:41:33 DEBUG   opendrift.readers.interpolation.interpolators:115: Converting masked array to numpy array for interpolation
19:41:33 DEBUG   opendrift.readers.interpolation.interpolators:115: Converting masked array to numpy array for interpolation
19:41:33 DEBUG   opendrift.readers.interpolation.interpolators:115: Converting masked array to numpy array for interpolation
19:41:33 DEBUG   opendrift.readers.interpolation.interpolators:115: Converting masked array to numpy array for interpolation
19:41:33 DEBUG   opendrift.readers.interpolation.structured:122: Interpolating 10 ensembles for sea_ice_x_velocity
19:41:33 DEBUG   opendrift.readers.interpolation.interpolators:115: Converting masked array to numpy array for interpolation
19:41:33 DEBUG   opendrift.readers.interpolation.interpolators:115: Converting masked array to numpy array for interpolation
19:41:33 DEBUG   opendrift.readers.interpolation.interpolators:115: Converting masked array to numpy array for interpolation
19:41:33 DEBUG   opendrift.readers.interpolation.interpolators:115: Converting masked array to numpy array for interpolation
19:41:33 DEBUG   opendrift.readers.interpolation.interpolators:115: Converting masked array to numpy array for interpolation
19:41:33 DEBUG   opendrift.readers.interpolation.interpolators:115: Converting masked array to numpy array for interpolation
19:41:33 DEBUG   opendrift.readers.interpolation.interpolators:115: Converting masked array to numpy array for interpolation
19:41:33 DEBUG   opendrift.readers.interpolation.interpolators:115: Converting masked array to numpy array for interpolation
19:41:33 DEBUG   opendrift.readers.interpolation.interpolators:115: Converting masked array to numpy array for interpolation
19:41:33 DEBUG   opendrift.readers.interpolation.interpolators:115: Converting masked array to numpy array for interpolation
19:41:33 DEBUG   opendrift.readers.interpolation.structured:122: Interpolating 10 ensembles for sea_ice_y_velocity
19:41:33 DEBUG   opendrift.readers.interpolation.interpolators:115: Converting masked array to numpy array for interpolation
19:41:33 DEBUG   opendrift.readers.interpolation.interpolators:115: Converting masked array to numpy array for interpolation
19:41:33 DEBUG   opendrift.readers.interpolation.interpolators:115: Converting masked array to numpy array for interpolation
19:41:33 DEBUG   opendrift.readers.interpolation.interpolators:115: Converting masked array to numpy array for interpolation
19:41:33 DEBUG   opendrift.readers.interpolation.interpolators:115: Converting masked array to numpy array for interpolation
19:41:33 DEBUG   opendrift.readers.interpolation.interpolators:115: Converting masked array to numpy array for interpolation
19:41:33 DEBUG   opendrift.readers.interpolation.interpolators:115: Converting masked array to numpy array for interpolation
19:41:33 DEBUG   opendrift.readers.interpolation.interpolators:115: Converting masked array to numpy array for interpolation
19:41:33 DEBUG   opendrift.readers.interpolation.interpolators:115: Converting masked array to numpy array for interpolation
19:41:33 DEBUG   opendrift.readers.interpolation.interpolators:115: Converting masked array to numpy array for interpolation
19:41:33 DEBUG   opendrift.readers.basereader.structured:355: Interpolating before (2025-09-24 12:00:00, weight 0.92) and
		      after (2025-09-25 12:00:00, weight 0.08) in time
19:41:33 DEBUG   opendrift.readers.basereader.structured:368: Interpolating profiles in time
19:41:33 DEBUG   opendrift.readers.basereader.variables:100: Rotating vectors between -13.216927497249685 and -13.10547946101443 degrees.
19:41:33 DEBUG   opendrift.readers.basereader.variables:100: Rotating vectors between -13.216927497249685 and -13.10547946101443 degrees.
19:41:33 DEBUG   opendrift.readers.basereader.variables:100: Rotating vectors between -13.216927497249685 and -13.10547946101443 degrees.
19:41:33 DEBUG   opendrift.models.basemodel.environment:762: Obtained data for all elements.
19:41:33 DEBUG   opendrift.models.basemodel.environment:599: ----------------------------------------
19:41:33 DEBUG   opendrift.models.basemodel.environment:600: Variable group ['land_binary_mask']
19:41:33 DEBUG   opendrift.models.basemodel.environment:601: ----------------------------------------
19:41:33 DEBUG   opendrift.models.basemodel.environment:605: Calling reader global_landmask
19:41:33 DEBUG   opendrift.models.basemodel.environment:606: ----------------------------------------
19:41:33 DEBUG   opendrift.models.basemodel.environment:626: Data needed for 10 elements
19:41:33 DEBUG   opendrift.readers.basereader.variables:761: Fetching variables from global_landmask covering 10 elements
19:41:33 DEBUG   opendrift.readers.basereader.continuous:37: Fetched env-before
19:41:33 DEBUG   opendrift.readers.basereader.variables:639: Checking land_binary_mask for invalid values
19:41:33 DEBUG   opendrift.readers.basereader.variables:797: Reader projection is latlon - rotation of vectors is not needed.
19:41:33 DEBUG   opendrift.models.basemodel.environment:762: Obtained data for all elements.
19:41:33 DEBUG   opendrift.models.basemodel.environment:599: ----------------------------------------
19:41:33 DEBUG   opendrift.models.basemodel.environment:600: Variable group ['x_wind', 'y_wind']
19:41:33 DEBUG   opendrift.models.basemodel.environment:601: ----------------------------------------
19:41:33 DEBUG   opendrift.models.basemodel.environment:605: Calling reader cmems_obs-wind_glo_phy_nrt_l4_0.125deg_PT1H
19:41:33 DEBUG   opendrift.models.basemodel.environment:606: ----------------------------------------
19:41:33 DEBUG   opendrift.models.basemodel.environment:626: Data needed for 10 elements
19:41:33 DEBUG   opendrift.readers.basereader.variables:761: Fetching variables from cmems_obs-wind_glo_phy_nrt_l4_0.125deg_PT1H covering 10 elements
19:41:33 DEBUG   opendrift.readers.basereader.structured:208: Shifting coordinates to -180-180
19:41:33 DEBUG   opendrift.readers.basereader.structured:220: Reader time:
		2025-09-24 14:00:00 (before)
		2025-09-24 15:00:00 (after)
19:41:33 DEBUG   opendrift.readers.reader_netCDF_CF_generic:470: Using eastward_wind to retrieve x_wind
19:41:33 DEBUG   opendrift.readers.reader_netCDF_CF_generic:470: Using northward_wind to retrieve y_wind
19:41:33 DEBUG   opendrift.readers.reader_netCDF_CF_generic:592: North is up, no rotation necessary
19:41:33 DEBUG   opendrift.readers.basereader.variables:639: Checking x_wind for invalid values
19:41:33 DEBUG   opendrift.readers.basereader.variables:639: Checking y_wind for invalid values
19:41:33 DEBUG   opendrift.readers.basereader.structured:290: Fetched env-block (size 8x7x1) for time before (2025-09-24 14:00:00)
19:41:33 DEBUG   opendrift.readers.basereader.structured:334: Interpolating before (2025-09-24 14:00:00) in space  (linearNDFast)
19:41:33 DEBUG   opendrift.readers.interpolation.structured:97: Initialising interpolator.
19:41:33 DEBUG   opendrift.readers.basereader.structured:388: No time interpolation needed - right on time.
19:41:33 DEBUG   opendrift.readers.basereader.variables:797: Reader projection is latlon - rotation of vectors is not needed.
19:41:33 DEBUG   opendrift.models.basemodel.environment:762: Obtained data for all elements.
19:41:33 DEBUG   opendrift.models.basemodel.environment:775: ---------------------------------------
19:41:33 DEBUG   opendrift.models.basemodel.environment:776: Finished processing all variable groups
19:41:33 DEBUG   opendrift.models.basemodel.environment:812:       Using fallback value 0 for x_sea_water_velocity for 0 profiles
19:41:33 DEBUG   opendrift.models.basemodel.environment:812:       Using fallback value 0 for y_sea_water_velocity for 0 profiles
19:41:33 DEBUG   opendrift.models.basemodel.environment:812:       Using fallback value 2 for sea_water_temperature for 0 profiles
19:41:33 DEBUG   opendrift.models.basemodel.environment:801:       Using fallback value 35 for sea_water_salinity for all profiles
19:41:33 DEBUG   opendrift.models.basemodel.environment:898: ------------ SUMMARY -------------
19:41:33 DEBUG   opendrift.models.basemodel.environment:900:     x_sea_water_velocity: -0.000638601 (min) 0.0143825 (max)
19:41:33 DEBUG   opendrift.models.basemodel.environment:900:     y_sea_water_velocity: 0.117754 (min) 0.246663 (max)
19:41:33 DEBUG   opendrift.models.basemodel.environment:900:     sea_floor_depth_below_sea_level: 27.2257 (min) 63.5334 (max)
19:41:33 DEBUG   opendrift.models.basemodel.environment:900:     sea_surface_height: -0.407517 (min) -0.374672 (max)
19:41:33 DEBUG   opendrift.models.basemodel.environment:900:     sea_surface_x_slope: 0 (min) 0 (max)
19:41:33 DEBUG   opendrift.models.basemodel.environment:900:     sea_surface_y_slope: 0 (min) 0 (max)
19:41:33 DEBUG   opendrift.models.basemodel.environment:900:     x_wind: -7.57767 (min) -7.3751 (max)
19:41:33 DEBUG   opendrift.models.basemodel.environment:900:     y_wind: 8.44643 (min) 8.93 (max)
19:41:33 DEBUG   opendrift.models.basemodel.environment:900:     horizontal_diffusivity: 0 (min) 0 (max)
19:41:33 DEBUG   opendrift.models.basemodel.environment:900:     sea_surface_wave_significant_height: 0 (min) 0 (max)
19:41:33 DEBUG   opendrift.models.basemodel.environment:900:     sea_surface_wave_from_direction: 0 (min) 0 (max)
19:41:33 DEBUG   opendrift.models.basemodel.environment:900:     sea_surface_wave_stokes_drift_x_velocity: 0 (min) 0 (max)
19:41:33 DEBUG   opendrift.models.basemodel.environment:900:     sea_surface_wave_stokes_drift_y_velocity: 0 (min) 0 (max)
19:41:33 DEBUG   opendrift.models.basemodel.environment:900:     sea_water_temperature: 2.07259 (min) 2.58877 (max)
19:41:33 DEBUG   opendrift.models.basemodel.environment:900:     sea_water_salinity: 35 (min) 35 (max)
19:41:33 DEBUG   opendrift.models.basemodel.environment:900:     sea_ice_area_fraction: 0 (min) 0 (max)
19:41:33 DEBUG   opendrift.models.basemodel.environment:900:     sea_ice_thickness: 0 (min) 0 (max)
19:41:33 DEBUG   opendrift.models.basemodel.environment:900:     sea_ice_x_velocity: 0 (min) 0 (max)
19:41:33 DEBUG   opendrift.models.basemodel.environment:900:     sea_ice_y_velocity: 0 (min) 0 (max)
19:41:33 DEBUG   opendrift.models.basemodel.environment:900:     land_binary_mask: 0 (min) 0 (max)
19:41:33 DEBUG   opendrift.models.basemodel.environment:902: ---------------------------------
19:41:33 DEBUG   opendrift.models.physics_methods:823: Calculating Hs from wind, min: 3.093063, mean: 3.202967, max: 3.340148
19:41:33 WARNING opendrift.models.physics_methods:832: Setting wave direction equal to wind direction, min: -41.140148, mean: -40.976215, max: -39.971352
19:41:33 DEBUG   opendrift:689: No elements hit coastline.
19:41:33 DEBUG   opendrift:760: No elements hit seafloor.
19:41:33 DEBUG   opendrift:1732: No elements to deactivate
19:41:33 DEBUG   opendrift:2193: Calling OpenBerg.update()
19:41:33 DEBUG   opendrift.models.openberg:507: Advection with surface currents
19:41:33 DEBUG   opendrift.models.openberg:569: Grounding condition: Icebergs grounded = 9
19:41:33 DEBUG   opendrift:1680: Horizontal diffusivity is 0, no random walk.
19:41:33 DEBUG   opendrift:904: to be seeded: 250, already seeded 10
19:41:33 DEBUG   opendrift:926: Released 0 new elements.
19:41:33 DEBUG   opendrift:2135: ======================================================================
19:41:33 INFO    opendrift:2136: 2025-09-24 15:00:00 - step 16 of 1872 - 10 active elements (0 deactivated)
19:41:33 DEBUG   opendrift:2142: 250 elements scheduled.
19:41:33 DEBUG   opendrift:2144: ======================================================================
19:41:33 DEBUG   opendrift:2155: 		74.99825286865234 <- latitude -> 75.15048363278416
19:41:33 DEBUG   opendrift:2155: 		-58.211177825927734 <- longitude -> -58.09977340698242
19:41:33 DEBUG   opendrift:2153: 		z = 0.0
19:41:33 DEBUG   opendrift:2156: ---------------------------------
19:41:33 DEBUG   opendrift.models.basemodel.environment:599: ----------------------------------------
19:41:33 DEBUG   opendrift.models.basemodel.environment:600: Variable group ['sea_floor_depth_below_sea_level', 'sea_water_temperature', 'x_sea_water_velocity', 'y_sea_water_velocity', 'sea_surface_height', 'sea_ice_thickness', 'sea_ice_area_fraction', 'sea_ice_x_velocity', 'sea_ice_y_velocity']
19:41:33 DEBUG   opendrift.models.basemodel.environment:601: ----------------------------------------
19:41:33 DEBUG   opendrift.models.basemodel.environment:605: Calling reader Ensemble reader
19:41:33 DEBUG   opendrift.models.basemodel.environment:606: ----------------------------------------
19:41:33 DEBUG   opendrift.models.basemodel.environment:626: Data needed for 10 elements
19:41:33 DEBUG   opendrift.readers.basereader.variables:761: Fetching variables from Ensemble reader covering 10 elements
19:41:33 DEBUG   opendrift.readers.basereader.structured:220: Reader time:
		2025-09-24 12:00:00 (before)
		2025-09-25 12:00:00 (after)
19:41:33 DEBUG   opendrift.readers.basereader.structured:334: Interpolating before (2025-09-24 12:00:00) in space  (linearNDFast)
19:41:33 DEBUG   opendrift.readers.interpolation.structured:97: Initialising interpolator.
19:41:33 DEBUG   opendrift.readers.interpolation.structured:122: Interpolating 10 ensembles for sea_floor_depth_below_sea_level
19:41:33 DEBUG   opendrift.readers.interpolation.structured:122: Interpolating 10 ensembles for sea_water_temperature
19:41:33 DEBUG   opendrift.readers.interpolation.interpolators:115: Converting masked array to numpy array for interpolation
19:41:33 DEBUG   opendrift.readers.interpolation.interpolators:115: Converting masked array to numpy array for interpolation
19:41:33 DEBUG   opendrift.readers.interpolation.interpolators:115: Converting masked array to numpy array for interpolation
19:41:33 DEBUG   opendrift.readers.interpolation.interpolators:115: Converting masked array to numpy array for interpolation
19:41:33 DEBUG   opendrift.readers.interpolation.interpolators:115: Converting masked array to numpy array for interpolation
19:41:33 DEBUG   opendrift.readers.interpolation.interpolators:115: Converting masked array to numpy array for interpolation
19:41:33 DEBUG   opendrift.readers.interpolation.interpolators:115: Converting masked array to numpy array for interpolation
19:41:33 DEBUG   opendrift.readers.interpolation.interpolators:115: Converting masked array to numpy array for interpolation
19:41:33 DEBUG   opendrift.readers.interpolation.interpolators:115: Converting masked array to numpy array for interpolation
19:41:33 DEBUG   opendrift.readers.interpolation.interpolators:115: Converting masked array to numpy array for interpolation
19:41:33 DEBUG   opendrift.readers.interpolation.interpolators:115: Converting masked array to numpy array for interpolation
19:41:33 DEBUG   opendrift.readers.interpolation.interpolators:115: Converting masked array to numpy array for interpolation
19:41:33 DEBUG   opendrift.readers.interpolation.interpolators:115: Converting masked array to numpy array for interpolation
19:41:33 DEBUG   opendrift.readers.interpolation.interpolators:115: Converting masked array to numpy array for interpolation
19:41:33 DEBUG   opendrift.readers.interpolation.interpolators:115: Converting masked array to numpy array for interpolation
19:41:33 DEBUG   opendrift.readers.interpolation.interpolators:115: Converting masked array to numpy array for interpolation
19:41:33 DEBUG   opendrift.readers.interpolation.interpolators:115: Converting masked array to numpy array for interpolation
19:41:33 DEBUG   opendrift.readers.interpolation.interpolators:115: Converting masked array to numpy array for interpolation
19:41:33 DEBUG   opendrift.readers.interpolation.interpolators:115: Converting masked array to numpy array for interpolation
19:41:33 DEBUG   opendrift.readers.interpolation.interpolators:115: Converting masked array to numpy array for interpolation
19:41:33 DEBUG   opendrift.readers.interpolation.structured:122: Interpolating 10 ensembles for x_sea_water_velocity
19:41:33 DEBUG   opendrift.readers.interpolation.structured:122: Interpolating 10 ensembles for y_sea_water_velocity
19:41:33 DEBUG   opendrift.readers.interpolation.structured:122: Interpolating 10 ensembles for sea_surface_height
19:41:33 DEBUG   opendrift.readers.interpolation.interpolators:115: Converting masked array to numpy array for interpolation
19:41:33 DEBUG   opendrift.readers.interpolation.interpolators:115: Converting masked array to numpy array for interpolation
19:41:33 DEBUG   opendrift.readers.interpolation.interpolators:115: Converting masked array to numpy array for interpolation
19:41:33 DEBUG   opendrift.readers.interpolation.interpolators:115: Converting masked array to numpy array for interpolation
19:41:33 DEBUG   opendrift.readers.interpolation.interpolators:115: Converting masked array to numpy array for interpolation
19:41:33 DEBUG   opendrift.readers.interpolation.interpolators:115: Converting masked array to numpy array for interpolation
19:41:33 DEBUG   opendrift.readers.interpolation.interpolators:115: Converting masked array to numpy array for interpolation
19:41:33 DEBUG   opendrift.readers.interpolation.interpolators:115: Converting masked array to numpy array for interpolation
19:41:33 DEBUG   opendrift.readers.interpolation.interpolators:115: Converting masked array to numpy array for interpolation
19:41:33 DEBUG   opendrift.readers.interpolation.interpolators:115: Converting masked array to numpy array for interpolation
19:41:33 DEBUG   opendrift.readers.interpolation.structured:122: Interpolating 10 ensembles for sea_ice_thickness
19:41:33 DEBUG   opendrift.readers.interpolation.interpolators:115: Converting masked array to numpy array for interpolation
19:41:33 DEBUG   opendrift.readers.interpolation.interpolators:115: Converting masked array to numpy array for interpolation
19:41:33 DEBUG   opendrift.readers.interpolation.interpolators:115: Converting masked array to numpy array for interpolation
19:41:33 DEBUG   opendrift.readers.interpolation.interpolators:115: Converting masked array to numpy array for interpolation
19:41:33 DEBUG   opendrift.readers.interpolation.interpolators:115: Converting masked array to numpy array for interpolation
19:41:33 DEBUG   opendrift.readers.interpolation.interpolators:115: Converting masked array to numpy array for interpolation
19:41:33 DEBUG   opendrift.readers.interpolation.interpolators:115: Converting masked array to numpy array for interpolation
19:41:33 DEBUG   opendrift.readers.interpolation.interpolators:115: Converting masked array to numpy array for interpolation
19:41:33 DEBUG   opendrift.readers.interpolation.interpolators:115: Converting masked array to numpy array for interpolation
19:41:33 DEBUG   opendrift.readers.interpolation.interpolators:115: Converting masked array to numpy array for interpolation
19:41:33 DEBUG   opendrift.readers.interpolation.structured:122: Interpolating 10 ensembles for sea_ice_area_fraction
19:41:33 DEBUG   opendrift.readers.interpolation.interpolators:115: Converting masked array to numpy array for interpolation
19:41:33 DEBUG   opendrift.readers.interpolation.interpolators:115: Converting masked array to numpy array for interpolation
19:41:33 DEBUG   opendrift.readers.interpolation.interpolators:115: Converting masked array to numpy array for interpolation
19:41:33 DEBUG   opendrift.readers.interpolation.interpolators:115: Converting masked array to numpy array for interpolation
19:41:33 DEBUG   opendrift.readers.interpolation.interpolators:115: Converting masked array to numpy array for interpolation
19:41:33 DEBUG   opendrift.readers.interpolation.interpolators:115: Converting masked array to numpy array for interpolation
19:41:33 DEBUG   opendrift.readers.interpolation.interpolators:115: Converting masked array to numpy array for interpolation
19:41:33 DEBUG   opendrift.readers.interpolation.interpolators:115: Converting masked array to numpy array for interpolation
19:41:33 DEBUG   opendrift.readers.interpolation.interpolators:115: Converting masked array to numpy array for interpolation
19:41:33 DEBUG   opendrift.readers.interpolation.interpolators:115: Converting masked array to numpy array for interpolation
19:41:33 DEBUG   opendrift.readers.interpolation.structured:122: Interpolating 10 ensembles for sea_ice_x_velocity
19:41:33 DEBUG   opendrift.readers.interpolation.interpolators:115: Converting masked array to numpy array for interpolation
19:41:33 DEBUG   opendrift.readers.interpolation.interpolators:115: Converting masked array to numpy array for interpolation
19:41:33 DEBUG   opendrift.readers.interpolation.interpolators:115: Converting masked array to numpy array for interpolation
19:41:33 DEBUG   opendrift.readers.interpolation.interpolators:115: Converting masked array to numpy array for interpolation
19:41:33 DEBUG   opendrift.readers.interpolation.interpolators:115: Converting masked array to numpy array for interpolation
19:41:33 DEBUG   opendrift.readers.interpolation.interpolators:115: Converting masked array to numpy array for interpolation
19:41:33 DEBUG   opendrift.readers.interpolation.interpolators:115: Converting masked array to numpy array for interpolation
19:41:33 DEBUG   opendrift.readers.interpolation.interpolators:115: Converting masked array to numpy array for interpolation
19:41:33 DEBUG   opendrift.readers.interpolation.interpolators:115: Converting masked array to numpy array for interpolation
19:41:33 DEBUG   opendrift.readers.interpolation.interpolators:115: Converting masked array to numpy array for interpolation
19:41:33 DEBUG   opendrift.readers.interpolation.structured:122: Interpolating 10 ensembles for sea_ice_y_velocity
19:41:33 DEBUG   opendrift.readers.interpolation.interpolators:115: Converting masked array to numpy array for interpolation
19:41:33 DEBUG   opendrift.readers.interpolation.interpolators:115: Converting masked array to numpy array for interpolation
19:41:33 DEBUG   opendrift.readers.interpolation.interpolators:115: Converting masked array to numpy array for interpolation
19:41:33 DEBUG   opendrift.readers.interpolation.interpolators:115: Converting masked array to numpy array for interpolation
19:41:33 DEBUG   opendrift.readers.interpolation.interpolators:115: Converting masked array to numpy array for interpolation
19:41:33 DEBUG   opendrift.readers.interpolation.interpolators:115: Converting masked array to numpy array for interpolation
19:41:33 DEBUG   opendrift.readers.interpolation.interpolators:115: Converting masked array to numpy array for interpolation
19:41:33 DEBUG   opendrift.readers.interpolation.interpolators:115: Converting masked array to numpy array for interpolation
19:41:33 DEBUG   opendrift.readers.interpolation.interpolators:115: Converting masked array to numpy array for interpolation
19:41:33 DEBUG   opendrift.readers.interpolation.interpolators:115: Converting masked array to numpy array for interpolation
19:41:33 DEBUG   opendrift.readers.basereader.structured:340: Interpolating after (2025-09-25 12:00:00) in space  (linearNDFast)
19:41:33 DEBUG   opendrift.readers.interpolation.structured:97: Initialising interpolator.
19:41:33 DEBUG   opendrift.readers.interpolation.structured:122: Interpolating 10 ensembles for sea_floor_depth_below_sea_level
19:41:33 DEBUG   opendrift.readers.interpolation.structured:122: Interpolating 10 ensembles for sea_water_temperature
19:41:33 DEBUG   opendrift.readers.interpolation.interpolators:115: Converting masked array to numpy array for interpolation
19:41:33 DEBUG   opendrift.readers.interpolation.interpolators:115: Converting masked array to numpy array for interpolation
19:41:33 DEBUG   opendrift.readers.interpolation.interpolators:115: Converting masked array to numpy array for interpolation
19:41:33 DEBUG   opendrift.readers.interpolation.interpolators:115: Converting masked array to numpy array for interpolation
19:41:33 DEBUG   opendrift.readers.interpolation.interpolators:115: Converting masked array to numpy array for interpolation
19:41:33 DEBUG   opendrift.readers.interpolation.interpolators:115: Converting masked array to numpy array for interpolation
19:41:33 DEBUG   opendrift.readers.interpolation.interpolators:115: Converting masked array to numpy array for interpolation
19:41:33 DEBUG   opendrift.readers.interpolation.interpolators:115: Converting masked array to numpy array for interpolation
19:41:33 DEBUG   opendrift.readers.interpolation.interpolators:115: Converting masked array to numpy array for interpolation
19:41:33 DEBUG   opendrift.readers.interpolation.interpolators:115: Converting masked array to numpy array for interpolation
19:41:33 DEBUG   opendrift.readers.interpolation.interpolators:115: Converting masked array to numpy array for interpolation
19:41:33 DEBUG   opendrift.readers.interpolation.interpolators:115: Converting masked array to numpy array for interpolation
19:41:33 DEBUG   opendrift.readers.interpolation.interpolators:115: Converting masked array to numpy array for interpolation
19:41:33 DEBUG   opendrift.readers.interpolation.interpolators:115: Converting masked array to numpy array for interpolation
19:41:33 DEBUG   opendrift.readers.interpolation.interpolators:115: Converting masked array to numpy array for interpolation
19:41:33 DEBUG   opendrift.readers.interpolation.interpolators:115: Converting masked array to numpy array for interpolation
19:41:33 DEBUG   opendrift.readers.interpolation.interpolators:115: Converting masked array to numpy array for interpolation
19:41:33 DEBUG   opendrift.readers.interpolation.interpolators:115: Converting masked array to numpy array for interpolation
19:41:33 DEBUG   opendrift.readers.interpolation.interpolators:115: Converting masked array to numpy array for interpolation
19:41:33 DEBUG   opendrift.readers.interpolation.interpolators:115: Converting masked array to numpy array for interpolation
19:41:33 DEBUG   opendrift.readers.interpolation.structured:122: Interpolating 10 ensembles for x_sea_water_velocity
19:41:33 DEBUG   opendrift.readers.interpolation.structured:122: Interpolating 10 ensembles for y_sea_water_velocity
19:41:33 DEBUG   opendrift.readers.interpolation.structured:122: Interpolating 10 ensembles for sea_surface_height
19:41:33 DEBUG   opendrift.readers.interpolation.interpolators:115: Converting masked array to numpy array for interpolation
19:41:33 DEBUG   opendrift.readers.interpolation.interpolators:115: Converting masked array to numpy array for interpolation
19:41:33 DEBUG   opendrift.readers.interpolation.interpolators:115: Converting masked array to numpy array for interpolation
19:41:33 DEBUG   opendrift.readers.interpolation.interpolators:115: Converting masked array to numpy array for interpolation
19:41:33 DEBUG   opendrift.readers.interpolation.interpolators:115: Converting masked array to numpy array for interpolation
19:41:33 DEBUG   opendrift.readers.interpolation.interpolators:115: Converting masked array to numpy array for interpolation
19:41:33 DEBUG   opendrift.readers.interpolation.interpolators:115: Converting masked array to numpy array for interpolation
19:41:33 DEBUG   opendrift.readers.interpolation.interpolators:115: Converting masked array to numpy array for interpolation
19:41:33 DEBUG   opendrift.readers.interpolation.interpolators:115: Converting masked array to numpy array for interpolation
19:41:33 DEBUG   opendrift.readers.interpolation.interpolators:115: Converting masked array to numpy array for interpolation
19:41:33 DEBUG   opendrift.readers.interpolation.structured:122: Interpolating 10 ensembles for sea_ice_thickness
19:41:33 DEBUG   opendrift.readers.interpolation.interpolators:115: Converting masked array to numpy array for interpolation
19:41:33 DEBUG   opendrift.readers.interpolation.interpolators:115: Converting masked array to numpy array for interpolation
19:41:33 DEBUG   opendrift.readers.interpolation.interpolators:115: Converting masked array to numpy array for interpolation
19:41:33 DEBUG   opendrift.readers.interpolation.interpolators:115: Converting masked array to numpy array for interpolation
19:41:33 DEBUG   opendrift.readers.interpolation.interpolators:115: Converting masked array to numpy array for interpolation
19:41:33 DEBUG   opendrift.readers.interpolation.interpolators:115: Converting masked array to numpy array for interpolation
19:41:33 DEBUG   opendrift.readers.interpolation.interpolators:115: Converting masked array to numpy array for interpolation
19:41:33 DEBUG   opendrift.readers.interpolation.interpolators:115: Converting masked array to numpy array for interpolation
19:41:33 DEBUG   opendrift.readers.interpolation.interpolators:115: Converting masked array to numpy array for interpolation
19:41:33 DEBUG   opendrift.readers.interpolation.interpolators:115: Converting masked array to numpy array for interpolation
19:41:33 DEBUG   opendrift.readers.interpolation.structured:122: Interpolating 10 ensembles for sea_ice_area_fraction
19:41:33 DEBUG   opendrift.readers.interpolation.interpolators:115: Converting masked array to numpy array for interpolation
19:41:33 DEBUG   opendrift.readers.interpolation.interpolators:115: Converting masked array to numpy array for interpolation
19:41:33 DEBUG   opendrift.readers.interpolation.interpolators:115: Converting masked array to numpy array for interpolation
19:41:33 DEBUG   opendrift.readers.interpolation.interpolators:115: Converting masked array to numpy array for interpolation
19:41:33 DEBUG   opendrift.readers.interpolation.interpolators:115: Converting masked array to numpy array for interpolation
19:41:33 DEBUG   opendrift.readers.interpolation.interpolators:115: Converting masked array to numpy array for interpolation
19:41:33 DEBUG   opendrift.readers.interpolation.interpolators:115: Converting masked array to numpy array for interpolation
19:41:33 DEBUG   opendrift.readers.interpolation.interpolators:115: Converting masked array to numpy array for interpolation
19:41:33 DEBUG   opendrift.readers.interpolation.interpolators:115: Converting masked array to numpy array for interpolation
19:41:33 DEBUG   opendrift.readers.interpolation.interpolators:115: Converting masked array to numpy array for interpolation
19:41:33 DEBUG   opendrift.readers.interpolation.structured:122: Interpolating 10 ensembles for sea_ice_x_velocity
19:41:33 DEBUG   opendrift.readers.interpolation.interpolators:115: Converting masked array to numpy array for interpolation
19:41:33 DEBUG   opendrift.readers.interpolation.interpolators:115: Converting masked array to numpy array for interpolation
19:41:33 DEBUG   opendrift.readers.interpolation.interpolators:115: Converting masked array to numpy array for interpolation
19:41:33 DEBUG   opendrift.readers.interpolation.interpolators:115: Converting masked array to numpy array for interpolation
19:41:33 DEBUG   opendrift.readers.interpolation.interpolators:115: Converting masked array to numpy array for interpolation
19:41:33 DEBUG   opendrift.readers.interpolation.interpolators:115: Converting masked array to numpy array for interpolation
19:41:33 DEBUG   opendrift.readers.interpolation.interpolators:115: Converting masked array to numpy array for interpolation
19:41:33 DEBUG   opendrift.readers.interpolation.interpolators:115: Converting masked array to numpy array for interpolation
19:41:33 DEBUG   opendrift.readers.interpolation.interpolators:115: Converting masked array to numpy array for interpolation
19:41:33 DEBUG   opendrift.readers.interpolation.interpolators:115: Converting masked array to numpy array for interpolation
19:41:33 DEBUG   opendrift.readers.interpolation.structured:122: Interpolating 10 ensembles for sea_ice_y_velocity
19:41:33 DEBUG   opendrift.readers.interpolation.interpolators:115: Converting masked array to numpy array for interpolation
19:41:33 DEBUG   opendrift.readers.interpolation.interpolators:115: Converting masked array to numpy array for interpolation
19:41:33 DEBUG   opendrift.readers.interpolation.interpolators:115: Converting masked array to numpy array for interpolation
19:41:33 DEBUG   opendrift.readers.interpolation.interpolators:115: Converting masked array to numpy array for interpolation
19:41:33 DEBUG   opendrift.readers.interpolation.interpolators:115: Converting masked array to numpy array for interpolation
19:41:33 DEBUG   opendrift.readers.interpolation.interpolators:115: Converting masked array to numpy array for interpolation
19:41:33 DEBUG   opendrift.readers.interpolation.interpolators:115: Converting masked array to numpy array for interpolation
19:41:33 DEBUG   opendrift.readers.interpolation.interpolators:115: Converting masked array to numpy array for interpolation
19:41:33 DEBUG   opendrift.readers.interpolation.interpolators:115: Converting masked array to numpy array for interpolation
19:41:33 DEBUG   opendrift.readers.interpolation.interpolators:115: Converting masked array to numpy array for interpolation
19:41:33 DEBUG   opendrift.readers.basereader.structured:355: Interpolating before (2025-09-24 12:00:00, weight 0.88) and
		      after (2025-09-25 12:00:00, weight 0.12) in time
19:41:33 DEBUG   opendrift.readers.basereader.structured:368: Interpolating profiles in time
19:41:33 DEBUG   opendrift.readers.basereader.variables:100: Rotating vectors between -13.216927497249685 and -13.10547946101443 degrees.
19:41:33 DEBUG   opendrift.readers.basereader.variables:100: Rotating vectors between -13.216927497249685 and -13.10547946101443 degrees.
19:41:33 DEBUG   opendrift.readers.basereader.variables:100: Rotating vectors between -13.216927497249685 and -13.10547946101443 degrees.
19:41:33 DEBUG   opendrift.models.basemodel.environment:762: Obtained data for all elements.
19:41:33 DEBUG   opendrift.models.basemodel.environment:599: ----------------------------------------
19:41:33 DEBUG   opendrift.models.basemodel.environment:600: Variable group ['land_binary_mask']
19:41:33 DEBUG   opendrift.models.basemodel.environment:601: ----------------------------------------
19:41:33 DEBUG   opendrift.models.basemodel.environment:605: Calling reader global_landmask
19:41:33 DEBUG   opendrift.models.basemodel.environment:606: ----------------------------------------
19:41:33 DEBUG   opendrift.models.basemodel.environment:626: Data needed for 10 elements
19:41:33 DEBUG   opendrift.readers.basereader.variables:761: Fetching variables from global_landmask covering 10 elements
19:41:33 DEBUG   opendrift.readers.basereader.continuous:37: Fetched env-before
19:41:33 DEBUG   opendrift.readers.basereader.variables:639: Checking land_binary_mask for invalid values
19:41:33 DEBUG   opendrift.readers.basereader.variables:797: Reader projection is latlon - rotation of vectors is not needed.
19:41:33 DEBUG   opendrift.models.basemodel.environment:762: Obtained data for all elements.
19:41:33 DEBUG   opendrift.models.basemodel.environment:599: ----------------------------------------
19:41:33 DEBUG   opendrift.models.basemodel.environment:600: Variable group ['x_wind', 'y_wind']
19:41:33 DEBUG   opendrift.models.basemodel.environment:601: ----------------------------------------
19:41:33 DEBUG   opendrift.models.basemodel.environment:605: Calling reader cmems_obs-wind_glo_phy_nrt_l4_0.125deg_PT1H
19:41:33 DEBUG   opendrift.models.basemodel.environment:606: ----------------------------------------
19:41:33 DEBUG   opendrift.models.basemodel.environment:626: Data needed for 10 elements
19:41:33 DEBUG   opendrift.readers.basereader.variables:761: Fetching variables from cmems_obs-wind_glo_phy_nrt_l4_0.125deg_PT1H covering 10 elements
19:41:33 DEBUG   opendrift.readers.basereader.structured:208: Shifting coordinates to -180-180
19:41:33 DEBUG   opendrift.readers.basereader.structured:220: Reader time:
		2025-09-24 15:00:00 (before)
		2025-09-24 16:00:00 (after)
19:41:33 DEBUG   opendrift.readers.reader_netCDF_CF_generic:470: Using eastward_wind to retrieve x_wind
19:41:33 DEBUG   opendrift.readers.reader_netCDF_CF_generic:470: Using northward_wind to retrieve y_wind
19:41:33 DEBUG   opendrift.readers.reader_netCDF_CF_generic:592: North is up, no rotation necessary
19:41:33 DEBUG   opendrift.readers.basereader.variables:639: Checking x_wind for invalid values
19:41:33 DEBUG   opendrift.readers.basereader.variables:639: Checking y_wind for invalid values
19:41:33 DEBUG   opendrift.readers.basereader.structured:290: Fetched env-block (size 8x7x1) for time before (2025-09-24 15:00:00)
19:41:33 DEBUG   opendrift.readers.basereader.structured:334: Interpolating before (2025-09-24 15:00:00) in space  (linearNDFast)
19:41:33 DEBUG   opendrift.readers.interpolation.structured:97: Initialising interpolator.
19:41:33 DEBUG   opendrift.readers.basereader.structured:388: No time interpolation needed - right on time.
19:41:33 DEBUG   opendrift.readers.basereader.variables:797: Reader projection is latlon - rotation of vectors is not needed.
19:41:33 DEBUG   opendrift.models.basemodel.environment:762: Obtained data for all elements.
19:41:33 DEBUG   opendrift.models.basemodel.environment:775: ---------------------------------------
19:41:33 DEBUG   opendrift.models.basemodel.environment:776: Finished processing all variable groups
19:41:33 DEBUG   opendrift.models.basemodel.environment:812:       Using fallback value 0 for x_sea_water_velocity for 0 profiles
19:41:33 DEBUG   opendrift.models.basemodel.environment:812:       Using fallback value 0 for y_sea_water_velocity for 0 profiles
19:41:33 DEBUG   opendrift.models.basemodel.environment:812:       Using fallback value 2 for sea_water_temperature for 0 profiles
19:41:33 DEBUG   opendrift.models.basemodel.environment:801:       Using fallback value 35 for sea_water_salinity for all profiles
19:41:33 DEBUG   opendrift.models.basemodel.environment:898: ------------ SUMMARY -------------
19:41:33 DEBUG   opendrift.models.basemodel.environment:900:     x_sea_water_velocity: -0.00555614 (min) 0.0150658 (max)
19:41:33 DEBUG   opendrift.models.basemodel.environment:900:     y_sea_water_velocity: 0.109654 (min) 0.244793 (max)
19:41:33 DEBUG   opendrift.models.basemodel.environment:900:     sea_floor_depth_below_sea_level: 26.9757 (min) 63.5334 (max)
19:41:33 DEBUG   opendrift.models.basemodel.environment:900:     sea_surface_height: -0.405422 (min) -0.373845 (max)
19:41:33 DEBUG   opendrift.models.basemodel.environment:900:     sea_surface_x_slope: 0 (min) 0 (max)
19:41:33 DEBUG   opendrift.models.basemodel.environment:900:     sea_surface_y_slope: 0 (min) 0 (max)
19:41:33 DEBUG   opendrift.models.basemodel.environment:900:     x_wind: -7.56279 (min) -7.23884 (max)
19:41:33 DEBUG   opendrift.models.basemodel.environment:900:     y_wind: 9.08546 (min) 9.39853 (max)
19:41:33 DEBUG   opendrift.models.basemodel.environment:900:     horizontal_diffusivity: 0 (min) 0 (max)
19:41:33 DEBUG   opendrift.models.basemodel.environment:900:     sea_surface_wave_significant_height: 0 (min) 0 (max)
19:41:33 DEBUG   opendrift.models.basemodel.environment:900:     sea_surface_wave_from_direction: 0 (min) 0 (max)
19:41:33 DEBUG   opendrift.models.basemodel.environment:900:     sea_surface_wave_stokes_drift_x_velocity: 0 (min) 0 (max)
19:41:33 DEBUG   opendrift.models.basemodel.environment:900:     sea_surface_wave_stokes_drift_y_velocity: 0 (min) 0 (max)
19:41:33 DEBUG   opendrift.models.basemodel.environment:900:     sea_water_temperature: 2.07062 (min) 2.57377 (max)
19:41:33 DEBUG   opendrift.models.basemodel.environment:900:     sea_water_salinity: 35 (min) 35 (max)
19:41:33 DEBUG   opendrift.models.basemodel.environment:900:     sea_ice_area_fraction: 0 (min) 0 (max)
19:41:33 DEBUG   opendrift.models.basemodel.environment:900:     sea_ice_thickness: 0 (min) 0 (max)
19:41:33 DEBUG   opendrift.models.basemodel.environment:900:     sea_ice_x_velocity: 0 (min) 0 (max)
19:41:33 DEBUG   opendrift.models.basemodel.environment:900:     sea_ice_y_velocity: 0 (min) 0 (max)
19:41:33 DEBUG   opendrift.models.basemodel.environment:900:     land_binary_mask: 0 (min) 0 (max)
19:41:33 DEBUG   opendrift.models.basemodel.environment:902: ---------------------------------
19:41:33 DEBUG   opendrift.models.physics_methods:823: Calculating Hs from wind, min: 3.319684, mean: 3.413968, max: 3.579991
19:41:33 WARNING opendrift.models.physics_methods:832: Setting wave direction equal to wind direction, min: -38.822849, mean: -38.581924, max: -38.444786
19:41:33 DEBUG   opendrift:689: No elements hit coastline.
19:41:33 DEBUG   opendrift:760: No elements hit seafloor.
19:41:33 DEBUG   opendrift:1732: No elements to deactivate
19:41:33 DEBUG   opendrift:2193: Calling OpenBerg.update()
19:41:33 DEBUG   opendrift.models.openberg:507: Advection with surface currents
19:41:33 DEBUG   opendrift.models.openberg:569: Grounding condition: Icebergs grounded = 9
19:41:33 DEBUG   opendrift:1680: Horizontal diffusivity is 0, no random walk.
19:41:33 DEBUG   opendrift:904: to be seeded: 250, already seeded 10
19:41:33 DEBUG   opendrift:926: Released 0 new elements.
19:41:33 DEBUG   opendrift:2135: ======================================================================
19:41:33 INFO    opendrift:2136: 2025-09-24 16:00:00 - step 17 of 1872 - 10 active elements (0 deactivated)
19:41:33 DEBUG   opendrift:2142: 250 elements scheduled.
19:41:33 DEBUG   opendrift:2144: ======================================================================
19:41:33 DEBUG   opendrift:2155: 		74.99825286865234 <- latitude -> 75.16072422705946
19:41:33 DEBUG   opendrift:2155: 		-58.211177825927734 <- longitude -> -58.09977340698242
19:41:33 DEBUG   opendrift:2153: 		z = 0.0
19:41:33 DEBUG   opendrift:2156: ---------------------------------
19:41:33 DEBUG   opendrift.models.basemodel.environment:599: ----------------------------------------
19:41:33 DEBUG   opendrift.models.basemodel.environment:600: Variable group ['sea_floor_depth_below_sea_level', 'sea_water_temperature', 'x_sea_water_velocity', 'y_sea_water_velocity', 'sea_surface_height', 'sea_ice_thickness', 'sea_ice_area_fraction', 'sea_ice_x_velocity', 'sea_ice_y_velocity']
19:41:33 DEBUG   opendrift.models.basemodel.environment:601: ----------------------------------------
19:41:33 DEBUG   opendrift.models.basemodel.environment:605: Calling reader Ensemble reader
19:41:33 DEBUG   opendrift.models.basemodel.environment:606: ----------------------------------------
19:41:33 DEBUG   opendrift.models.basemodel.environment:626: Data needed for 10 elements
19:41:33 DEBUG   opendrift.readers.basereader.variables:761: Fetching variables from Ensemble reader covering 10 elements
19:41:33 DEBUG   opendrift.readers.basereader.structured:220: Reader time:
		2025-09-24 12:00:00 (before)
		2025-09-25 12:00:00 (after)
19:41:33 DEBUG   opendrift.readers.basereader.structured:334: Interpolating before (2025-09-24 12:00:00) in space  (linearNDFast)
19:41:33 DEBUG   opendrift.readers.interpolation.structured:97: Initialising interpolator.
19:41:33 DEBUG   opendrift.readers.interpolation.structured:122: Interpolating 10 ensembles for sea_floor_depth_below_sea_level
19:41:33 DEBUG   opendrift.readers.interpolation.structured:122: Interpolating 10 ensembles for sea_water_temperature
19:41:33 DEBUG   opendrift.readers.interpolation.interpolators:115: Converting masked array to numpy array for interpolation
19:41:33 DEBUG   opendrift.readers.interpolation.interpolators:115: Converting masked array to numpy array for interpolation
19:41:33 DEBUG   opendrift.readers.interpolation.interpolators:115: Converting masked array to numpy array for interpolation
19:41:33 DEBUG   opendrift.readers.interpolation.interpolators:115: Converting masked array to numpy array for interpolation
19:41:33 DEBUG   opendrift.readers.interpolation.interpolators:115: Converting masked array to numpy array for interpolation
19:41:33 DEBUG   opendrift.readers.interpolation.interpolators:115: Converting masked array to numpy array for interpolation
19:41:33 DEBUG   opendrift.readers.interpolation.interpolators:115: Converting masked array to numpy array for interpolation
19:41:33 DEBUG   opendrift.readers.interpolation.interpolators:115: Converting masked array to numpy array for interpolation
19:41:33 DEBUG   opendrift.readers.interpolation.interpolators:115: Converting masked array to numpy array for interpolation
19:41:33 DEBUG   opendrift.readers.interpolation.interpolators:115: Converting masked array to numpy array for interpolation
19:41:33 DEBUG   opendrift.readers.interpolation.interpolators:115: Converting masked array to numpy array for interpolation
19:41:33 DEBUG   opendrift.readers.interpolation.interpolators:115: Converting masked array to numpy array for interpolation
19:41:33 DEBUG   opendrift.readers.interpolation.interpolators:115: Converting masked array to numpy array for interpolation
19:41:33 DEBUG   opendrift.readers.interpolation.interpolators:115: Converting masked array to numpy array for interpolation
19:41:33 DEBUG   opendrift.readers.interpolation.interpolators:115: Converting masked array to numpy array for interpolation
19:41:33 DEBUG   opendrift.readers.interpolation.interpolators:115: Converting masked array to numpy array for interpolation
19:41:33 DEBUG   opendrift.readers.interpolation.interpolators:115: Converting masked array to numpy array for interpolation
19:41:33 DEBUG   opendrift.readers.interpolation.interpolators:115: Converting masked array to numpy array for interpolation
19:41:33 DEBUG   opendrift.readers.interpolation.interpolators:115: Converting masked array to numpy array for interpolation
19:41:33 DEBUG   opendrift.readers.interpolation.interpolators:115: Converting masked array to numpy array for interpolation
19:41:33 DEBUG   opendrift.readers.interpolation.structured:122: Interpolating 10 ensembles for x_sea_water_velocity
19:41:33 DEBUG   opendrift.readers.interpolation.structured:122: Interpolating 10 ensembles for y_sea_water_velocity
19:41:33 DEBUG   opendrift.readers.interpolation.structured:122: Interpolating 10 ensembles for sea_surface_height
19:41:33 DEBUG   opendrift.readers.interpolation.interpolators:115: Converting masked array to numpy array for interpolation
19:41:33 DEBUG   opendrift.readers.interpolation.interpolators:115: Converting masked array to numpy array for interpolation
19:41:33 DEBUG   opendrift.readers.interpolation.interpolators:115: Converting masked array to numpy array for interpolation
19:41:33 DEBUG   opendrift.readers.interpolation.interpolators:115: Converting masked array to numpy array for interpolation
19:41:33 DEBUG   opendrift.readers.interpolation.interpolators:115: Converting masked array to numpy array for interpolation
19:41:33 DEBUG   opendrift.readers.interpolation.interpolators:115: Converting masked array to numpy array for interpolation
19:41:33 DEBUG   opendrift.readers.interpolation.interpolators:115: Converting masked array to numpy array for interpolation
19:41:33 DEBUG   opendrift.readers.interpolation.interpolators:115: Converting masked array to numpy array for interpolation
19:41:33 DEBUG   opendrift.readers.interpolation.interpolators:115: Converting masked array to numpy array for interpolation
19:41:33 DEBUG   opendrift.readers.interpolation.interpolators:115: Converting masked array to numpy array for interpolation
19:41:33 DEBUG   opendrift.readers.interpolation.structured:122: Interpolating 10 ensembles for sea_ice_thickness
19:41:33 DEBUG   opendrift.readers.interpolation.interpolators:115: Converting masked array to numpy array for interpolation
19:41:33 DEBUG   opendrift.readers.interpolation.interpolators:115: Converting masked array to numpy array for interpolation
19:41:33 DEBUG   opendrift.readers.interpolation.interpolators:115: Converting masked array to numpy array for interpolation
19:41:33 DEBUG   opendrift.readers.interpolation.interpolators:115: Converting masked array to numpy array for interpolation
19:41:33 DEBUG   opendrift.readers.interpolation.interpolators:115: Converting masked array to numpy array for interpolation
19:41:33 DEBUG   opendrift.readers.interpolation.interpolators:115: Converting masked array to numpy array for interpolation
19:41:33 DEBUG   opendrift.readers.interpolation.interpolators:115: Converting masked array to numpy array for interpolation
19:41:33 DEBUG   opendrift.readers.interpolation.interpolators:115: Converting masked array to numpy array for interpolation
19:41:33 DEBUG   opendrift.readers.interpolation.interpolators:115: Converting masked array to numpy array for interpolation
19:41:33 DEBUG   opendrift.readers.interpolation.interpolators:115: Converting masked array to numpy array for interpolation
19:41:33 DEBUG   opendrift.readers.interpolation.structured:122: Interpolating 10 ensembles for sea_ice_area_fraction
19:41:33 DEBUG   opendrift.readers.interpolation.interpolators:115: Converting masked array to numpy array for interpolation
19:41:33 DEBUG   opendrift.readers.interpolation.interpolators:115: Converting masked array to numpy array for interpolation
19:41:33 DEBUG   opendrift.readers.interpolation.interpolators:115: Converting masked array to numpy array for interpolation
19:41:33 DEBUG   opendrift.readers.interpolation.interpolators:115: Converting masked array to numpy array for interpolation
19:41:33 DEBUG   opendrift.readers.interpolation.interpolators:115: Converting masked array to numpy array for interpolation
19:41:33 DEBUG   opendrift.readers.interpolation.interpolators:115: Converting masked array to numpy array for interpolation
19:41:33 DEBUG   opendrift.readers.interpolation.interpolators:115: Converting masked array to numpy array for interpolation
19:41:33 DEBUG   opendrift.readers.interpolation.interpolators:115: Converting masked array to numpy array for interpolation
19:41:33 DEBUG   opendrift.readers.interpolation.interpolators:115: Converting masked array to numpy array for interpolation
19:41:33 DEBUG   opendrift.readers.interpolation.interpolators:115: Converting masked array to numpy array for interpolation
19:41:33 DEBUG   opendrift.readers.interpolation.structured:122: Interpolating 10 ensembles for sea_ice_x_velocity
19:41:33 DEBUG   opendrift.readers.interpolation.interpolators:115: Converting masked array to numpy array for interpolation
19:41:33 DEBUG   opendrift.readers.interpolation.interpolators:115: Converting masked array to numpy array for interpolation
19:41:33 DEBUG   opendrift.readers.interpolation.interpolators:115: Converting masked array to numpy array for interpolation
19:41:33 DEBUG   opendrift.readers.interpolation.interpolators:115: Converting masked array to numpy array for interpolation
19:41:33 DEBUG   opendrift.readers.interpolation.interpolators:115: Converting masked array to numpy array for interpolation
19:41:33 DEBUG   opendrift.readers.interpolation.interpolators:115: Converting masked array to numpy array for interpolation
19:41:33 DEBUG   opendrift.readers.interpolation.interpolators:115: Converting masked array to numpy array for interpolation
19:41:33 DEBUG   opendrift.readers.interpolation.interpolators:115: Converting masked array to numpy array for interpolation
19:41:33 DEBUG   opendrift.readers.interpolation.interpolators:115: Converting masked array to numpy array for interpolation
19:41:33 DEBUG   opendrift.readers.interpolation.interpolators:115: Converting masked array to numpy array for interpolation
19:41:33 DEBUG   opendrift.readers.interpolation.structured:122: Interpolating 10 ensembles for sea_ice_y_velocity
19:41:33 DEBUG   opendrift.readers.interpolation.interpolators:115: Converting masked array to numpy array for interpolation
19:41:33 DEBUG   opendrift.readers.interpolation.interpolators:115: Converting masked array to numpy array for interpolation
19:41:33 DEBUG   opendrift.readers.interpolation.interpolators:115: Converting masked array to numpy array for interpolation
19:41:33 DEBUG   opendrift.readers.interpolation.interpolators:115: Converting masked array to numpy array for interpolation
19:41:33 DEBUG   opendrift.readers.interpolation.interpolators:115: Converting masked array to numpy array for interpolation
19:41:33 DEBUG   opendrift.readers.interpolation.interpolators:115: Converting masked array to numpy array for interpolation
19:41:33 DEBUG   opendrift.readers.interpolation.interpolators:115: Converting masked array to numpy array for interpolation
19:41:33 DEBUG   opendrift.readers.interpolation.interpolators:115: Converting masked array to numpy array for interpolation
19:41:33 DEBUG   opendrift.readers.interpolation.interpolators:115: Converting masked array to numpy array for interpolation
19:41:33 DEBUG   opendrift.readers.interpolation.interpolators:115: Converting masked array to numpy array for interpolation
19:41:33 DEBUG   opendrift.readers.basereader.structured:340: Interpolating after (2025-09-25 12:00:00) in space  (linearNDFast)
19:41:33 DEBUG   opendrift.readers.interpolation.structured:97: Initialising interpolator.
19:41:33 DEBUG   opendrift.readers.interpolation.structured:122: Interpolating 10 ensembles for sea_floor_depth_below_sea_level
19:41:33 DEBUG   opendrift.readers.interpolation.structured:122: Interpolating 10 ensembles for sea_water_temperature
19:41:33 DEBUG   opendrift.readers.interpolation.interpolators:115: Converting masked array to numpy array for interpolation
19:41:33 DEBUG   opendrift.readers.interpolation.interpolators:115: Converting masked array to numpy array for interpolation
19:41:33 DEBUG   opendrift.readers.interpolation.interpolators:115: Converting masked array to numpy array for interpolation
19:41:33 DEBUG   opendrift.readers.interpolation.interpolators:115: Converting masked array to numpy array for interpolation
19:41:33 DEBUG   opendrift.readers.interpolation.interpolators:115: Converting masked array to numpy array for interpolation
19:41:33 DEBUG   opendrift.readers.interpolation.interpolators:115: Converting masked array to numpy array for interpolation
19:41:33 DEBUG   opendrift.readers.interpolation.interpolators:115: Converting masked array to numpy array for interpolation
19:41:33 DEBUG   opendrift.readers.interpolation.interpolators:115: Converting masked array to numpy array for interpolation
19:41:33 DEBUG   opendrift.readers.interpolation.interpolators:115: Converting masked array to numpy array for interpolation
19:41:33 DEBUG   opendrift.readers.interpolation.interpolators:115: Converting masked array to numpy array for interpolation
19:41:33 DEBUG   opendrift.readers.interpolation.interpolators:115: Converting masked array to numpy array for interpolation
19:41:33 DEBUG   opendrift.readers.interpolation.interpolators:115: Converting masked array to numpy array for interpolation
19:41:33 DEBUG   opendrift.readers.interpolation.interpolators:115: Converting masked array to numpy array for interpolation
19:41:33 DEBUG   opendrift.readers.interpolation.interpolators:115: Converting masked array to numpy array for interpolation
19:41:33 DEBUG   opendrift.readers.interpolation.interpolators:115: Converting masked array to numpy array for interpolation
19:41:33 DEBUG   opendrift.readers.interpolation.interpolators:115: Converting masked array to numpy array for interpolation
19:41:33 DEBUG   opendrift.readers.interpolation.interpolators:115: Converting masked array to numpy array for interpolation
19:41:33 DEBUG   opendrift.readers.interpolation.interpolators:115: Converting masked array to numpy array for interpolation
19:41:33 DEBUG   opendrift.readers.interpolation.interpolators:115: Converting masked array to numpy array for interpolation
19:41:33 DEBUG   opendrift.readers.interpolation.interpolators:115: Converting masked array to numpy array for interpolation
19:41:33 DEBUG   opendrift.readers.interpolation.structured:122: Interpolating 10 ensembles for x_sea_water_velocity
19:41:33 DEBUG   opendrift.readers.interpolation.structured:122: Interpolating 10 ensembles for y_sea_water_velocity
19:41:33 DEBUG   opendrift.readers.interpolation.structured:122: Interpolating 10 ensembles for sea_surface_height
19:41:33 DEBUG   opendrift.readers.interpolation.interpolators:115: Converting masked array to numpy array for interpolation
19:41:33 DEBUG   opendrift.readers.interpolation.interpolators:115: Converting masked array to numpy array for interpolation
19:41:33 DEBUG   opendrift.readers.interpolation.interpolators:115: Converting masked array to numpy array for interpolation
19:41:33 DEBUG   opendrift.readers.interpolation.interpolators:115: Converting masked array to numpy array for interpolation
19:41:33 DEBUG   opendrift.readers.interpolation.interpolators:115: Converting masked array to numpy array for interpolation
19:41:33 DEBUG   opendrift.readers.interpolation.interpolators:115: Converting masked array to numpy array for interpolation
19:41:33 DEBUG   opendrift.readers.interpolation.interpolators:115: Converting masked array to numpy array for interpolation
19:41:33 DEBUG   opendrift.readers.interpolation.interpolators:115: Converting masked array to numpy array for interpolation
19:41:33 DEBUG   opendrift.readers.interpolation.interpolators:115: Converting masked array to numpy array for interpolation
19:41:33 DEBUG   opendrift.readers.interpolation.interpolators:115: Converting masked array to numpy array for interpolation
19:41:33 DEBUG   opendrift.readers.interpolation.structured:122: Interpolating 10 ensembles for sea_ice_thickness
19:41:33 DEBUG   opendrift.readers.interpolation.interpolators:115: Converting masked array to numpy array for interpolation
19:41:33 DEBUG   opendrift.readers.interpolation.interpolators:115: Converting masked array to numpy array for interpolation
19:41:33 DEBUG   opendrift.readers.interpolation.interpolators:115: Converting masked array to numpy array for interpolation
19:41:33 DEBUG   opendrift.readers.interpolation.interpolators:115: Converting masked array to numpy array for interpolation
19:41:33 DEBUG   opendrift.readers.interpolation.interpolators:115: Converting masked array to numpy array for interpolation
19:41:33 DEBUG   opendrift.readers.interpolation.interpolators:115: Converting masked array to numpy array for interpolation
19:41:33 DEBUG   opendrift.readers.interpolation.interpolators:115: Converting masked array to numpy array for interpolation
19:41:33 DEBUG   opendrift.readers.interpolation.interpolators:115: Converting masked array to numpy array for interpolation
19:41:33 DEBUG   opendrift.readers.interpolation.interpolators:115: Converting masked array to numpy array for interpolation
19:41:33 DEBUG   opendrift.readers.interpolation.interpolators:115: Converting masked array to numpy array for interpolation
19:41:33 DEBUG   opendrift.readers.interpolation.structured:122: Interpolating 10 ensembles for sea_ice_area_fraction
19:41:33 DEBUG   opendrift.readers.interpolation.interpolators:115: Converting masked array to numpy array for interpolation
19:41:33 DEBUG   opendrift.readers.interpolation.interpolators:115: Converting masked array to numpy array for interpolation
19:41:33 DEBUG   opendrift.readers.interpolation.interpolators:115: Converting masked array to numpy array for interpolation
19:41:33 DEBUG   opendrift.readers.interpolation.interpolators:115: Converting masked array to numpy array for interpolation
19:41:33 DEBUG   opendrift.readers.interpolation.interpolators:115: Converting masked array to numpy array for interpolation
19:41:33 DEBUG   opendrift.readers.interpolation.interpolators:115: Converting masked array to numpy array for interpolation
19:41:33 DEBUG   opendrift.readers.interpolation.interpolators:115: Converting masked array to numpy array for interpolation
19:41:33 DEBUG   opendrift.readers.interpolation.interpolators:115: Converting masked array to numpy array for interpolation
19:41:33 DEBUG   opendrift.readers.interpolation.interpolators:115: Converting masked array to numpy array for interpolation
19:41:33 DEBUG   opendrift.readers.interpolation.interpolators:115: Converting masked array to numpy array for interpolation
19:41:33 DEBUG   opendrift.readers.interpolation.structured:122: Interpolating 10 ensembles for sea_ice_x_velocity
19:41:33 DEBUG   opendrift.readers.interpolation.interpolators:115: Converting masked array to numpy array for interpolation
19:41:33 DEBUG   opendrift.readers.interpolation.interpolators:115: Converting masked array to numpy array for interpolation
19:41:33 DEBUG   opendrift.readers.interpolation.interpolators:115: Converting masked array to numpy array for interpolation
19:41:33 DEBUG   opendrift.readers.interpolation.interpolators:115: Converting masked array to numpy array for interpolation
19:41:33 DEBUG   opendrift.readers.interpolation.interpolators:115: Converting masked array to numpy array for interpolation
19:41:33 DEBUG   opendrift.readers.interpolation.interpolators:115: Converting masked array to numpy array for interpolation
19:41:33 DEBUG   opendrift.readers.interpolation.interpolators:115: Converting masked array to numpy array for interpolation
19:41:33 DEBUG   opendrift.readers.interpolation.interpolators:115: Converting masked array to numpy array for interpolation
19:41:33 DEBUG   opendrift.readers.interpolation.interpolators:115: Converting masked array to numpy array for interpolation
19:41:33 DEBUG   opendrift.readers.interpolation.interpolators:115: Converting masked array to numpy array for interpolation
19:41:33 DEBUG   opendrift.readers.interpolation.structured:122: Interpolating 10 ensembles for sea_ice_y_velocity
19:41:33 DEBUG   opendrift.readers.interpolation.interpolators:115: Converting masked array to numpy array for interpolation
19:41:33 DEBUG   opendrift.readers.interpolation.interpolators:115: Converting masked array to numpy array for interpolation
19:41:33 DEBUG   opendrift.readers.interpolation.interpolators:115: Converting masked array to numpy array for interpolation
19:41:33 DEBUG   opendrift.readers.interpolation.interpolators:115: Converting masked array to numpy array for interpolation
19:41:33 DEBUG   opendrift.readers.interpolation.interpolators:115: Converting masked array to numpy array for interpolation
19:41:33 DEBUG   opendrift.readers.interpolation.interpolators:115: Converting masked array to numpy array for interpolation
19:41:33 DEBUG   opendrift.readers.interpolation.interpolators:115: Converting masked array to numpy array for interpolation
19:41:33 DEBUG   opendrift.readers.interpolation.interpolators:115: Converting masked array to numpy array for interpolation
19:41:33 DEBUG   opendrift.readers.interpolation.interpolators:115: Converting masked array to numpy array for interpolation
19:41:33 DEBUG   opendrift.readers.interpolation.interpolators:115: Converting masked array to numpy array for interpolation
19:41:33 DEBUG   opendrift.readers.basereader.structured:355: Interpolating before (2025-09-24 12:00:00, weight 0.83) and
		      after (2025-09-25 12:00:00, weight 0.17) in time
19:41:33 DEBUG   opendrift.readers.basereader.structured:368: Interpolating profiles in time
19:41:33 DEBUG   opendrift.readers.basereader.variables:100: Rotating vectors between -13.216927497249685 and -13.10547946101443 degrees.
19:41:33 DEBUG   opendrift.readers.basereader.variables:100: Rotating vectors between -13.216927497249685 and -13.10547946101443 degrees.
19:41:33 DEBUG   opendrift.readers.basereader.variables:100: Rotating vectors between -13.216927497249685 and -13.10547946101443 degrees.
19:41:33 DEBUG   opendrift.models.basemodel.environment:762: Obtained data for all elements.
19:41:33 DEBUG   opendrift.models.basemodel.environment:599: ----------------------------------------
19:41:33 DEBUG   opendrift.models.basemodel.environment:600: Variable group ['land_binary_mask']
19:41:33 DEBUG   opendrift.models.basemodel.environment:601: ----------------------------------------
19:41:33 DEBUG   opendrift.models.basemodel.environment:605: Calling reader global_landmask
19:41:33 DEBUG   opendrift.models.basemodel.environment:606: ----------------------------------------
19:41:33 DEBUG   opendrift.models.basemodel.environment:626: Data needed for 10 elements
19:41:33 DEBUG   opendrift.readers.basereader.variables:761: Fetching variables from global_landmask covering 10 elements
19:41:33 DEBUG   opendrift.readers.basereader.continuous:37: Fetched env-before
19:41:33 DEBUG   opendrift.readers.basereader.variables:639: Checking land_binary_mask for invalid values
19:41:33 DEBUG   opendrift.readers.basereader.variables:797: Reader projection is latlon - rotation of vectors is not needed.
19:41:33 DEBUG   opendrift.models.basemodel.environment:762: Obtained data for all elements.
19:41:33 DEBUG   opendrift.models.basemodel.environment:599: ----------------------------------------
19:41:33 DEBUG   opendrift.models.basemodel.environment:600: Variable group ['x_wind', 'y_wind']
19:41:33 DEBUG   opendrift.models.basemodel.environment:601: ----------------------------------------
19:41:33 DEBUG   opendrift.models.basemodel.environment:605: Calling reader cmems_obs-wind_glo_phy_nrt_l4_0.125deg_PT1H
19:41:33 DEBUG   opendrift.models.basemodel.environment:606: ----------------------------------------
19:41:33 DEBUG   opendrift.models.basemodel.environment:626: Data needed for 10 elements
19:41:33 DEBUG   opendrift.readers.basereader.variables:761: Fetching variables from cmems_obs-wind_glo_phy_nrt_l4_0.125deg_PT1H covering 10 elements
19:41:33 DEBUG   opendrift.readers.basereader.structured:208: Shifting coordinates to -180-180
19:41:33 DEBUG   opendrift.readers.basereader.structured:220: Reader time:
		2025-09-24 16:00:00 (before)
		2025-09-24 17:00:00 (after)
19:41:33 DEBUG   opendrift.readers.reader_netCDF_CF_generic:470: Using eastward_wind to retrieve x_wind
19:41:33 DEBUG   opendrift.readers.reader_netCDF_CF_generic:470: Using northward_wind to retrieve y_wind
19:41:33 DEBUG   opendrift.readers.reader_netCDF_CF_generic:592: North is up, no rotation necessary
19:41:33 DEBUG   opendrift.readers.basereader.variables:639: Checking x_wind for invalid values
19:41:33 DEBUG   opendrift.readers.basereader.variables:639: Checking y_wind for invalid values
19:41:33 DEBUG   opendrift.readers.basereader.structured:290: Fetched env-block (size 8x7x1) for time before (2025-09-24 16:00:00)
19:41:33 DEBUG   opendrift.readers.basereader.structured:334: Interpolating before (2025-09-24 16:00:00) in space  (linearNDFast)
19:41:33 DEBUG   opendrift.readers.interpolation.structured:97: Initialising interpolator.
19:41:33 DEBUG   opendrift.readers.basereader.structured:388: No time interpolation needed - right on time.
19:41:33 DEBUG   opendrift.readers.basereader.variables:797: Reader projection is latlon - rotation of vectors is not needed.
19:41:33 DEBUG   opendrift.models.basemodel.environment:762: Obtained data for all elements.
19:41:33 DEBUG   opendrift.models.basemodel.environment:775: ---------------------------------------
19:41:33 DEBUG   opendrift.models.basemodel.environment:776: Finished processing all variable groups
19:41:33 DEBUG   opendrift.models.basemodel.environment:812:       Using fallback value 0 for x_sea_water_velocity for 0 profiles
19:41:33 DEBUG   opendrift.models.basemodel.environment:812:       Using fallback value 0 for y_sea_water_velocity for 0 profiles
19:41:33 DEBUG   opendrift.models.basemodel.environment:812:       Using fallback value 2 for sea_water_temperature for 0 profiles
19:41:33 DEBUG   opendrift.models.basemodel.environment:801:       Using fallback value 35 for sea_water_salinity for all profiles
19:41:33 DEBUG   opendrift.models.basemodel.environment:898: ------------ SUMMARY -------------
19:41:33 DEBUG   opendrift.models.basemodel.environment:900:     x_sea_water_velocity: -0.0126713 (min) 0.0157492 (max)
19:41:33 DEBUG   opendrift.models.basemodel.environment:900:     y_sea_water_velocity: 0.103129 (min) 0.242923 (max)
19:41:33 DEBUG   opendrift.models.basemodel.environment:900:     sea_floor_depth_below_sea_level: 27.422 (min) 63.5334 (max)
19:41:33 DEBUG   opendrift.models.basemodel.environment:900:     sea_surface_height: -0.403328 (min) -0.373018 (max)
19:41:33 DEBUG   opendrift.models.basemodel.environment:900:     sea_surface_x_slope: 0 (min) 0 (max)
19:41:33 DEBUG   opendrift.models.basemodel.environment:900:     sea_surface_y_slope: 0 (min) 0 (max)
19:41:33 DEBUG   opendrift.models.basemodel.environment:900:     x_wind: -7.62398 (min) -7.135 (max)
19:41:33 DEBUG   opendrift.models.basemodel.environment:900:     y_wind: 9.50692 (min) 10.1386 (max)
19:41:33 DEBUG   opendrift.models.basemodel.environment:900:     horizontal_diffusivity: 0 (min) 0 (max)
19:41:33 DEBUG   opendrift.models.basemodel.environment:900:     sea_surface_wave_significant_height: 0 (min) 0 (max)
19:41:33 DEBUG   opendrift.models.basemodel.environment:900:     sea_surface_wave_from_direction: 0 (min) 0 (max)
19:41:33 DEBUG   opendrift.models.basemodel.environment:900:     sea_surface_wave_stokes_drift_x_velocity: 0 (min) 0 (max)
19:41:33 DEBUG   opendrift.models.basemodel.environment:900:     sea_surface_wave_stokes_drift_y_velocity: 0 (min) 0 (max)
19:41:33 DEBUG   opendrift.models.basemodel.environment:900:     sea_water_temperature: 2.06865 (min) 2.55877 (max)
19:41:33 DEBUG   opendrift.models.basemodel.environment:900:     sea_water_salinity: 35 (min) 35 (max)
19:41:33 DEBUG   opendrift.models.basemodel.environment:900:     sea_ice_area_fraction: 0 (min) 0 (max)
19:41:33 DEBUG   opendrift.models.basemodel.environment:900:     sea_ice_thickness: 0 (min) 0 (max)
19:41:33 DEBUG   opendrift.models.basemodel.environment:900:     sea_ice_x_velocity: 0 (min) 0 (max)
19:41:33 DEBUG   opendrift.models.basemodel.environment:900:     sea_ice_y_velocity: 0 (min) 0 (max)
19:41:33 DEBUG   opendrift.models.basemodel.environment:900:     land_binary_mask: 0 (min) 0 (max)
19:41:33 DEBUG   opendrift.models.basemodel.environment:902: ---------------------------------
19:41:33 DEBUG   opendrift.models.physics_methods:823: Calculating Hs from wind, min: 3.484914, mean: 3.581273, max: 3.958521
19:41:33 WARNING opendrift.models.physics_methods:832: Setting wave direction equal to wind direction, min: -37.097206, mean: -36.955132, max: -36.786999
19:41:33 DEBUG   opendrift:689: No elements hit coastline.
19:41:33 DEBUG   opendrift:760: No elements hit seafloor.
19:41:33 DEBUG   opendrift:1732: No elements to deactivate
19:41:33 DEBUG   opendrift:2193: Calling OpenBerg.update()
19:41:33 DEBUG   opendrift.models.openberg:507: Advection with surface currents
19:41:33 DEBUG   opendrift.models.openberg:569: Grounding condition: Icebergs grounded = 9
19:41:33 DEBUG   opendrift:1680: Horizontal diffusivity is 0, no random walk.
19:41:33 DEBUG   opendrift:904: to be seeded: 250, already seeded 10
19:41:33 DEBUG   opendrift:926: Released 0 new elements.
19:41:33 DEBUG   opendrift:2135: ======================================================================
19:41:33 INFO    opendrift:2136: 2025-09-24 17:00:00 - step 18 of 1872 - 10 active elements (0 deactivated)
19:41:33 DEBUG   opendrift:2142: 250 elements scheduled.
19:41:33 DEBUG   opendrift:2144: ======================================================================
19:41:33 DEBUG   opendrift:2155: 		74.99825286865234 <- latitude -> 75.1712211581374
19:41:33 DEBUG   opendrift:2155: 		-58.211177825927734 <- longitude -> -58.09977340698242
19:41:33 DEBUG   opendrift:2153: 		z = 0.0
19:41:33 DEBUG   opendrift:2156: ---------------------------------
19:41:33 DEBUG   opendrift.models.basemodel.environment:599: ----------------------------------------
19:41:33 DEBUG   opendrift.models.basemodel.environment:600: Variable group ['sea_floor_depth_below_sea_level', 'sea_water_temperature', 'x_sea_water_velocity', 'y_sea_water_velocity', 'sea_surface_height', 'sea_ice_thickness', 'sea_ice_area_fraction', 'sea_ice_x_velocity', 'sea_ice_y_velocity']
19:41:33 DEBUG   opendrift.models.basemodel.environment:601: ----------------------------------------
19:41:33 DEBUG   opendrift.models.basemodel.environment:605: Calling reader Ensemble reader
19:41:33 DEBUG   opendrift.models.basemodel.environment:606: ----------------------------------------
19:41:33 DEBUG   opendrift.models.basemodel.environment:626: Data needed for 10 elements
19:41:33 DEBUG   opendrift.readers.basereader.variables:761: Fetching variables from Ensemble reader covering 10 elements
19:41:33 DEBUG   opendrift.readers.basereader.structured:220: Reader time:
		2025-09-24 12:00:00 (before)
		2025-09-25 12:00:00 (after)
19:41:33 DEBUG   opendrift.readers.basereader.structured:334: Interpolating before (2025-09-24 12:00:00) in space  (linearNDFast)
19:41:33 DEBUG   opendrift.readers.interpolation.structured:97: Initialising interpolator.
19:41:33 DEBUG   opendrift.readers.interpolation.structured:122: Interpolating 10 ensembles for sea_floor_depth_below_sea_level
19:41:33 DEBUG   opendrift.readers.interpolation.structured:122: Interpolating 10 ensembles for sea_water_temperature
19:41:33 DEBUG   opendrift.readers.interpolation.interpolators:115: Converting masked array to numpy array for interpolation
19:41:33 DEBUG   opendrift.readers.interpolation.interpolators:115: Converting masked array to numpy array for interpolation
19:41:33 DEBUG   opendrift.readers.interpolation.interpolators:115: Converting masked array to numpy array for interpolation
19:41:33 DEBUG   opendrift.readers.interpolation.interpolators:115: Converting masked array to numpy array for interpolation
19:41:33 DEBUG   opendrift.readers.interpolation.interpolators:115: Converting masked array to numpy array for interpolation
19:41:33 DEBUG   opendrift.readers.interpolation.interpolators:115: Converting masked array to numpy array for interpolation
19:41:33 DEBUG   opendrift.readers.interpolation.interpolators:115: Converting masked array to numpy array for interpolation
19:41:33 DEBUG   opendrift.readers.interpolation.interpolators:115: Converting masked array to numpy array for interpolation
19:41:33 DEBUG   opendrift.readers.interpolation.interpolators:115: Converting masked array to numpy array for interpolation
19:41:33 DEBUG   opendrift.readers.interpolation.interpolators:115: Converting masked array to numpy array for interpolation
19:41:33 DEBUG   opendrift.readers.interpolation.interpolators:115: Converting masked array to numpy array for interpolation
19:41:33 DEBUG   opendrift.readers.interpolation.interpolators:115: Converting masked array to numpy array for interpolation
19:41:33 DEBUG   opendrift.readers.interpolation.interpolators:115: Converting masked array to numpy array for interpolation
19:41:33 DEBUG   opendrift.readers.interpolation.interpolators:115: Converting masked array to numpy array for interpolation
19:41:33 DEBUG   opendrift.readers.interpolation.interpolators:115: Converting masked array to numpy array for interpolation
19:41:33 DEBUG   opendrift.readers.interpolation.interpolators:115: Converting masked array to numpy array for interpolation
19:41:33 DEBUG   opendrift.readers.interpolation.interpolators:115: Converting masked array to numpy array for interpolation
19:41:33 DEBUG   opendrift.readers.interpolation.interpolators:115: Converting masked array to numpy array for interpolation
19:41:33 DEBUG   opendrift.readers.interpolation.interpolators:115: Converting masked array to numpy array for interpolation
19:41:33 DEBUG   opendrift.readers.interpolation.interpolators:115: Converting masked array to numpy array for interpolation
19:41:33 DEBUG   opendrift.readers.interpolation.structured:122: Interpolating 10 ensembles for x_sea_water_velocity
19:41:33 DEBUG   opendrift.readers.interpolation.structured:122: Interpolating 10 ensembles for y_sea_water_velocity
19:41:33 DEBUG   opendrift.readers.interpolation.structured:122: Interpolating 10 ensembles for sea_surface_height
19:41:33 DEBUG   opendrift.readers.interpolation.interpolators:115: Converting masked array to numpy array for interpolation
19:41:33 DEBUG   opendrift.readers.interpolation.interpolators:115: Converting masked array to numpy array for interpolation
19:41:33 DEBUG   opendrift.readers.interpolation.interpolators:115: Converting masked array to numpy array for interpolation
19:41:33 DEBUG   opendrift.readers.interpolation.interpolators:115: Converting masked array to numpy array for interpolation
19:41:33 DEBUG   opendrift.readers.interpolation.interpolators:115: Converting masked array to numpy array for interpolation
19:41:33 DEBUG   opendrift.readers.interpolation.interpolators:115: Converting masked array to numpy array for interpolation
19:41:33 DEBUG   opendrift.readers.interpolation.interpolators:115: Converting masked array to numpy array for interpolation
19:41:33 DEBUG   opendrift.readers.interpolation.interpolators:115: Converting masked array to numpy array for interpolation
19:41:33 DEBUG   opendrift.readers.interpolation.interpolators:115: Converting masked array to numpy array for interpolation
19:41:33 DEBUG   opendrift.readers.interpolation.interpolators:115: Converting masked array to numpy array for interpolation
19:41:33 DEBUG   opendrift.readers.interpolation.structured:122: Interpolating 10 ensembles for sea_ice_thickness
19:41:33 DEBUG   opendrift.readers.interpolation.interpolators:115: Converting masked array to numpy array for interpolation
19:41:33 DEBUG   opendrift.readers.interpolation.interpolators:115: Converting masked array to numpy array for interpolation
19:41:33 DEBUG   opendrift.readers.interpolation.interpolators:115: Converting masked array to numpy array for interpolation
19:41:33 DEBUG   opendrift.readers.interpolation.interpolators:115: Converting masked array to numpy array for interpolation
19:41:33 DEBUG   opendrift.readers.interpolation.interpolators:115: Converting masked array to numpy array for interpolation
19:41:33 DEBUG   opendrift.readers.interpolation.interpolators:115: Converting masked array to numpy array for interpolation
19:41:33 DEBUG   opendrift.readers.interpolation.interpolators:115: Converting masked array to numpy array for interpolation
19:41:33 DEBUG   opendrift.readers.interpolation.interpolators:115: Converting masked array to numpy array for interpolation
19:41:33 DEBUG   opendrift.readers.interpolation.interpolators:115: Converting masked array to numpy array for interpolation
19:41:33 DEBUG   opendrift.readers.interpolation.interpolators:115: Converting masked array to numpy array for interpolation
19:41:33 DEBUG   opendrift.readers.interpolation.structured:122: Interpolating 10 ensembles for sea_ice_area_fraction
19:41:33 DEBUG   opendrift.readers.interpolation.interpolators:115: Converting masked array to numpy array for interpolation
19:41:33 DEBUG   opendrift.readers.interpolation.interpolators:115: Converting masked array to numpy array for interpolation
19:41:33 DEBUG   opendrift.readers.interpolation.interpolators:115: Converting masked array to numpy array for interpolation
19:41:33 DEBUG   opendrift.readers.interpolation.interpolators:115: Converting masked array to numpy array for interpolation
19:41:33 DEBUG   opendrift.readers.interpolation.interpolators:115: Converting masked array to numpy array for interpolation
19:41:33 DEBUG   opendrift.readers.interpolation.interpolators:115: Converting masked array to numpy array for interpolation
19:41:33 DEBUG   opendrift.readers.interpolation.interpolators:115: Converting masked array to numpy array for interpolation
19:41:33 DEBUG   opendrift.readers.interpolation.interpolators:115: Converting masked array to numpy array for interpolation
19:41:33 DEBUG   opendrift.readers.interpolation.interpolators:115: Converting masked array to numpy array for interpolation
19:41:33 DEBUG   opendrift.readers.interpolation.interpolators:115: Converting masked array to numpy array for interpolation
19:41:33 DEBUG   opendrift.readers.interpolation.structured:122: Interpolating 10 ensembles for sea_ice_x_velocity
19:41:33 DEBUG   opendrift.readers.interpolation.interpolators:115: Converting masked array to numpy array for interpolation
19:41:33 DEBUG   opendrift.readers.interpolation.interpolators:115: Converting masked array to numpy array for interpolation
19:41:33 DEBUG   opendrift.readers.interpolation.interpolators:115: Converting masked array to numpy array for interpolation
19:41:33 DEBUG   opendrift.readers.interpolation.interpolators:115: Converting masked array to numpy array for interpolation
19:41:33 DEBUG   opendrift.readers.interpolation.interpolators:115: Converting masked array to numpy array for interpolation
19:41:33 DEBUG   opendrift.readers.interpolation.interpolators:115: Converting masked array to numpy array for interpolation
19:41:33 DEBUG   opendrift.readers.interpolation.interpolators:115: Converting masked array to numpy array for interpolation
19:41:33 DEBUG   opendrift.readers.interpolation.interpolators:115: Converting masked array to numpy array for interpolation
19:41:33 DEBUG   opendrift.readers.interpolation.interpolators:115: Converting masked array to numpy array for interpolation
19:41:33 DEBUG   opendrift.readers.interpolation.interpolators:115: Converting masked array to numpy array for interpolation
19:41:33 DEBUG   opendrift.readers.interpolation.structured:122: Interpolating 10 ensembles for sea_ice_y_velocity
19:41:33 DEBUG   opendrift.readers.interpolation.interpolators:115: Converting masked array to numpy array for interpolation
19:41:33 DEBUG   opendrift.readers.interpolation.interpolators:115: Converting masked array to numpy array for interpolation
19:41:33 DEBUG   opendrift.readers.interpolation.interpolators:115: Converting masked array to numpy array for interpolation
19:41:33 DEBUG   opendrift.readers.interpolation.interpolators:115: Converting masked array to numpy array for interpolation
19:41:33 DEBUG   opendrift.readers.interpolation.interpolators:115: Converting masked array to numpy array for interpolation
19:41:33 DEBUG   opendrift.readers.interpolation.interpolators:115: Converting masked array to numpy array for interpolation
19:41:33 DEBUG   opendrift.readers.interpolation.interpolators:115: Converting masked array to numpy array for interpolation
19:41:33 DEBUG   opendrift.readers.interpolation.interpolators:115: Converting masked array to numpy array for interpolation
19:41:33 DEBUG   opendrift.readers.interpolation.interpolators:115: Converting masked array to numpy array for interpolation
19:41:33 DEBUG   opendrift.readers.interpolation.interpolators:115: Converting masked array to numpy array for interpolation
19:41:33 DEBUG   opendrift.readers.basereader.structured:340: Interpolating after (2025-09-25 12:00:00) in space  (linearNDFast)
19:41:33 DEBUG   opendrift.readers.interpolation.structured:97: Initialising interpolator.
19:41:33 DEBUG   opendrift.readers.interpolation.structured:122: Interpolating 10 ensembles for sea_floor_depth_below_sea_level
19:41:33 DEBUG   opendrift.readers.interpolation.structured:122: Interpolating 10 ensembles for sea_water_temperature
19:41:33 DEBUG   opendrift.readers.interpolation.interpolators:115: Converting masked array to numpy array for interpolation
19:41:33 DEBUG   opendrift.readers.interpolation.interpolators:115: Converting masked array to numpy array for interpolation
19:41:33 DEBUG   opendrift.readers.interpolation.interpolators:115: Converting masked array to numpy array for interpolation
19:41:33 DEBUG   opendrift.readers.interpolation.interpolators:115: Converting masked array to numpy array for interpolation
19:41:33 DEBUG   opendrift.readers.interpolation.interpolators:115: Converting masked array to numpy array for interpolation
19:41:33 DEBUG   opendrift.readers.interpolation.interpolators:115: Converting masked array to numpy array for interpolation
19:41:33 DEBUG   opendrift.readers.interpolation.interpolators:115: Converting masked array to numpy array for interpolation
19:41:33 DEBUG   opendrift.readers.interpolation.interpolators:115: Converting masked array to numpy array for interpolation
19:41:33 DEBUG   opendrift.readers.interpolation.interpolators:115: Converting masked array to numpy array for interpolation
19:41:33 DEBUG   opendrift.readers.interpolation.interpolators:115: Converting masked array to numpy array for interpolation
19:41:33 DEBUG   opendrift.readers.interpolation.interpolators:115: Converting masked array to numpy array for interpolation
19:41:33 DEBUG   opendrift.readers.interpolation.interpolators:115: Converting masked array to numpy array for interpolation
19:41:33 DEBUG   opendrift.readers.interpolation.interpolators:115: Converting masked array to numpy array for interpolation
19:41:33 DEBUG   opendrift.readers.interpolation.interpolators:115: Converting masked array to numpy array for interpolation
19:41:33 DEBUG   opendrift.readers.interpolation.interpolators:115: Converting masked array to numpy array for interpolation
19:41:33 DEBUG   opendrift.readers.interpolation.interpolators:115: Converting masked array to numpy array for interpolation
19:41:33 DEBUG   opendrift.readers.interpolation.interpolators:115: Converting masked array to numpy array for interpolation
19:41:33 DEBUG   opendrift.readers.interpolation.interpolators:115: Converting masked array to numpy array for interpolation
19:41:33 DEBUG   opendrift.readers.interpolation.interpolators:115: Converting masked array to numpy array for interpolation
19:41:33 DEBUG   opendrift.readers.interpolation.interpolators:115: Converting masked array to numpy array for interpolation
19:41:33 DEBUG   opendrift.readers.interpolation.structured:122: Interpolating 10 ensembles for x_sea_water_velocity
19:41:33 DEBUG   opendrift.readers.interpolation.structured:122: Interpolating 10 ensembles for y_sea_water_velocity
19:41:33 DEBUG   opendrift.readers.interpolation.structured:122: Interpolating 10 ensembles for sea_surface_height
19:41:33 DEBUG   opendrift.readers.interpolation.interpolators:115: Converting masked array to numpy array for interpolation
19:41:33 DEBUG   opendrift.readers.interpolation.interpolators:115: Converting masked array to numpy array for interpolation
19:41:33 DEBUG   opendrift.readers.interpolation.interpolators:115: Converting masked array to numpy array for interpolation
19:41:33 DEBUG   opendrift.readers.interpolation.interpolators:115: Converting masked array to numpy array for interpolation
19:41:33 DEBUG   opendrift.readers.interpolation.interpolators:115: Converting masked array to numpy array for interpolation
19:41:33 DEBUG   opendrift.readers.interpolation.interpolators:115: Converting masked array to numpy array for interpolation
19:41:33 DEBUG   opendrift.readers.interpolation.interpolators:115: Converting masked array to numpy array for interpolation
19:41:33 DEBUG   opendrift.readers.interpolation.interpolators:115: Converting masked array to numpy array for interpolation
19:41:33 DEBUG   opendrift.readers.interpolation.interpolators:115: Converting masked array to numpy array for interpolation
19:41:33 DEBUG   opendrift.readers.interpolation.interpolators:115: Converting masked array to numpy array for interpolation
19:41:33 DEBUG   opendrift.readers.interpolation.structured:122: Interpolating 10 ensembles for sea_ice_thickness
19:41:33 DEBUG   opendrift.readers.interpolation.interpolators:115: Converting masked array to numpy array for interpolation
19:41:33 DEBUG   opendrift.readers.interpolation.interpolators:115: Converting masked array to numpy array for interpolation
19:41:33 DEBUG   opendrift.readers.interpolation.interpolators:115: Converting masked array to numpy array for interpolation
19:41:33 DEBUG   opendrift.readers.interpolation.interpolators:115: Converting masked array to numpy array for interpolation
19:41:33 DEBUG   opendrift.readers.interpolation.interpolators:115: Converting masked array to numpy array for interpolation
19:41:33 DEBUG   opendrift.readers.interpolation.interpolators:115: Converting masked array to numpy array for interpolation
19:41:33 DEBUG   opendrift.readers.interpolation.interpolators:115: Converting masked array to numpy array for interpolation
19:41:33 DEBUG   opendrift.readers.interpolation.interpolators:115: Converting masked array to numpy array for interpolation
19:41:33 DEBUG   opendrift.readers.interpolation.interpolators:115: Converting masked array to numpy array for interpolation
19:41:33 DEBUG   opendrift.readers.interpolation.interpolators:115: Converting masked array to numpy array for interpolation
19:41:33 DEBUG   opendrift.readers.interpolation.structured:122: Interpolating 10 ensembles for sea_ice_area_fraction
19:41:33 DEBUG   opendrift.readers.interpolation.interpolators:115: Converting masked array to numpy array for interpolation
19:41:33 DEBUG   opendrift.readers.interpolation.interpolators:115: Converting masked array to numpy array for interpolation
19:41:33 DEBUG   opendrift.readers.interpolation.interpolators:115: Converting masked array to numpy array for interpolation
19:41:33 DEBUG   opendrift.readers.interpolation.interpolators:115: Converting masked array to numpy array for interpolation
19:41:33 DEBUG   opendrift.readers.interpolation.interpolators:115: Converting masked array to numpy array for interpolation
19:41:33 DEBUG   opendrift.readers.interpolation.interpolators:115: Converting masked array to numpy array for interpolation
19:41:33 DEBUG   opendrift.readers.interpolation.interpolators:115: Converting masked array to numpy array for interpolation
19:41:33 DEBUG   opendrift.readers.interpolation.interpolators:115: Converting masked array to numpy array for interpolation
19:41:33 DEBUG   opendrift.readers.interpolation.interpolators:115: Converting masked array to numpy array for interpolation
19:41:33 DEBUG   opendrift.readers.interpolation.interpolators:115: Converting masked array to numpy array for interpolation
19:41:33 DEBUG   opendrift.readers.interpolation.structured:122: Interpolating 10 ensembles for sea_ice_x_velocity
19:41:33 DEBUG   opendrift.readers.interpolation.interpolators:115: Converting masked array to numpy array for interpolation
19:41:33 DEBUG   opendrift.readers.interpolation.interpolators:115: Converting masked array to numpy array for interpolation
19:41:33 DEBUG   opendrift.readers.interpolation.interpolators:115: Converting masked array to numpy array for interpolation
19:41:33 DEBUG   opendrift.readers.interpolation.interpolators:115: Converting masked array to numpy array for interpolation
19:41:33 DEBUG   opendrift.readers.interpolation.interpolators:115: Converting masked array to numpy array for interpolation
19:41:33 DEBUG   opendrift.readers.interpolation.interpolators:115: Converting masked array to numpy array for interpolation
19:41:33 DEBUG   opendrift.readers.interpolation.interpolators:115: Converting masked array to numpy array for interpolation
19:41:33 DEBUG   opendrift.readers.interpolation.interpolators:115: Converting masked array to numpy array for interpolation
19:41:33 DEBUG   opendrift.readers.interpolation.interpolators:115: Converting masked array to numpy array for interpolation
19:41:33 DEBUG   opendrift.readers.interpolation.interpolators:115: Converting masked array to numpy array for interpolation
19:41:33 DEBUG   opendrift.readers.interpolation.structured:122: Interpolating 10 ensembles for sea_ice_y_velocity
19:41:33 DEBUG   opendrift.readers.interpolation.interpolators:115: Converting masked array to numpy array for interpolation
19:41:33 DEBUG   opendrift.readers.interpolation.interpolators:115: Converting masked array to numpy array for interpolation
19:41:33 DEBUG   opendrift.readers.interpolation.interpolators:115: Converting masked array to numpy array for interpolation
19:41:33 DEBUG   opendrift.readers.interpolation.interpolators:115: Converting masked array to numpy array for interpolation
19:41:33 DEBUG   opendrift.readers.interpolation.interpolators:115: Converting masked array to numpy array for interpolation
19:41:33 DEBUG   opendrift.readers.interpolation.interpolators:115: Converting masked array to numpy array for interpolation
19:41:33 DEBUG   opendrift.readers.interpolation.interpolators:115: Converting masked array to numpy array for interpolation
19:41:33 DEBUG   opendrift.readers.interpolation.interpolators:115: Converting masked array to numpy array for interpolation
19:41:33 DEBUG   opendrift.readers.interpolation.interpolators:115: Converting masked array to numpy array for interpolation
19:41:33 DEBUG   opendrift.readers.interpolation.interpolators:115: Converting masked array to numpy array for interpolation
19:41:33 DEBUG   opendrift.readers.basereader.structured:355: Interpolating before (2025-09-24 12:00:00, weight 0.79) and
		      after (2025-09-25 12:00:00, weight 0.21) in time
19:41:33 DEBUG   opendrift.readers.basereader.structured:368: Interpolating profiles in time
19:41:33 DEBUG   opendrift.readers.basereader.variables:100: Rotating vectors between -13.216927497249685 and -13.10547946101443 degrees.
19:41:33 DEBUG   opendrift.readers.basereader.variables:100: Rotating vectors between -13.216927497249685 and -13.10547946101443 degrees.
19:41:33 DEBUG   opendrift.readers.basereader.variables:100: Rotating vectors between -13.216927497249685 and -13.10547946101443 degrees.
19:41:33 DEBUG   opendrift.models.basemodel.environment:762: Obtained data for all elements.
19:41:33 DEBUG   opendrift.models.basemodel.environment:599: ----------------------------------------
19:41:33 DEBUG   opendrift.models.basemodel.environment:600: Variable group ['land_binary_mask']
19:41:33 DEBUG   opendrift.models.basemodel.environment:601: ----------------------------------------
19:41:33 DEBUG   opendrift.models.basemodel.environment:605: Calling reader global_landmask
19:41:33 DEBUG   opendrift.models.basemodel.environment:606: ----------------------------------------
19:41:33 DEBUG   opendrift.models.basemodel.environment:626: Data needed for 10 elements
19:41:33 DEBUG   opendrift.readers.basereader.variables:761: Fetching variables from global_landmask covering 10 elements
19:41:33 DEBUG   opendrift.readers.basereader.continuous:37: Fetched env-before
19:41:33 DEBUG   opendrift.readers.basereader.variables:639: Checking land_binary_mask for invalid values
19:41:33 DEBUG   opendrift.readers.basereader.variables:797: Reader projection is latlon - rotation of vectors is not needed.
19:41:33 DEBUG   opendrift.models.basemodel.environment:762: Obtained data for all elements.
19:41:33 DEBUG   opendrift.models.basemodel.environment:599: ----------------------------------------
19:41:33 DEBUG   opendrift.models.basemodel.environment:600: Variable group ['x_wind', 'y_wind']
19:41:33 DEBUG   opendrift.models.basemodel.environment:601: ----------------------------------------
19:41:33 DEBUG   opendrift.models.basemodel.environment:605: Calling reader cmems_obs-wind_glo_phy_nrt_l4_0.125deg_PT1H
19:41:33 DEBUG   opendrift.models.basemodel.environment:606: ----------------------------------------
19:41:33 DEBUG   opendrift.models.basemodel.environment:626: Data needed for 10 elements
19:41:33 DEBUG   opendrift.readers.basereader.variables:761: Fetching variables from cmems_obs-wind_glo_phy_nrt_l4_0.125deg_PT1H covering 10 elements
19:41:33 DEBUG   opendrift.readers.basereader.structured:208: Shifting coordinates to -180-180
19:41:33 DEBUG   opendrift.readers.basereader.structured:220: Reader time:
		2025-09-24 17:00:00 (before)
		2025-09-24 18:00:00 (after)
19:41:33 DEBUG   opendrift.readers.reader_netCDF_CF_generic:470: Using eastward_wind to retrieve x_wind
19:41:33 DEBUG   opendrift.readers.reader_netCDF_CF_generic:470: Using northward_wind to retrieve y_wind
19:41:33 DEBUG   opendrift.readers.reader_netCDF_CF_generic:592: North is up, no rotation necessary
19:41:33 DEBUG   opendrift.readers.basereader.variables:639: Checking x_wind for invalid values
19:41:33 DEBUG   opendrift.readers.basereader.variables:639: Checking y_wind for invalid values
19:41:33 DEBUG   opendrift.readers.basereader.structured:290: Fetched env-block (size 8x7x1) for time before (2025-09-24 17:00:00)
19:41:33 DEBUG   opendrift.readers.basereader.structured:334: Interpolating before (2025-09-24 17:00:00) in space  (linearNDFast)
19:41:33 DEBUG   opendrift.readers.interpolation.structured:97: Initialising interpolator.
19:41:33 DEBUG   opendrift.readers.basereader.structured:388: No time interpolation needed - right on time.
19:41:33 DEBUG   opendrift.readers.basereader.variables:797: Reader projection is latlon - rotation of vectors is not needed.
19:41:33 DEBUG   opendrift.models.basemodel.environment:762: Obtained data for all elements.
19:41:33 DEBUG   opendrift.models.basemodel.environment:775: ---------------------------------------
19:41:33 DEBUG   opendrift.models.basemodel.environment:776: Finished processing all variable groups
19:41:33 DEBUG   opendrift.models.basemodel.environment:812:       Using fallback value 0 for x_sea_water_velocity for 0 profiles
19:41:33 DEBUG   opendrift.models.basemodel.environment:812:       Using fallback value 0 for y_sea_water_velocity for 0 profiles
19:41:33 DEBUG   opendrift.models.basemodel.environment:812:       Using fallback value 2 for sea_water_temperature for 0 profiles
19:41:33 DEBUG   opendrift.models.basemodel.environment:801:       Using fallback value 35 for sea_water_salinity for all profiles
19:41:33 DEBUG   opendrift.models.basemodel.environment:898: ------------ SUMMARY -------------
19:41:33 DEBUG   opendrift.models.basemodel.environment:900:     x_sea_water_velocity: -0.019923 (min) 0.0164326 (max)
19:41:33 DEBUG   opendrift.models.basemodel.environment:900:     y_sea_water_velocity: 0.0964784 (min) 0.241053 (max)
19:41:33 DEBUG   opendrift.models.basemodel.environment:900:     sea_floor_depth_below_sea_level: 27.8729 (min) 63.5334 (max)
19:41:33 DEBUG   opendrift.models.basemodel.environment:900:     sea_surface_height: -0.401521 (min) -0.37219 (max)
19:41:33 DEBUG   opendrift.models.basemodel.environment:900:     sea_surface_x_slope: 0 (min) 0 (max)
19:41:33 DEBUG   opendrift.models.basemodel.environment:900:     sea_surface_y_slope: 0 (min) 0 (max)
19:41:33 DEBUG   opendrift.models.basemodel.environment:900:     x_wind: -7.51146 (min) -6.23189 (max)
19:41:33 DEBUG   opendrift.models.basemodel.environment:900:     y_wind: 9.52225 (min) 10.1066 (max)
19:41:33 DEBUG   opendrift.models.basemodel.environment:900:     horizontal_diffusivity: 0 (min) 0 (max)
19:41:33 DEBUG   opendrift.models.basemodel.environment:900:     sea_surface_wave_significant_height: 0 (min) 0 (max)
19:41:33 DEBUG   opendrift.models.basemodel.environment:900:     sea_surface_wave_from_direction: 0 (min) 0 (max)
19:41:33 DEBUG   opendrift.models.basemodel.environment:900:     sea_surface_wave_stokes_drift_x_velocity: 0 (min) 0 (max)
19:41:33 DEBUG   opendrift.models.basemodel.environment:900:     sea_surface_wave_stokes_drift_y_velocity: 0 (min) 0 (max)
19:41:33 DEBUG   opendrift.models.basemodel.environment:900:     sea_water_temperature: 2.06668 (min) 2.54376 (max)
19:41:33 DEBUG   opendrift.models.basemodel.environment:900:     sea_water_salinity: 35 (min) 35 (max)
19:41:33 DEBUG   opendrift.models.basemodel.environment:900:     sea_ice_area_fraction: 0 (min) 0 (max)
19:41:33 DEBUG   opendrift.models.basemodel.environment:900:     sea_ice_thickness: 0 (min) 0 (max)
19:41:33 DEBUG   opendrift.models.basemodel.environment:900:     sea_ice_x_velocity: 0 (min) 0 (max)
19:41:33 DEBUG   opendrift.models.basemodel.environment:900:     sea_ice_y_velocity: 0 (min) 0 (max)
19:41:33 DEBUG   opendrift.models.basemodel.environment:900:     land_binary_mask: 0 (min) 0 (max)
19:41:33 DEBUG   opendrift.models.basemodel.environment:902: ---------------------------------
19:41:33 DEBUG   opendrift.models.physics_methods:823: Calculating Hs from wind, min: 3.230465, mean: 3.349648, max: 3.900696
19:41:33 WARNING opendrift.models.physics_methods:832: Setting wave direction equal to wind direction, min: -36.620628, mean: -33.797993, max: -32.710579
19:41:33 DEBUG   opendrift:689: No elements hit coastline.
19:41:33 DEBUG   opendrift:760: No elements hit seafloor.
19:41:33 DEBUG   opendrift:1732: No elements to deactivate
19:41:33 DEBUG   opendrift:2193: Calling OpenBerg.update()
19:41:33 DEBUG   opendrift.models.openberg:507: Advection with surface currents
19:41:33 DEBUG   opendrift.models.openberg:569: Grounding condition: Icebergs grounded = 9
19:41:33 DEBUG   opendrift:1680: Horizontal diffusivity is 0, no random walk.
19:41:33 DEBUG   opendrift:904: to be seeded: 250, already seeded 10
19:41:33 DEBUG   opendrift:926: Released 0 new elements.
19:41:33 DEBUG   opendrift:2135: ======================================================================
19:41:33 INFO    opendrift:2136: 2025-09-24 18:00:00 - step 19 of 1872 - 10 active elements (0 deactivated)
19:41:33 DEBUG   opendrift:2142: 250 elements scheduled.
19:41:33 DEBUG   opendrift:2144: ======================================================================
19:41:33 DEBUG   opendrift:2155: 		74.99825286865234 <- latitude -> 75.18150953789817
19:41:33 DEBUG   opendrift:2155: 		-58.21524683840327 <- longitude -> -58.09977340698242
19:41:33 DEBUG   opendrift:2153: 		z = 0.0
19:41:33 DEBUG   opendrift:2156: ---------------------------------
19:41:33 DEBUG   opendrift.models.basemodel.environment:599: ----------------------------------------
19:41:33 DEBUG   opendrift.models.basemodel.environment:600: Variable group ['sea_floor_depth_below_sea_level', 'sea_water_temperature', 'x_sea_water_velocity', 'y_sea_water_velocity', 'sea_surface_height', 'sea_ice_thickness', 'sea_ice_area_fraction', 'sea_ice_x_velocity', 'sea_ice_y_velocity']
19:41:33 DEBUG   opendrift.models.basemodel.environment:601: ----------------------------------------
19:41:33 DEBUG   opendrift.models.basemodel.environment:605: Calling reader Ensemble reader
19:41:33 DEBUG   opendrift.models.basemodel.environment:606: ----------------------------------------
19:41:33 DEBUG   opendrift.models.basemodel.environment:626: Data needed for 10 elements
19:41:33 DEBUG   opendrift.readers.basereader.variables:761: Fetching variables from Ensemble reader covering 10 elements
19:41:33 DEBUG   opendrift.readers.basereader.structured:220: Reader time:
		2025-09-24 12:00:00 (before)
		2025-09-25 12:00:00 (after)
19:41:33 DEBUG   opendrift.readers.basereader.structured:334: Interpolating before (2025-09-24 12:00:00) in space  (linearNDFast)
19:41:33 DEBUG   opendrift.readers.interpolation.structured:97: Initialising interpolator.
19:41:33 DEBUG   opendrift.readers.interpolation.structured:122: Interpolating 10 ensembles for sea_floor_depth_below_sea_level
19:41:33 DEBUG   opendrift.readers.interpolation.structured:122: Interpolating 10 ensembles for sea_water_temperature
19:41:33 DEBUG   opendrift.readers.interpolation.interpolators:115: Converting masked array to numpy array for interpolation
19:41:33 DEBUG   opendrift.readers.interpolation.interpolators:115: Converting masked array to numpy array for interpolation
19:41:33 DEBUG   opendrift.readers.interpolation.interpolators:115: Converting masked array to numpy array for interpolation
19:41:33 DEBUG   opendrift.readers.interpolation.interpolators:115: Converting masked array to numpy array for interpolation
19:41:33 DEBUG   opendrift.readers.interpolation.interpolators:115: Converting masked array to numpy array for interpolation
19:41:33 DEBUG   opendrift.readers.interpolation.interpolators:115: Converting masked array to numpy array for interpolation
19:41:33 DEBUG   opendrift.readers.interpolation.interpolators:115: Converting masked array to numpy array for interpolation
19:41:33 DEBUG   opendrift.readers.interpolation.interpolators:115: Converting masked array to numpy array for interpolation
19:41:33 DEBUG   opendrift.readers.interpolation.interpolators:115: Converting masked array to numpy array for interpolation
19:41:33 DEBUG   opendrift.readers.interpolation.interpolators:115: Converting masked array to numpy array for interpolation
19:41:33 DEBUG   opendrift.readers.interpolation.interpolators:115: Converting masked array to numpy array for interpolation
19:41:33 DEBUG   opendrift.readers.interpolation.interpolators:115: Converting masked array to numpy array for interpolation
19:41:33 DEBUG   opendrift.readers.interpolation.interpolators:115: Converting masked array to numpy array for interpolation
19:41:33 DEBUG   opendrift.readers.interpolation.interpolators:115: Converting masked array to numpy array for interpolation
19:41:33 DEBUG   opendrift.readers.interpolation.interpolators:115: Converting masked array to numpy array for interpolation
19:41:33 DEBUG   opendrift.readers.interpolation.interpolators:115: Converting masked array to numpy array for interpolation
19:41:33 DEBUG   opendrift.readers.interpolation.interpolators:115: Converting masked array to numpy array for interpolation
19:41:33 DEBUG   opendrift.readers.interpolation.interpolators:115: Converting masked array to numpy array for interpolation
19:41:33 DEBUG   opendrift.readers.interpolation.interpolators:115: Converting masked array to numpy array for interpolation
19:41:33 DEBUG   opendrift.readers.interpolation.interpolators:115: Converting masked array to numpy array for interpolation
19:41:33 DEBUG   opendrift.readers.interpolation.structured:122: Interpolating 10 ensembles for x_sea_water_velocity
19:41:33 DEBUG   opendrift.readers.interpolation.structured:122: Interpolating 10 ensembles for y_sea_water_velocity
19:41:33 DEBUG   opendrift.readers.interpolation.structured:122: Interpolating 10 ensembles for sea_surface_height
19:41:33 DEBUG   opendrift.readers.interpolation.interpolators:115: Converting masked array to numpy array for interpolation
19:41:33 DEBUG   opendrift.readers.interpolation.interpolators:115: Converting masked array to numpy array for interpolation
19:41:33 DEBUG   opendrift.readers.interpolation.interpolators:115: Converting masked array to numpy array for interpolation
19:41:33 DEBUG   opendrift.readers.interpolation.interpolators:115: Converting masked array to numpy array for interpolation
19:41:33 DEBUG   opendrift.readers.interpolation.interpolators:115: Converting masked array to numpy array for interpolation
19:41:33 DEBUG   opendrift.readers.interpolation.interpolators:115: Converting masked array to numpy array for interpolation
19:41:33 DEBUG   opendrift.readers.interpolation.interpolators:115: Converting masked array to numpy array for interpolation
19:41:33 DEBUG   opendrift.readers.interpolation.interpolators:115: Converting masked array to numpy array for interpolation
19:41:33 DEBUG   opendrift.readers.interpolation.interpolators:115: Converting masked array to numpy array for interpolation
19:41:33 DEBUG   opendrift.readers.interpolation.interpolators:115: Converting masked array to numpy array for interpolation
19:41:33 DEBUG   opendrift.readers.interpolation.structured:122: Interpolating 10 ensembles for sea_ice_thickness
19:41:33 DEBUG   opendrift.readers.interpolation.interpolators:115: Converting masked array to numpy array for interpolation
19:41:33 DEBUG   opendrift.readers.interpolation.interpolators:115: Converting masked array to numpy array for interpolation
19:41:33 DEBUG   opendrift.readers.interpolation.interpolators:115: Converting masked array to numpy array for interpolation
19:41:33 DEBUG   opendrift.readers.interpolation.interpolators:115: Converting masked array to numpy array for interpolation
19:41:33 DEBUG   opendrift.readers.interpolation.interpolators:115: Converting masked array to numpy array for interpolation
19:41:33 DEBUG   opendrift.readers.interpolation.interpolators:115: Converting masked array to numpy array for interpolation
19:41:33 DEBUG   opendrift.readers.interpolation.interpolators:115: Converting masked array to numpy array for interpolation
19:41:33 DEBUG   opendrift.readers.interpolation.interpolators:115: Converting masked array to numpy array for interpolation
19:41:33 DEBUG   opendrift.readers.interpolation.interpolators:115: Converting masked array to numpy array for interpolation
19:41:33 DEBUG   opendrift.readers.interpolation.interpolators:115: Converting masked array to numpy array for interpolation
19:41:33 DEBUG   opendrift.readers.interpolation.structured:122: Interpolating 10 ensembles for sea_ice_area_fraction
19:41:33 DEBUG   opendrift.readers.interpolation.interpolators:115: Converting masked array to numpy array for interpolation
19:41:33 DEBUG   opendrift.readers.interpolation.interpolators:115: Converting masked array to numpy array for interpolation
19:41:33 DEBUG   opendrift.readers.interpolation.interpolators:115: Converting masked array to numpy array for interpolation
19:41:33 DEBUG   opendrift.readers.interpolation.interpolators:115: Converting masked array to numpy array for interpolation
19:41:33 DEBUG   opendrift.readers.interpolation.interpolators:115: Converting masked array to numpy array for interpolation
19:41:33 DEBUG   opendrift.readers.interpolation.interpolators:115: Converting masked array to numpy array for interpolation
19:41:33 DEBUG   opendrift.readers.interpolation.interpolators:115: Converting masked array to numpy array for interpolation
19:41:33 DEBUG   opendrift.readers.interpolation.interpolators:115: Converting masked array to numpy array for interpolation
19:41:33 DEBUG   opendrift.readers.interpolation.interpolators:115: Converting masked array to numpy array for interpolation
19:41:33 DEBUG   opendrift.readers.interpolation.interpolators:115: Converting masked array to numpy array for interpolation
19:41:33 DEBUG   opendrift.readers.interpolation.structured:122: Interpolating 10 ensembles for sea_ice_x_velocity
19:41:33 DEBUG   opendrift.readers.interpolation.interpolators:115: Converting masked array to numpy array for interpolation
19:41:33 DEBUG   opendrift.readers.interpolation.interpolators:115: Converting masked array to numpy array for interpolation
19:41:33 DEBUG   opendrift.readers.interpolation.interpolators:115: Converting masked array to numpy array for interpolation
19:41:33 DEBUG   opendrift.readers.interpolation.interpolators:115: Converting masked array to numpy array for interpolation
19:41:33 DEBUG   opendrift.readers.interpolation.interpolators:115: Converting masked array to numpy array for interpolation
19:41:33 DEBUG   opendrift.readers.interpolation.interpolators:115: Converting masked array to numpy array for interpolation
19:41:33 DEBUG   opendrift.readers.interpolation.interpolators:115: Converting masked array to numpy array for interpolation
19:41:33 DEBUG   opendrift.readers.interpolation.interpolators:115: Converting masked array to numpy array for interpolation
19:41:33 DEBUG   opendrift.readers.interpolation.interpolators:115: Converting masked array to numpy array for interpolation
19:41:33 DEBUG   opendrift.readers.interpolation.interpolators:115: Converting masked array to numpy array for interpolation
19:41:33 DEBUG   opendrift.readers.interpolation.structured:122: Interpolating 10 ensembles for sea_ice_y_velocity
19:41:33 DEBUG   opendrift.readers.interpolation.interpolators:115: Converting masked array to numpy array for interpolation
19:41:33 DEBUG   opendrift.readers.interpolation.interpolators:115: Converting masked array to numpy array for interpolation
19:41:33 DEBUG   opendrift.readers.interpolation.interpolators:115: Converting masked array to numpy array for interpolation
19:41:33 DEBUG   opendrift.readers.interpolation.interpolators:115: Converting masked array to numpy array for interpolation
19:41:33 DEBUG   opendrift.readers.interpolation.interpolators:115: Converting masked array to numpy array for interpolation
19:41:33 DEBUG   opendrift.readers.interpolation.interpolators:115: Converting masked array to numpy array for interpolation
19:41:33 DEBUG   opendrift.readers.interpolation.interpolators:115: Converting masked array to numpy array for interpolation
19:41:33 DEBUG   opendrift.readers.interpolation.interpolators:115: Converting masked array to numpy array for interpolation
19:41:33 DEBUG   opendrift.readers.interpolation.interpolators:115: Converting masked array to numpy array for interpolation
19:41:33 DEBUG   opendrift.readers.interpolation.interpolators:115: Converting masked array to numpy array for interpolation
19:41:33 DEBUG   opendrift.readers.basereader.structured:340: Interpolating after (2025-09-25 12:00:00) in space  (linearNDFast)
19:41:33 DEBUG   opendrift.readers.interpolation.structured:97: Initialising interpolator.
19:41:33 DEBUG   opendrift.readers.interpolation.structured:122: Interpolating 10 ensembles for sea_floor_depth_below_sea_level
19:41:33 DEBUG   opendrift.readers.interpolation.structured:122: Interpolating 10 ensembles for sea_water_temperature
19:41:33 DEBUG   opendrift.readers.interpolation.interpolators:115: Converting masked array to numpy array for interpolation
19:41:33 DEBUG   opendrift.readers.interpolation.interpolators:115: Converting masked array to numpy array for interpolation
19:41:33 DEBUG   opendrift.readers.interpolation.interpolators:115: Converting masked array to numpy array for interpolation
19:41:33 DEBUG   opendrift.readers.interpolation.interpolators:115: Converting masked array to numpy array for interpolation
19:41:33 DEBUG   opendrift.readers.interpolation.interpolators:115: Converting masked array to numpy array for interpolation
19:41:33 DEBUG   opendrift.readers.interpolation.interpolators:115: Converting masked array to numpy array for interpolation
19:41:33 DEBUG   opendrift.readers.interpolation.interpolators:115: Converting masked array to numpy array for interpolation
19:41:33 DEBUG   opendrift.readers.interpolation.interpolators:115: Converting masked array to numpy array for interpolation
19:41:33 DEBUG   opendrift.readers.interpolation.interpolators:115: Converting masked array to numpy array for interpolation
19:41:33 DEBUG   opendrift.readers.interpolation.interpolators:115: Converting masked array to numpy array for interpolation
19:41:33 DEBUG   opendrift.readers.interpolation.interpolators:115: Converting masked array to numpy array for interpolation
19:41:33 DEBUG   opendrift.readers.interpolation.interpolators:115: Converting masked array to numpy array for interpolation
19:41:33 DEBUG   opendrift.readers.interpolation.interpolators:115: Converting masked array to numpy array for interpolation
19:41:33 DEBUG   opendrift.readers.interpolation.interpolators:115: Converting masked array to numpy array for interpolation
19:41:33 DEBUG   opendrift.readers.interpolation.interpolators:115: Converting masked array to numpy array for interpolation
19:41:33 DEBUG   opendrift.readers.interpolation.interpolators:115: Converting masked array to numpy array for interpolation
19:41:33 DEBUG   opendrift.readers.interpolation.interpolators:115: Converting masked array to numpy array for interpolation
19:41:33 DEBUG   opendrift.readers.interpolation.interpolators:115: Converting masked array to numpy array for interpolation
19:41:33 DEBUG   opendrift.readers.interpolation.interpolators:115: Converting masked array to numpy array for interpolation
19:41:33 DEBUG   opendrift.readers.interpolation.interpolators:115: Converting masked array to numpy array for interpolation
19:41:33 DEBUG   opendrift.readers.interpolation.structured:122: Interpolating 10 ensembles for x_sea_water_velocity
19:41:33 DEBUG   opendrift.readers.interpolation.structured:122: Interpolating 10 ensembles for y_sea_water_velocity
19:41:33 DEBUG   opendrift.readers.interpolation.structured:122: Interpolating 10 ensembles for sea_surface_height
19:41:33 DEBUG   opendrift.readers.interpolation.interpolators:115: Converting masked array to numpy array for interpolation
19:41:33 DEBUG   opendrift.readers.interpolation.interpolators:115: Converting masked array to numpy array for interpolation
19:41:33 DEBUG   opendrift.readers.interpolation.interpolators:115: Converting masked array to numpy array for interpolation
19:41:33 DEBUG   opendrift.readers.interpolation.interpolators:115: Converting masked array to numpy array for interpolation
19:41:33 DEBUG   opendrift.readers.interpolation.interpolators:115: Converting masked array to numpy array for interpolation
19:41:33 DEBUG   opendrift.readers.interpolation.interpolators:115: Converting masked array to numpy array for interpolation
19:41:33 DEBUG   opendrift.readers.interpolation.interpolators:115: Converting masked array to numpy array for interpolation
19:41:33 DEBUG   opendrift.readers.interpolation.interpolators:115: Converting masked array to numpy array for interpolation
19:41:33 DEBUG   opendrift.readers.interpolation.interpolators:115: Converting masked array to numpy array for interpolation
19:41:33 DEBUG   opendrift.readers.interpolation.interpolators:115: Converting masked array to numpy array for interpolation
19:41:33 DEBUG   opendrift.readers.interpolation.structured:122: Interpolating 10 ensembles for sea_ice_thickness
19:41:33 DEBUG   opendrift.readers.interpolation.interpolators:115: Converting masked array to numpy array for interpolation
19:41:33 DEBUG   opendrift.readers.interpolation.interpolators:115: Converting masked array to numpy array for interpolation
19:41:33 DEBUG   opendrift.readers.interpolation.interpolators:115: Converting masked array to numpy array for interpolation
19:41:33 DEBUG   opendrift.readers.interpolation.interpolators:115: Converting masked array to numpy array for interpolation
19:41:33 DEBUG   opendrift.readers.interpolation.interpolators:115: Converting masked array to numpy array for interpolation
19:41:33 DEBUG   opendrift.readers.interpolation.interpolators:115: Converting masked array to numpy array for interpolation
19:41:33 DEBUG   opendrift.readers.interpolation.interpolators:115: Converting masked array to numpy array for interpolation
19:41:33 DEBUG   opendrift.readers.interpolation.interpolators:115: Converting masked array to numpy array for interpolation
19:41:33 DEBUG   opendrift.readers.interpolation.interpolators:115: Converting masked array to numpy array for interpolation
19:41:33 DEBUG   opendrift.readers.interpolation.interpolators:115: Converting masked array to numpy array for interpolation
19:41:33 DEBUG   opendrift.readers.interpolation.structured:122: Interpolating 10 ensembles for sea_ice_area_fraction
19:41:33 DEBUG   opendrift.readers.interpolation.interpolators:115: Converting masked array to numpy array for interpolation
19:41:33 DEBUG   opendrift.readers.interpolation.interpolators:115: Converting masked array to numpy array for interpolation
19:41:33 DEBUG   opendrift.readers.interpolation.interpolators:115: Converting masked array to numpy array for interpolation
19:41:33 DEBUG   opendrift.readers.interpolation.interpolators:115: Converting masked array to numpy array for interpolation
19:41:33 DEBUG   opendrift.readers.interpolation.interpolators:115: Converting masked array to numpy array for interpolation
19:41:33 DEBUG   opendrift.readers.interpolation.interpolators:115: Converting masked array to numpy array for interpolation
19:41:33 DEBUG   opendrift.readers.interpolation.interpolators:115: Converting masked array to numpy array for interpolation
19:41:33 DEBUG   opendrift.readers.interpolation.interpolators:115: Converting masked array to numpy array for interpolation
19:41:33 DEBUG   opendrift.readers.interpolation.interpolators:115: Converting masked array to numpy array for interpolation
19:41:33 DEBUG   opendrift.readers.interpolation.interpolators:115: Converting masked array to numpy array for interpolation
19:41:33 DEBUG   opendrift.readers.interpolation.structured:122: Interpolating 10 ensembles for sea_ice_x_velocity
19:41:33 DEBUG   opendrift.readers.interpolation.interpolators:115: Converting masked array to numpy array for interpolation
19:41:33 DEBUG   opendrift.readers.interpolation.interpolators:115: Converting masked array to numpy array for interpolation
19:41:33 DEBUG   opendrift.readers.interpolation.interpolators:115: Converting masked array to numpy array for interpolation
19:41:33 DEBUG   opendrift.readers.interpolation.interpolators:115: Converting masked array to numpy array for interpolation
19:41:33 DEBUG   opendrift.readers.interpolation.interpolators:115: Converting masked array to numpy array for interpolation
19:41:33 DEBUG   opendrift.readers.interpolation.interpolators:115: Converting masked array to numpy array for interpolation
19:41:33 DEBUG   opendrift.readers.interpolation.interpolators:115: Converting masked array to numpy array for interpolation
19:41:33 DEBUG   opendrift.readers.interpolation.interpolators:115: Converting masked array to numpy array for interpolation
19:41:33 DEBUG   opendrift.readers.interpolation.interpolators:115: Converting masked array to numpy array for interpolation
19:41:33 DEBUG   opendrift.readers.interpolation.interpolators:115: Converting masked array to numpy array for interpolation
19:41:33 DEBUG   opendrift.readers.interpolation.structured:122: Interpolating 10 ensembles for sea_ice_y_velocity
19:41:33 DEBUG   opendrift.readers.interpolation.interpolators:115: Converting masked array to numpy array for interpolation
19:41:33 DEBUG   opendrift.readers.interpolation.interpolators:115: Converting masked array to numpy array for interpolation
19:41:33 DEBUG   opendrift.readers.interpolation.interpolators:115: Converting masked array to numpy array for interpolation
19:41:33 DEBUG   opendrift.readers.interpolation.interpolators:115: Converting masked array to numpy array for interpolation
19:41:33 DEBUG   opendrift.readers.interpolation.interpolators:115: Converting masked array to numpy array for interpolation
19:41:33 DEBUG   opendrift.readers.interpolation.interpolators:115: Converting masked array to numpy array for interpolation
19:41:33 DEBUG   opendrift.readers.interpolation.interpolators:115: Converting masked array to numpy array for interpolation
19:41:33 DEBUG   opendrift.readers.interpolation.interpolators:115: Converting masked array to numpy array for interpolation
19:41:33 DEBUG   opendrift.readers.interpolation.interpolators:115: Converting masked array to numpy array for interpolation
19:41:33 DEBUG   opendrift.readers.interpolation.interpolators:115: Converting masked array to numpy array for interpolation
19:41:33 DEBUG   opendrift.readers.basereader.structured:355: Interpolating before (2025-09-24 12:00:00, weight 0.75) and
		      after (2025-09-25 12:00:00, weight 0.25) in time
19:41:33 DEBUG   opendrift.readers.basereader.structured:368: Interpolating profiles in time
19:41:33 DEBUG   opendrift.readers.basereader.variables:100: Rotating vectors between -13.220869437804458 and -13.10547946101443 degrees.
19:41:33 DEBUG   opendrift.readers.basereader.variables:100: Rotating vectors between -13.220869437804458 and -13.10547946101443 degrees.
19:41:33 DEBUG   opendrift.readers.basereader.variables:100: Rotating vectors between -13.220869437804458 and -13.10547946101443 degrees.
19:41:33 DEBUG   opendrift.models.basemodel.environment:762: Obtained data for all elements.
19:41:33 DEBUG   opendrift.models.basemodel.environment:599: ----------------------------------------
19:41:33 DEBUG   opendrift.models.basemodel.environment:600: Variable group ['land_binary_mask']
19:41:33 DEBUG   opendrift.models.basemodel.environment:601: ----------------------------------------
19:41:33 DEBUG   opendrift.models.basemodel.environment:605: Calling reader global_landmask
19:41:33 DEBUG   opendrift.models.basemodel.environment:606: ----------------------------------------
19:41:33 DEBUG   opendrift.models.basemodel.environment:626: Data needed for 10 elements
19:41:33 DEBUG   opendrift.readers.basereader.variables:761: Fetching variables from global_landmask covering 10 elements
19:41:33 DEBUG   opendrift.readers.basereader.continuous:37: Fetched env-before
19:41:33 DEBUG   opendrift.readers.basereader.variables:639: Checking land_binary_mask for invalid values
19:41:33 DEBUG   opendrift.readers.basereader.variables:797: Reader projection is latlon - rotation of vectors is not needed.
19:41:33 DEBUG   opendrift.models.basemodel.environment:762: Obtained data for all elements.
19:41:33 DEBUG   opendrift.models.basemodel.environment:599: ----------------------------------------
19:41:33 DEBUG   opendrift.models.basemodel.environment:600: Variable group ['x_wind', 'y_wind']
19:41:33 DEBUG   opendrift.models.basemodel.environment:601: ----------------------------------------
19:41:33 DEBUG   opendrift.models.basemodel.environment:605: Calling reader cmems_obs-wind_glo_phy_nrt_l4_0.125deg_PT1H
19:41:33 DEBUG   opendrift.models.basemodel.environment:606: ----------------------------------------
19:41:33 DEBUG   opendrift.models.basemodel.environment:626: Data needed for 10 elements
19:41:33 DEBUG   opendrift.readers.basereader.variables:761: Fetching variables from cmems_obs-wind_glo_phy_nrt_l4_0.125deg_PT1H covering 10 elements
19:41:33 DEBUG   opendrift.readers.basereader.structured:208: Shifting coordinates to -180-180
19:41:33 DEBUG   opendrift.readers.basereader.structured:220: Reader time:
		2025-09-24 18:00:00 (before)
		2025-09-24 19:00:00 (after)
19:41:33 DEBUG   opendrift.readers.reader_netCDF_CF_generic:470: Using eastward_wind to retrieve x_wind
19:41:33 DEBUG   opendrift.readers.reader_netCDF_CF_generic:470: Using northward_wind to retrieve y_wind
19:41:33 DEBUG   opendrift.readers.reader_netCDF_CF_generic:592: North is up, no rotation necessary
19:41:33 DEBUG   opendrift.readers.basereader.variables:639: Checking x_wind for invalid values
19:41:33 DEBUG   opendrift.readers.basereader.variables:639: Checking y_wind for invalid values
19:41:33 DEBUG   opendrift.readers.basereader.structured:290: Fetched env-block (size 8x7x1) for time before (2025-09-24 18:00:00)
19:41:33 DEBUG   opendrift.readers.basereader.structured:334: Interpolating before (2025-09-24 18:00:00) in space  (linearNDFast)
19:41:33 DEBUG   opendrift.readers.interpolation.structured:97: Initialising interpolator.
19:41:33 DEBUG   opendrift.readers.basereader.structured:388: No time interpolation needed - right on time.
19:41:33 DEBUG   opendrift.readers.basereader.variables:797: Reader projection is latlon - rotation of vectors is not needed.
19:41:33 DEBUG   opendrift.models.basemodel.environment:762: Obtained data for all elements.
19:41:33 DEBUG   opendrift.models.basemodel.environment:775: ---------------------------------------
19:41:33 DEBUG   opendrift.models.basemodel.environment:776: Finished processing all variable groups
19:41:33 DEBUG   opendrift.models.basemodel.environment:812:       Using fallback value 0 for x_sea_water_velocity for 0 profiles
19:41:33 DEBUG   opendrift.models.basemodel.environment:812:       Using fallback value 0 for y_sea_water_velocity for 0 profiles
19:41:33 DEBUG   opendrift.models.basemodel.environment:812:       Using fallback value 2 for sea_water_temperature for 0 profiles
19:41:33 DEBUG   opendrift.models.basemodel.environment:801:       Using fallback value 35 for sea_water_salinity for all profiles
19:41:33 DEBUG   opendrift.models.basemodel.environment:898: ------------ SUMMARY -------------
19:41:33 DEBUG   opendrift.models.basemodel.environment:900:     x_sea_water_velocity: -0.0269764 (min) 0.017116 (max)
19:41:33 DEBUG   opendrift.models.basemodel.environment:900:     y_sea_water_velocity: 0.0898452 (min) 0.240731 (max)
19:41:33 DEBUG   opendrift.models.basemodel.environment:900:     sea_floor_depth_below_sea_level: 28.3093 (min) 63.5334 (max)
19:41:33 DEBUG   opendrift.models.basemodel.environment:900:     sea_surface_height: -0.399858 (min) -0.371363 (max)
19:41:33 DEBUG   opendrift.models.basemodel.environment:900:     sea_surface_x_slope: 0 (min) 0 (max)
19:41:33 DEBUG   opendrift.models.basemodel.environment:900:     sea_surface_y_slope: 0 (min) 0 (max)
19:41:33 DEBUG   opendrift.models.basemodel.environment:900:     x_wind: -6.94815 (min) -5.3225 (max)
19:41:33 DEBUG   opendrift.models.basemodel.environment:900:     y_wind: 9.6548 (min) 10.2519 (max)
19:41:33 DEBUG   opendrift.models.basemodel.environment:900:     horizontal_diffusivity: 0 (min) 0 (max)
19:41:33 DEBUG   opendrift.models.basemodel.environment:900:     sea_surface_wave_significant_height: 0 (min) 0 (max)
19:41:33 DEBUG   opendrift.models.basemodel.environment:900:     sea_surface_wave_from_direction: 0 (min) 0 (max)
19:41:33 DEBUG   opendrift.models.basemodel.environment:900:     sea_surface_wave_stokes_drift_x_velocity: 0 (min) 0 (max)
19:41:33 DEBUG   opendrift.models.basemodel.environment:900:     sea_surface_wave_stokes_drift_y_velocity: 0 (min) 0 (max)
19:41:33 DEBUG   opendrift.models.basemodel.environment:900:     sea_water_temperature: 2.06472 (min) 2.5326 (max)
19:41:33 DEBUG   opendrift.models.basemodel.environment:900:     sea_water_salinity: 35 (min) 35 (max)
19:41:33 DEBUG   opendrift.models.basemodel.environment:900:     sea_ice_area_fraction: 0 (min) 0 (max)
19:41:33 DEBUG   opendrift.models.basemodel.environment:900:     sea_ice_thickness: 0 (min) 0 (max)
19:41:33 DEBUG   opendrift.models.basemodel.environment:900:     sea_ice_x_velocity: 0 (min) 0 (max)
19:41:33 DEBUG   opendrift.models.basemodel.environment:900:     sea_ice_y_velocity: 0 (min) 0 (max)
19:41:33 DEBUG   opendrift.models.basemodel.environment:900:     land_binary_mask: 0 (min) 0 (max)
19:41:33 DEBUG   opendrift.models.basemodel.environment:902: ---------------------------------
19:41:33 DEBUG   opendrift.models.physics_methods:823: Calculating Hs from wind, min: 3.159211, mean: 3.256789, max: 3.480703
19:41:33 WARNING opendrift.models.physics_methods:832: Setting wave direction equal to wind direction, min: -35.740948, mean: -29.279821, max: -27.542824
19:41:33 DEBUG   opendrift:689: No elements hit coastline.
19:41:33 DEBUG   opendrift:760: No elements hit seafloor.
19:41:33 DEBUG   opendrift:1732: No elements to deactivate
19:41:33 DEBUG   opendrift:2193: Calling OpenBerg.update()
19:41:33 DEBUG   opendrift.models.openberg:507: Advection with surface currents
19:41:33 DEBUG   opendrift.models.openberg:569: Grounding condition: Icebergs grounded = 9
19:41:33 DEBUG   opendrift:1680: Horizontal diffusivity is 0, no random walk.
19:41:33 DEBUG   opendrift:904: to be seeded: 250, already seeded 10
19:41:33 DEBUG   opendrift:926: Released 0 new elements.
19:41:33 DEBUG   opendrift:2135: ======================================================================
19:41:33 INFO    opendrift:2136: 2025-09-24 19:00:00 - step 20 of 1872 - 10 active elements (0 deactivated)
19:41:33 DEBUG   opendrift:2142: 250 elements scheduled.
19:41:33 DEBUG   opendrift:2144: ======================================================================
19:41:33 DEBUG   opendrift:2155: 		74.99825286865234 <- latitude -> 75.19128337705588
19:41:33 DEBUG   opendrift:2155: 		-58.22563941183261 <- longitude -> -58.09977340698242
19:41:33 DEBUG   opendrift:2153: 		z = 0.0
19:41:33 DEBUG   opendrift:2156: ---------------------------------
19:41:33 DEBUG   opendrift.models.basemodel.environment:599: ----------------------------------------
19:41:33 DEBUG   opendrift.models.basemodel.environment:600: Variable group ['sea_floor_depth_below_sea_level', 'sea_water_temperature', 'x_sea_water_velocity', 'y_sea_water_velocity', 'sea_surface_height', 'sea_ice_thickness', 'sea_ice_area_fraction', 'sea_ice_x_velocity', 'sea_ice_y_velocity']
19:41:33 DEBUG   opendrift.models.basemodel.environment:601: ----------------------------------------
19:41:33 DEBUG   opendrift.models.basemodel.environment:605: Calling reader Ensemble reader
19:41:33 DEBUG   opendrift.models.basemodel.environment:606: ----------------------------------------
19:41:33 DEBUG   opendrift.models.basemodel.environment:626: Data needed for 10 elements
19:41:33 DEBUG   opendrift.readers.basereader.variables:761: Fetching variables from Ensemble reader covering 10 elements
19:41:33 DEBUG   opendrift.readers.basereader.structured:220: Reader time:
		2025-09-24 12:00:00 (before)
		2025-09-25 12:00:00 (after)
19:41:33 DEBUG   opendrift.readers.basereader.structured:334: Interpolating before (2025-09-24 12:00:00) in space  (linearNDFast)
19:41:33 DEBUG   opendrift.readers.interpolation.structured:97: Initialising interpolator.
19:41:33 DEBUG   opendrift.readers.interpolation.structured:122: Interpolating 10 ensembles for sea_floor_depth_below_sea_level
19:41:33 DEBUG   opendrift.readers.interpolation.structured:122: Interpolating 10 ensembles for sea_water_temperature
19:41:33 DEBUG   opendrift.readers.interpolation.interpolators:115: Converting masked array to numpy array for interpolation
19:41:33 DEBUG   opendrift.readers.interpolation.interpolators:115: Converting masked array to numpy array for interpolation
19:41:33 DEBUG   opendrift.readers.interpolation.interpolators:115: Converting masked array to numpy array for interpolation
19:41:33 DEBUG   opendrift.readers.interpolation.interpolators:115: Converting masked array to numpy array for interpolation
19:41:33 DEBUG   opendrift.readers.interpolation.interpolators:115: Converting masked array to numpy array for interpolation
19:41:33 DEBUG   opendrift.readers.interpolation.interpolators:115: Converting masked array to numpy array for interpolation
19:41:33 DEBUG   opendrift.readers.interpolation.interpolators:115: Converting masked array to numpy array for interpolation
19:41:33 DEBUG   opendrift.readers.interpolation.interpolators:115: Converting masked array to numpy array for interpolation
19:41:33 DEBUG   opendrift.readers.interpolation.interpolators:115: Converting masked array to numpy array for interpolation
19:41:33 DEBUG   opendrift.readers.interpolation.interpolators:115: Converting masked array to numpy array for interpolation
19:41:33 DEBUG   opendrift.readers.interpolation.interpolators:115: Converting masked array to numpy array for interpolation
19:41:33 DEBUG   opendrift.readers.interpolation.interpolators:115: Converting masked array to numpy array for interpolation
19:41:33 DEBUG   opendrift.readers.interpolation.interpolators:115: Converting masked array to numpy array for interpolation
19:41:33 DEBUG   opendrift.readers.interpolation.interpolators:115: Converting masked array to numpy array for interpolation
19:41:33 DEBUG   opendrift.readers.interpolation.interpolators:115: Converting masked array to numpy array for interpolation
19:41:33 DEBUG   opendrift.readers.interpolation.interpolators:115: Converting masked array to numpy array for interpolation
19:41:33 DEBUG   opendrift.readers.interpolation.interpolators:115: Converting masked array to numpy array for interpolation
19:41:33 DEBUG   opendrift.readers.interpolation.interpolators:115: Converting masked array to numpy array for interpolation
19:41:33 DEBUG   opendrift.readers.interpolation.interpolators:115: Converting masked array to numpy array for interpolation
19:41:33 DEBUG   opendrift.readers.interpolation.interpolators:115: Converting masked array to numpy array for interpolation
19:41:33 DEBUG   opendrift.readers.interpolation.structured:122: Interpolating 10 ensembles for x_sea_water_velocity
19:41:33 DEBUG   opendrift.readers.interpolation.structured:122: Interpolating 10 ensembles for y_sea_water_velocity
19:41:33 DEBUG   opendrift.readers.interpolation.structured:122: Interpolating 10 ensembles for sea_surface_height
19:41:33 DEBUG   opendrift.readers.interpolation.interpolators:115: Converting masked array to numpy array for interpolation
19:41:33 DEBUG   opendrift.readers.interpolation.interpolators:115: Converting masked array to numpy array for interpolation
19:41:33 DEBUG   opendrift.readers.interpolation.interpolators:115: Converting masked array to numpy array for interpolation
19:41:33 DEBUG   opendrift.readers.interpolation.interpolators:115: Converting masked array to numpy array for interpolation
19:41:33 DEBUG   opendrift.readers.interpolation.interpolators:115: Converting masked array to numpy array for interpolation
19:41:33 DEBUG   opendrift.readers.interpolation.interpolators:115: Converting masked array to numpy array for interpolation
19:41:33 DEBUG   opendrift.readers.interpolation.interpolators:115: Converting masked array to numpy array for interpolation
19:41:33 DEBUG   opendrift.readers.interpolation.interpolators:115: Converting masked array to numpy array for interpolation
19:41:33 DEBUG   opendrift.readers.interpolation.interpolators:115: Converting masked array to numpy array for interpolation
19:41:33 DEBUG   opendrift.readers.interpolation.interpolators:115: Converting masked array to numpy array for interpolation
19:41:33 DEBUG   opendrift.readers.interpolation.structured:122: Interpolating 10 ensembles for sea_ice_thickness
19:41:33 DEBUG   opendrift.readers.interpolation.interpolators:115: Converting masked array to numpy array for interpolation
19:41:33 DEBUG   opendrift.readers.interpolation.interpolators:115: Converting masked array to numpy array for interpolation
19:41:33 DEBUG   opendrift.readers.interpolation.interpolators:115: Converting masked array to numpy array for interpolation
19:41:33 DEBUG   opendrift.readers.interpolation.interpolators:115: Converting masked array to numpy array for interpolation
19:41:33 DEBUG   opendrift.readers.interpolation.interpolators:115: Converting masked array to numpy array for interpolation
19:41:33 DEBUG   opendrift.readers.interpolation.interpolators:115: Converting masked array to numpy array for interpolation
19:41:33 DEBUG   opendrift.readers.interpolation.interpolators:115: Converting masked array to numpy array for interpolation
19:41:33 DEBUG   opendrift.readers.interpolation.interpolators:115: Converting masked array to numpy array for interpolation
19:41:33 DEBUG   opendrift.readers.interpolation.interpolators:115: Converting masked array to numpy array for interpolation
19:41:33 DEBUG   opendrift.readers.interpolation.interpolators:115: Converting masked array to numpy array for interpolation
19:41:33 DEBUG   opendrift.readers.interpolation.structured:122: Interpolating 10 ensembles for sea_ice_area_fraction
19:41:33 DEBUG   opendrift.readers.interpolation.interpolators:115: Converting masked array to numpy array for interpolation
19:41:33 DEBUG   opendrift.readers.interpolation.interpolators:115: Converting masked array to numpy array for interpolation
19:41:33 DEBUG   opendrift.readers.interpolation.interpolators:115: Converting masked array to numpy array for interpolation
19:41:33 DEBUG   opendrift.readers.interpolation.interpolators:115: Converting masked array to numpy array for interpolation
19:41:33 DEBUG   opendrift.readers.interpolation.interpolators:115: Converting masked array to numpy array for interpolation
19:41:33 DEBUG   opendrift.readers.interpolation.interpolators:115: Converting masked array to numpy array for interpolation
19:41:33 DEBUG   opendrift.readers.interpolation.interpolators:115: Converting masked array to numpy array for interpolation
19:41:33 DEBUG   opendrift.readers.interpolation.interpolators:115: Converting masked array to numpy array for interpolation
19:41:33 DEBUG   opendrift.readers.interpolation.interpolators:115: Converting masked array to numpy array for interpolation
19:41:33 DEBUG   opendrift.readers.interpolation.interpolators:115: Converting masked array to numpy array for interpolation
19:41:33 DEBUG   opendrift.readers.interpolation.structured:122: Interpolating 10 ensembles for sea_ice_x_velocity
19:41:33 DEBUG   opendrift.readers.interpolation.interpolators:115: Converting masked array to numpy array for interpolation
19:41:33 DEBUG   opendrift.readers.interpolation.interpolators:115: Converting masked array to numpy array for interpolation
19:41:33 DEBUG   opendrift.readers.interpolation.interpolators:115: Converting masked array to numpy array for interpolation
19:41:33 DEBUG   opendrift.readers.interpolation.interpolators:115: Converting masked array to numpy array for interpolation
19:41:33 DEBUG   opendrift.readers.interpolation.interpolators:115: Converting masked array to numpy array for interpolation
19:41:33 DEBUG   opendrift.readers.interpolation.interpolators:115: Converting masked array to numpy array for interpolation
19:41:33 DEBUG   opendrift.readers.interpolation.interpolators:115: Converting masked array to numpy array for interpolation
19:41:33 DEBUG   opendrift.readers.interpolation.interpolators:115: Converting masked array to numpy array for interpolation
19:41:33 DEBUG   opendrift.readers.interpolation.interpolators:115: Converting masked array to numpy array for interpolation
19:41:33 DEBUG   opendrift.readers.interpolation.interpolators:115: Converting masked array to numpy array for interpolation
19:41:33 DEBUG   opendrift.readers.interpolation.structured:122: Interpolating 10 ensembles for sea_ice_y_velocity
19:41:33 DEBUG   opendrift.readers.interpolation.interpolators:115: Converting masked array to numpy array for interpolation
19:41:33 DEBUG   opendrift.readers.interpolation.interpolators:115: Converting masked array to numpy array for interpolation
19:41:33 DEBUG   opendrift.readers.interpolation.interpolators:115: Converting masked array to numpy array for interpolation
19:41:33 DEBUG   opendrift.readers.interpolation.interpolators:115: Converting masked array to numpy array for interpolation
19:41:33 DEBUG   opendrift.readers.interpolation.interpolators:115: Converting masked array to numpy array for interpolation
19:41:33 DEBUG   opendrift.readers.interpolation.interpolators:115: Converting masked array to numpy array for interpolation
19:41:33 DEBUG   opendrift.readers.interpolation.interpolators:115: Converting masked array to numpy array for interpolation
19:41:33 DEBUG   opendrift.readers.interpolation.interpolators:115: Converting masked array to numpy array for interpolation
19:41:33 DEBUG   opendrift.readers.interpolation.interpolators:115: Converting masked array to numpy array for interpolation
19:41:33 DEBUG   opendrift.readers.interpolation.interpolators:115: Converting masked array to numpy array for interpolation
19:41:33 DEBUG   opendrift.readers.basereader.structured:340: Interpolating after (2025-09-25 12:00:00) in space  (linearNDFast)
19:41:33 DEBUG   opendrift.readers.interpolation.structured:97: Initialising interpolator.
19:41:33 DEBUG   opendrift.readers.interpolation.structured:122: Interpolating 10 ensembles for sea_floor_depth_below_sea_level
19:41:33 DEBUG   opendrift.readers.interpolation.structured:122: Interpolating 10 ensembles for sea_water_temperature
19:41:33 DEBUG   opendrift.readers.interpolation.interpolators:115: Converting masked array to numpy array for interpolation
19:41:33 DEBUG   opendrift.readers.interpolation.interpolators:115: Converting masked array to numpy array for interpolation
19:41:33 DEBUG   opendrift.readers.interpolation.interpolators:115: Converting masked array to numpy array for interpolation
19:41:33 DEBUG   opendrift.readers.interpolation.interpolators:115: Converting masked array to numpy array for interpolation
19:41:33 DEBUG   opendrift.readers.interpolation.interpolators:115: Converting masked array to numpy array for interpolation
19:41:33 DEBUG   opendrift.readers.interpolation.interpolators:115: Converting masked array to numpy array for interpolation
19:41:33 DEBUG   opendrift.readers.interpolation.interpolators:115: Converting masked array to numpy array for interpolation
19:41:33 DEBUG   opendrift.readers.interpolation.interpolators:115: Converting masked array to numpy array for interpolation
19:41:33 DEBUG   opendrift.readers.interpolation.interpolators:115: Converting masked array to numpy array for interpolation
19:41:33 DEBUG   opendrift.readers.interpolation.interpolators:115: Converting masked array to numpy array for interpolation
19:41:33 DEBUG   opendrift.readers.interpolation.interpolators:115: Converting masked array to numpy array for interpolation
19:41:33 DEBUG   opendrift.readers.interpolation.interpolators:115: Converting masked array to numpy array for interpolation
19:41:33 DEBUG   opendrift.readers.interpolation.interpolators:115: Converting masked array to numpy array for interpolation
19:41:33 DEBUG   opendrift.readers.interpolation.interpolators:115: Converting masked array to numpy array for interpolation
19:41:33 DEBUG   opendrift.readers.interpolation.interpolators:115: Converting masked array to numpy array for interpolation
19:41:33 DEBUG   opendrift.readers.interpolation.interpolators:115: Converting masked array to numpy array for interpolation
19:41:33 DEBUG   opendrift.readers.interpolation.interpolators:115: Converting masked array to numpy array for interpolation
19:41:33 DEBUG   opendrift.readers.interpolation.interpolators:115: Converting masked array to numpy array for interpolation
19:41:33 DEBUG   opendrift.readers.interpolation.interpolators:115: Converting masked array to numpy array for interpolation
19:41:33 DEBUG   opendrift.readers.interpolation.interpolators:115: Converting masked array to numpy array for interpolation
19:41:33 DEBUG   opendrift.readers.interpolation.structured:122: Interpolating 10 ensembles for x_sea_water_velocity
19:41:33 DEBUG   opendrift.readers.interpolation.structured:122: Interpolating 10 ensembles for y_sea_water_velocity
19:41:33 DEBUG   opendrift.readers.interpolation.structured:122: Interpolating 10 ensembles for sea_surface_height
19:41:33 DEBUG   opendrift.readers.interpolation.interpolators:115: Converting masked array to numpy array for interpolation
19:41:33 DEBUG   opendrift.readers.interpolation.interpolators:115: Converting masked array to numpy array for interpolation
19:41:33 DEBUG   opendrift.readers.interpolation.interpolators:115: Converting masked array to numpy array for interpolation
19:41:33 DEBUG   opendrift.readers.interpolation.interpolators:115: Converting masked array to numpy array for interpolation
19:41:33 DEBUG   opendrift.readers.interpolation.interpolators:115: Converting masked array to numpy array for interpolation
19:41:33 DEBUG   opendrift.readers.interpolation.interpolators:115: Converting masked array to numpy array for interpolation
19:41:33 DEBUG   opendrift.readers.interpolation.interpolators:115: Converting masked array to numpy array for interpolation
19:41:33 DEBUG   opendrift.readers.interpolation.interpolators:115: Converting masked array to numpy array for interpolation
19:41:33 DEBUG   opendrift.readers.interpolation.interpolators:115: Converting masked array to numpy array for interpolation
19:41:33 DEBUG   opendrift.readers.interpolation.interpolators:115: Converting masked array to numpy array for interpolation
19:41:33 DEBUG   opendrift.readers.interpolation.structured:122: Interpolating 10 ensembles for sea_ice_thickness
19:41:33 DEBUG   opendrift.readers.interpolation.interpolators:115: Converting masked array to numpy array for interpolation
19:41:33 DEBUG   opendrift.readers.interpolation.interpolators:115: Converting masked array to numpy array for interpolation
19:41:33 DEBUG   opendrift.readers.interpolation.interpolators:115: Converting masked array to numpy array for interpolation
19:41:33 DEBUG   opendrift.readers.interpolation.interpolators:115: Converting masked array to numpy array for interpolation
19:41:33 DEBUG   opendrift.readers.interpolation.interpolators:115: Converting masked array to numpy array for interpolation
19:41:33 DEBUG   opendrift.readers.interpolation.interpolators:115: Converting masked array to numpy array for interpolation
19:41:33 DEBUG   opendrift.readers.interpolation.interpolators:115: Converting masked array to numpy array for interpolation
19:41:33 DEBUG   opendrift.readers.interpolation.interpolators:115: Converting masked array to numpy array for interpolation
19:41:33 DEBUG   opendrift.readers.interpolation.interpolators:115: Converting masked array to numpy array for interpolation
19:41:33 DEBUG   opendrift.readers.interpolation.interpolators:115: Converting masked array to numpy array for interpolation
19:41:33 DEBUG   opendrift.readers.interpolation.structured:122: Interpolating 10 ensembles for sea_ice_area_fraction
19:41:33 DEBUG   opendrift.readers.interpolation.interpolators:115: Converting masked array to numpy array for interpolation
19:41:33 DEBUG   opendrift.readers.interpolation.interpolators:115: Converting masked array to numpy array for interpolation
19:41:33 DEBUG   opendrift.readers.interpolation.interpolators:115: Converting masked array to numpy array for interpolation
19:41:33 DEBUG   opendrift.readers.interpolation.interpolators:115: Converting masked array to numpy array for interpolation
19:41:33 DEBUG   opendrift.readers.interpolation.interpolators:115: Converting masked array to numpy array for interpolation
19:41:33 DEBUG   opendrift.readers.interpolation.interpolators:115: Converting masked array to numpy array for interpolation
19:41:33 DEBUG   opendrift.readers.interpolation.interpolators:115: Converting masked array to numpy array for interpolation
19:41:33 DEBUG   opendrift.readers.interpolation.interpolators:115: Converting masked array to numpy array for interpolation
19:41:33 DEBUG   opendrift.readers.interpolation.interpolators:115: Converting masked array to numpy array for interpolation
19:41:33 DEBUG   opendrift.readers.interpolation.interpolators:115: Converting masked array to numpy array for interpolation
19:41:33 DEBUG   opendrift.readers.interpolation.structured:122: Interpolating 10 ensembles for sea_ice_x_velocity
19:41:33 DEBUG   opendrift.readers.interpolation.interpolators:115: Converting masked array to numpy array for interpolation
19:41:33 DEBUG   opendrift.readers.interpolation.interpolators:115: Converting masked array to numpy array for interpolation
19:41:33 DEBUG   opendrift.readers.interpolation.interpolators:115: Converting masked array to numpy array for interpolation
19:41:33 DEBUG   opendrift.readers.interpolation.interpolators:115: Converting masked array to numpy array for interpolation
19:41:33 DEBUG   opendrift.readers.interpolation.interpolators:115: Converting masked array to numpy array for interpolation
19:41:33 DEBUG   opendrift.readers.interpolation.interpolators:115: Converting masked array to numpy array for interpolation
19:41:33 DEBUG   opendrift.readers.interpolation.interpolators:115: Converting masked array to numpy array for interpolation
19:41:33 DEBUG   opendrift.readers.interpolation.interpolators:115: Converting masked array to numpy array for interpolation
19:41:33 DEBUG   opendrift.readers.interpolation.interpolators:115: Converting masked array to numpy array for interpolation
19:41:33 DEBUG   opendrift.readers.interpolation.interpolators:115: Converting masked array to numpy array for interpolation
19:41:33 DEBUG   opendrift.readers.interpolation.structured:122: Interpolating 10 ensembles for sea_ice_y_velocity
19:41:33 DEBUG   opendrift.readers.interpolation.interpolators:115: Converting masked array to numpy array for interpolation
19:41:33 DEBUG   opendrift.readers.interpolation.interpolators:115: Converting masked array to numpy array for interpolation
19:41:33 DEBUG   opendrift.readers.interpolation.interpolators:115: Converting masked array to numpy array for interpolation
19:41:33 DEBUG   opendrift.readers.interpolation.interpolators:115: Converting masked array to numpy array for interpolation
19:41:33 DEBUG   opendrift.readers.interpolation.interpolators:115: Converting masked array to numpy array for interpolation
19:41:33 DEBUG   opendrift.readers.interpolation.interpolators:115: Converting masked array to numpy array for interpolation
19:41:33 DEBUG   opendrift.readers.interpolation.interpolators:115: Converting masked array to numpy array for interpolation
19:41:33 DEBUG   opendrift.readers.interpolation.interpolators:115: Converting masked array to numpy array for interpolation
19:41:33 DEBUG   opendrift.readers.interpolation.interpolators:115: Converting masked array to numpy array for interpolation
19:41:33 DEBUG   opendrift.readers.interpolation.interpolators:115: Converting masked array to numpy array for interpolation
19:41:33 DEBUG   opendrift.readers.basereader.structured:355: Interpolating before (2025-09-24 12:00:00, weight 0.71) and
		      after (2025-09-25 12:00:00, weight 0.29) in time
19:41:33 DEBUG   opendrift.readers.basereader.structured:368: Interpolating profiles in time
19:41:33 DEBUG   opendrift.readers.basereader.variables:100: Rotating vectors between -13.231258859883823 and -13.10547946101443 degrees.
19:41:33 DEBUG   opendrift.readers.basereader.variables:100: Rotating vectors between -13.231258859883823 and -13.10547946101443 degrees.
19:41:33 DEBUG   opendrift.readers.basereader.variables:100: Rotating vectors between -13.231258859883823 and -13.10547946101443 degrees.
19:41:33 DEBUG   opendrift.models.basemodel.environment:762: Obtained data for all elements.
19:41:33 DEBUG   opendrift.models.basemodel.environment:599: ----------------------------------------
19:41:33 DEBUG   opendrift.models.basemodel.environment:600: Variable group ['land_binary_mask']
19:41:33 DEBUG   opendrift.models.basemodel.environment:601: ----------------------------------------
19:41:33 DEBUG   opendrift.models.basemodel.environment:605: Calling reader global_landmask
19:41:33 DEBUG   opendrift.models.basemodel.environment:606: ----------------------------------------
19:41:33 DEBUG   opendrift.models.basemodel.environment:626: Data needed for 10 elements
19:41:33 DEBUG   opendrift.readers.basereader.variables:761: Fetching variables from global_landmask covering 10 elements
19:41:33 DEBUG   opendrift.readers.basereader.continuous:37: Fetched env-before
19:41:33 DEBUG   opendrift.readers.basereader.variables:639: Checking land_binary_mask for invalid values
19:41:33 DEBUG   opendrift.readers.basereader.variables:797: Reader projection is latlon - rotation of vectors is not needed.
19:41:33 DEBUG   opendrift.models.basemodel.environment:762: Obtained data for all elements.
19:41:33 DEBUG   opendrift.models.basemodel.environment:599: ----------------------------------------
19:41:33 DEBUG   opendrift.models.basemodel.environment:600: Variable group ['x_wind', 'y_wind']
19:41:33 DEBUG   opendrift.models.basemodel.environment:601: ----------------------------------------
19:41:33 DEBUG   opendrift.models.basemodel.environment:605: Calling reader cmems_obs-wind_glo_phy_nrt_l4_0.125deg_PT1H
19:41:33 DEBUG   opendrift.models.basemodel.environment:606: ----------------------------------------
19:41:33 DEBUG   opendrift.models.basemodel.environment:626: Data needed for 10 elements
19:41:33 DEBUG   opendrift.readers.basereader.variables:761: Fetching variables from cmems_obs-wind_glo_phy_nrt_l4_0.125deg_PT1H covering 10 elements
19:41:33 DEBUG   opendrift.readers.basereader.structured:208: Shifting coordinates to -180-180
19:41:33 DEBUG   opendrift.readers.basereader.structured:220: Reader time:
		2025-09-24 19:00:00 (before)
		2025-09-24 20:00:00 (after)
19:41:33 DEBUG   opendrift.readers.reader_netCDF_CF_generic:470: Using eastward_wind to retrieve x_wind
19:41:33 DEBUG   opendrift.readers.reader_netCDF_CF_generic:470: Using northward_wind to retrieve y_wind
19:41:33 DEBUG   opendrift.readers.reader_netCDF_CF_generic:592: North is up, no rotation necessary
19:41:33 DEBUG   opendrift.readers.basereader.variables:639: Checking x_wind for invalid values
19:41:33 DEBUG   opendrift.readers.basereader.variables:639: Checking y_wind for invalid values
19:41:33 DEBUG   opendrift.readers.basereader.structured:290: Fetched env-block (size 8x8x1) for time before (2025-09-24 19:00:00)
19:41:33 DEBUG   opendrift.readers.basereader.structured:334: Interpolating before (2025-09-24 19:00:00) in space  (linearNDFast)
19:41:33 DEBUG   opendrift.readers.interpolation.structured:97: Initialising interpolator.
19:41:33 DEBUG   opendrift.readers.basereader.structured:388: No time interpolation needed - right on time.
19:41:33 DEBUG   opendrift.readers.basereader.variables:797: Reader projection is latlon - rotation of vectors is not needed.
19:41:33 DEBUG   opendrift.models.basemodel.environment:762: Obtained data for all elements.
19:41:33 DEBUG   opendrift.models.basemodel.environment:775: ---------------------------------------
19:41:33 DEBUG   opendrift.models.basemodel.environment:776: Finished processing all variable groups
19:41:33 DEBUG   opendrift.models.basemodel.environment:812:       Using fallback value 0 for x_sea_water_velocity for 0 profiles
19:41:33 DEBUG   opendrift.models.basemodel.environment:812:       Using fallback value 0 for y_sea_water_velocity for 0 profiles
19:41:33 DEBUG   opendrift.models.basemodel.environment:812:       Using fallback value 2 for sea_water_temperature for 0 profiles
19:41:33 DEBUG   opendrift.models.basemodel.environment:801:       Using fallback value 35 for sea_water_salinity for all profiles
19:41:33 DEBUG   opendrift.models.basemodel.environment:898: ------------ SUMMARY -------------
19:41:33 DEBUG   opendrift.models.basemodel.environment:900:     x_sea_water_velocity: -0.0334138 (min) 0.0177994 (max)
19:41:33 DEBUG   opendrift.models.basemodel.environment:900:     y_sea_water_velocity: 0.0834137 (min) 0.240536 (max)
19:41:33 DEBUG   opendrift.models.basemodel.environment:900:     sea_floor_depth_below_sea_level: 28.7255 (min) 63.5334 (max)
19:41:33 DEBUG   opendrift.models.basemodel.environment:900:     sea_surface_height: -0.398196 (min) -0.370536 (max)
19:41:33 DEBUG   opendrift.models.basemodel.environment:900:     sea_surface_x_slope: 0 (min) 0 (max)
19:41:33 DEBUG   opendrift.models.basemodel.environment:900:     sea_surface_y_slope: 0 (min) 0 (max)
19:41:33 DEBUG   opendrift.models.basemodel.environment:900:     x_wind: -7.29817 (min) -5.96368 (max)
19:41:33 DEBUG   opendrift.models.basemodel.environment:900:     y_wind: 9.55161 (min) 10.2661 (max)
19:41:33 DEBUG   opendrift.models.basemodel.environment:900:     horizontal_diffusivity: 0 (min) 0 (max)
19:41:33 DEBUG   opendrift.models.basemodel.environment:900:     sea_surface_wave_significant_height: 0 (min) 0 (max)
19:41:33 DEBUG   opendrift.models.basemodel.environment:900:     sea_surface_wave_from_direction: 0 (min) 0 (max)
19:41:33 DEBUG   opendrift.models.basemodel.environment:900:     sea_surface_wave_stokes_drift_x_velocity: 0 (min) 0 (max)
19:41:33 DEBUG   opendrift.models.basemodel.environment:900:     sea_surface_wave_stokes_drift_y_velocity: 0 (min) 0 (max)
19:41:33 DEBUG   opendrift.models.basemodel.environment:900:     sea_water_temperature: 2.06275 (min) 2.53496 (max)
19:41:33 DEBUG   opendrift.models.basemodel.environment:900:     sea_water_salinity: 35 (min) 35 (max)
19:41:33 DEBUG   opendrift.models.basemodel.environment:900:     sea_ice_area_fraction: 0 (min) 0 (max)
19:41:33 DEBUG   opendrift.models.basemodel.environment:900:     sea_ice_thickness: 0 (min) 0 (max)
19:41:33 DEBUG   opendrift.models.basemodel.environment:900:     sea_ice_x_velocity: 0 (min) 0 (max)
19:41:33 DEBUG   opendrift.models.basemodel.environment:900:     sea_ice_y_velocity: 0 (min) 0 (max)
19:41:33 DEBUG   opendrift.models.basemodel.environment:900:     land_binary_mask: 0 (min) 0 (max)
19:41:33 DEBUG   opendrift.models.basemodel.environment:902: ---------------------------------
19:41:33 DEBUG   opendrift.models.physics_methods:823: Calculating Hs from wind, min: 3.358558, mean: 3.439751, max: 3.554616
19:41:33 WARNING opendrift.models.physics_methods:832: Setting wave direction equal to wind direction, min: -37.382645, mean: -31.775671, max: -30.293848
19:41:33 DEBUG   opendrift:689: No elements hit coastline.
19:41:33 DEBUG   opendrift:760: No elements hit seafloor.
19:41:33 DEBUG   opendrift:1732: No elements to deactivate
19:41:33 DEBUG   opendrift:2193: Calling OpenBerg.update()
19:41:33 DEBUG   opendrift.models.openberg:507: Advection with surface currents
19:41:33 DEBUG   opendrift.models.openberg:569: Grounding condition: Icebergs grounded = 9
19:41:33 DEBUG   opendrift:1680: Horizontal diffusivity is 0, no random walk.
19:41:33 DEBUG   opendrift:904: to be seeded: 250, already seeded 10
19:41:33 DEBUG   opendrift:926: Released 0 new elements.
19:41:33 DEBUG   opendrift:2135: ======================================================================
19:41:33 INFO    opendrift:2136: 2025-09-24 20:00:00 - step 21 of 1872 - 10 active elements (0 deactivated)
19:41:33 DEBUG   opendrift:2142: 250 elements scheduled.
19:41:33 DEBUG   opendrift:2144: ======================================================================
19:41:33 DEBUG   opendrift:2155: 		74.99825286865234 <- latitude -> 75.20088718234268
19:41:33 DEBUG   opendrift:2155: 		-58.23792780324822 <- longitude -> -58.09977340698242
19:41:33 DEBUG   opendrift:2153: 		z = 0.0
19:41:33 DEBUG   opendrift:2156: ---------------------------------
19:41:33 DEBUG   opendrift.models.basemodel.environment:599: ----------------------------------------
19:41:33 DEBUG   opendrift.models.basemodel.environment:600: Variable group ['sea_floor_depth_below_sea_level', 'sea_water_temperature', 'x_sea_water_velocity', 'y_sea_water_velocity', 'sea_surface_height', 'sea_ice_thickness', 'sea_ice_area_fraction', 'sea_ice_x_velocity', 'sea_ice_y_velocity']
19:41:33 DEBUG   opendrift.models.basemodel.environment:601: ----------------------------------------
19:41:33 DEBUG   opendrift.models.basemodel.environment:605: Calling reader Ensemble reader
19:41:33 DEBUG   opendrift.models.basemodel.environment:606: ----------------------------------------
19:41:33 DEBUG   opendrift.models.basemodel.environment:626: Data needed for 10 elements
19:41:33 DEBUG   opendrift.readers.basereader.variables:761: Fetching variables from Ensemble reader covering 10 elements
19:41:33 DEBUG   opendrift.readers.basereader.structured:220: Reader time:
		2025-09-24 12:00:00 (before)
		2025-09-25 12:00:00 (after)
19:41:33 DEBUG   opendrift.readers.basereader.structured:334: Interpolating before (2025-09-24 12:00:00) in space  (linearNDFast)
19:41:33 DEBUG   opendrift.readers.interpolation.structured:97: Initialising interpolator.
19:41:33 DEBUG   opendrift.readers.interpolation.structured:122: Interpolating 10 ensembles for sea_floor_depth_below_sea_level
19:41:33 DEBUG   opendrift.readers.interpolation.structured:122: Interpolating 10 ensembles for sea_water_temperature
19:41:33 DEBUG   opendrift.readers.interpolation.interpolators:115: Converting masked array to numpy array for interpolation
19:41:33 DEBUG   opendrift.readers.interpolation.interpolators:115: Converting masked array to numpy array for interpolation
19:41:33 DEBUG   opendrift.readers.interpolation.interpolators:115: Converting masked array to numpy array for interpolation
19:41:33 DEBUG   opendrift.readers.interpolation.interpolators:115: Converting masked array to numpy array for interpolation
19:41:33 DEBUG   opendrift.readers.interpolation.interpolators:115: Converting masked array to numpy array for interpolation
19:41:33 DEBUG   opendrift.readers.interpolation.interpolators:115: Converting masked array to numpy array for interpolation
19:41:33 DEBUG   opendrift.readers.interpolation.interpolators:115: Converting masked array to numpy array for interpolation
19:41:33 DEBUG   opendrift.readers.interpolation.interpolators:115: Converting masked array to numpy array for interpolation
19:41:33 DEBUG   opendrift.readers.interpolation.interpolators:115: Converting masked array to numpy array for interpolation
19:41:33 DEBUG   opendrift.readers.interpolation.interpolators:115: Converting masked array to numpy array for interpolation
19:41:33 DEBUG   opendrift.readers.interpolation.interpolators:115: Converting masked array to numpy array for interpolation
19:41:33 DEBUG   opendrift.readers.interpolation.interpolators:115: Converting masked array to numpy array for interpolation
19:41:33 DEBUG   opendrift.readers.interpolation.interpolators:115: Converting masked array to numpy array for interpolation
19:41:33 DEBUG   opendrift.readers.interpolation.interpolators:115: Converting masked array to numpy array for interpolation
19:41:33 DEBUG   opendrift.readers.interpolation.interpolators:115: Converting masked array to numpy array for interpolation
19:41:33 DEBUG   opendrift.readers.interpolation.interpolators:115: Converting masked array to numpy array for interpolation
19:41:33 DEBUG   opendrift.readers.interpolation.interpolators:115: Converting masked array to numpy array for interpolation
19:41:33 DEBUG   opendrift.readers.interpolation.interpolators:115: Converting masked array to numpy array for interpolation
19:41:33 DEBUG   opendrift.readers.interpolation.interpolators:115: Converting masked array to numpy array for interpolation
19:41:33 DEBUG   opendrift.readers.interpolation.interpolators:115: Converting masked array to numpy array for interpolation
19:41:33 DEBUG   opendrift.readers.interpolation.structured:122: Interpolating 10 ensembles for x_sea_water_velocity
19:41:33 DEBUG   opendrift.readers.interpolation.structured:122: Interpolating 10 ensembles for y_sea_water_velocity
19:41:33 DEBUG   opendrift.readers.interpolation.structured:122: Interpolating 10 ensembles for sea_surface_height
19:41:33 DEBUG   opendrift.readers.interpolation.interpolators:115: Converting masked array to numpy array for interpolation
19:41:33 DEBUG   opendrift.readers.interpolation.interpolators:115: Converting masked array to numpy array for interpolation
19:41:33 DEBUG   opendrift.readers.interpolation.interpolators:115: Converting masked array to numpy array for interpolation
19:41:33 DEBUG   opendrift.readers.interpolation.interpolators:115: Converting masked array to numpy array for interpolation
19:41:33 DEBUG   opendrift.readers.interpolation.interpolators:115: Converting masked array to numpy array for interpolation
19:41:33 DEBUG   opendrift.readers.interpolation.interpolators:115: Converting masked array to numpy array for interpolation
19:41:33 DEBUG   opendrift.readers.interpolation.interpolators:115: Converting masked array to numpy array for interpolation
19:41:33 DEBUG   opendrift.readers.interpolation.interpolators:115: Converting masked array to numpy array for interpolation
19:41:33 DEBUG   opendrift.readers.interpolation.interpolators:115: Converting masked array to numpy array for interpolation
19:41:33 DEBUG   opendrift.readers.interpolation.interpolators:115: Converting masked array to numpy array for interpolation
19:41:33 DEBUG   opendrift.readers.interpolation.structured:122: Interpolating 10 ensembles for sea_ice_thickness
19:41:33 DEBUG   opendrift.readers.interpolation.interpolators:115: Converting masked array to numpy array for interpolation
19:41:33 DEBUG   opendrift.readers.interpolation.interpolators:115: Converting masked array to numpy array for interpolation
19:41:33 DEBUG   opendrift.readers.interpolation.interpolators:115: Converting masked array to numpy array for interpolation
19:41:33 DEBUG   opendrift.readers.interpolation.interpolators:115: Converting masked array to numpy array for interpolation
19:41:33 DEBUG   opendrift.readers.interpolation.interpolators:115: Converting masked array to numpy array for interpolation
19:41:33 DEBUG   opendrift.readers.interpolation.interpolators:115: Converting masked array to numpy array for interpolation
19:41:33 DEBUG   opendrift.readers.interpolation.interpolators:115: Converting masked array to numpy array for interpolation
19:41:33 DEBUG   opendrift.readers.interpolation.interpolators:115: Converting masked array to numpy array for interpolation
19:41:33 DEBUG   opendrift.readers.interpolation.interpolators:115: Converting masked array to numpy array for interpolation
19:41:33 DEBUG   opendrift.readers.interpolation.interpolators:115: Converting masked array to numpy array for interpolation
19:41:33 DEBUG   opendrift.readers.interpolation.structured:122: Interpolating 10 ensembles for sea_ice_area_fraction
19:41:33 DEBUG   opendrift.readers.interpolation.interpolators:115: Converting masked array to numpy array for interpolation
19:41:33 DEBUG   opendrift.readers.interpolation.interpolators:115: Converting masked array to numpy array for interpolation
19:41:33 DEBUG   opendrift.readers.interpolation.interpolators:115: Converting masked array to numpy array for interpolation
19:41:33 DEBUG   opendrift.readers.interpolation.interpolators:115: Converting masked array to numpy array for interpolation
19:41:33 DEBUG   opendrift.readers.interpolation.interpolators:115: Converting masked array to numpy array for interpolation
19:41:33 DEBUG   opendrift.readers.interpolation.interpolators:115: Converting masked array to numpy array for interpolation
19:41:33 DEBUG   opendrift.readers.interpolation.interpolators:115: Converting masked array to numpy array for interpolation
19:41:33 DEBUG   opendrift.readers.interpolation.interpolators:115: Converting masked array to numpy array for interpolation
19:41:33 DEBUG   opendrift.readers.interpolation.interpolators:115: Converting masked array to numpy array for interpolation
19:41:33 DEBUG   opendrift.readers.interpolation.interpolators:115: Converting masked array to numpy array for interpolation
19:41:33 DEBUG   opendrift.readers.interpolation.structured:122: Interpolating 10 ensembles for sea_ice_x_velocity
19:41:33 DEBUG   opendrift.readers.interpolation.interpolators:115: Converting masked array to numpy array for interpolation
19:41:33 DEBUG   opendrift.readers.interpolation.interpolators:115: Converting masked array to numpy array for interpolation
19:41:33 DEBUG   opendrift.readers.interpolation.interpolators:115: Converting masked array to numpy array for interpolation
19:41:33 DEBUG   opendrift.readers.interpolation.interpolators:115: Converting masked array to numpy array for interpolation
19:41:33 DEBUG   opendrift.readers.interpolation.interpolators:115: Converting masked array to numpy array for interpolation
19:41:33 DEBUG   opendrift.readers.interpolation.interpolators:115: Converting masked array to numpy array for interpolation
19:41:33 DEBUG   opendrift.readers.interpolation.interpolators:115: Converting masked array to numpy array for interpolation
19:41:33 DEBUG   opendrift.readers.interpolation.interpolators:115: Converting masked array to numpy array for interpolation
19:41:33 DEBUG   opendrift.readers.interpolation.interpolators:115: Converting masked array to numpy array for interpolation
19:41:33 DEBUG   opendrift.readers.interpolation.interpolators:115: Converting masked array to numpy array for interpolation
19:41:33 DEBUG   opendrift.readers.interpolation.structured:122: Interpolating 10 ensembles for sea_ice_y_velocity
19:41:33 DEBUG   opendrift.readers.interpolation.interpolators:115: Converting masked array to numpy array for interpolation
19:41:33 DEBUG   opendrift.readers.interpolation.interpolators:115: Converting masked array to numpy array for interpolation
19:41:33 DEBUG   opendrift.readers.interpolation.interpolators:115: Converting masked array to numpy array for interpolation
19:41:33 DEBUG   opendrift.readers.interpolation.interpolators:115: Converting masked array to numpy array for interpolation
19:41:33 DEBUG   opendrift.readers.interpolation.interpolators:115: Converting masked array to numpy array for interpolation
19:41:33 DEBUG   opendrift.readers.interpolation.interpolators:115: Converting masked array to numpy array for interpolation
19:41:33 DEBUG   opendrift.readers.interpolation.interpolators:115: Converting masked array to numpy array for interpolation
19:41:33 DEBUG   opendrift.readers.interpolation.interpolators:115: Converting masked array to numpy array for interpolation
19:41:33 DEBUG   opendrift.readers.interpolation.interpolators:115: Converting masked array to numpy array for interpolation
19:41:33 DEBUG   opendrift.readers.interpolation.interpolators:115: Converting masked array to numpy array for interpolation
19:41:33 DEBUG   opendrift.readers.basereader.structured:340: Interpolating after (2025-09-25 12:00:00) in space  (linearNDFast)
19:41:33 DEBUG   opendrift.readers.interpolation.structured:97: Initialising interpolator.
19:41:33 DEBUG   opendrift.readers.interpolation.structured:122: Interpolating 10 ensembles for sea_floor_depth_below_sea_level
19:41:33 DEBUG   opendrift.readers.interpolation.structured:122: Interpolating 10 ensembles for sea_water_temperature
19:41:33 DEBUG   opendrift.readers.interpolation.interpolators:115: Converting masked array to numpy array for interpolation
19:41:33 DEBUG   opendrift.readers.interpolation.interpolators:115: Converting masked array to numpy array for interpolation
19:41:33 DEBUG   opendrift.readers.interpolation.interpolators:115: Converting masked array to numpy array for interpolation
19:41:33 DEBUG   opendrift.readers.interpolation.interpolators:115: Converting masked array to numpy array for interpolation
19:41:33 DEBUG   opendrift.readers.interpolation.interpolators:115: Converting masked array to numpy array for interpolation
19:41:33 DEBUG   opendrift.readers.interpolation.interpolators:115: Converting masked array to numpy array for interpolation
19:41:33 DEBUG   opendrift.readers.interpolation.interpolators:115: Converting masked array to numpy array for interpolation
19:41:33 DEBUG   opendrift.readers.interpolation.interpolators:115: Converting masked array to numpy array for interpolation
19:41:33 DEBUG   opendrift.readers.interpolation.interpolators:115: Converting masked array to numpy array for interpolation
19:41:33 DEBUG   opendrift.readers.interpolation.interpolators:115: Converting masked array to numpy array for interpolation
19:41:33 DEBUG   opendrift.readers.interpolation.interpolators:115: Converting masked array to numpy array for interpolation
19:41:33 DEBUG   opendrift.readers.interpolation.interpolators:115: Converting masked array to numpy array for interpolation
19:41:33 DEBUG   opendrift.readers.interpolation.interpolators:115: Converting masked array to numpy array for interpolation
19:41:33 DEBUG   opendrift.readers.interpolation.interpolators:115: Converting masked array to numpy array for interpolation
19:41:33 DEBUG   opendrift.readers.interpolation.interpolators:115: Converting masked array to numpy array for interpolation
19:41:33 DEBUG   opendrift.readers.interpolation.interpolators:115: Converting masked array to numpy array for interpolation
19:41:33 DEBUG   opendrift.readers.interpolation.interpolators:115: Converting masked array to numpy array for interpolation
19:41:33 DEBUG   opendrift.readers.interpolation.interpolators:115: Converting masked array to numpy array for interpolation
19:41:33 DEBUG   opendrift.readers.interpolation.interpolators:115: Converting masked array to numpy array for interpolation
19:41:33 DEBUG   opendrift.readers.interpolation.interpolators:115: Converting masked array to numpy array for interpolation
19:41:33 DEBUG   opendrift.readers.interpolation.structured:122: Interpolating 10 ensembles for x_sea_water_velocity
19:41:33 DEBUG   opendrift.readers.interpolation.structured:122: Interpolating 10 ensembles for y_sea_water_velocity
19:41:33 DEBUG   opendrift.readers.interpolation.structured:122: Interpolating 10 ensembles for sea_surface_height
19:41:33 DEBUG   opendrift.readers.interpolation.interpolators:115: Converting masked array to numpy array for interpolation
19:41:33 DEBUG   opendrift.readers.interpolation.interpolators:115: Converting masked array to numpy array for interpolation
19:41:33 DEBUG   opendrift.readers.interpolation.interpolators:115: Converting masked array to numpy array for interpolation
19:41:33 DEBUG   opendrift.readers.interpolation.interpolators:115: Converting masked array to numpy array for interpolation
19:41:33 DEBUG   opendrift.readers.interpolation.interpolators:115: Converting masked array to numpy array for interpolation
19:41:33 DEBUG   opendrift.readers.interpolation.interpolators:115: Converting masked array to numpy array for interpolation
19:41:33 DEBUG   opendrift.readers.interpolation.interpolators:115: Converting masked array to numpy array for interpolation
19:41:33 DEBUG   opendrift.readers.interpolation.interpolators:115: Converting masked array to numpy array for interpolation
19:41:33 DEBUG   opendrift.readers.interpolation.interpolators:115: Converting masked array to numpy array for interpolation
19:41:33 DEBUG   opendrift.readers.interpolation.interpolators:115: Converting masked array to numpy array for interpolation
19:41:33 DEBUG   opendrift.readers.interpolation.structured:122: Interpolating 10 ensembles for sea_ice_thickness
19:41:33 DEBUG   opendrift.readers.interpolation.interpolators:115: Converting masked array to numpy array for interpolation
19:41:33 DEBUG   opendrift.readers.interpolation.interpolators:115: Converting masked array to numpy array for interpolation
19:41:33 DEBUG   opendrift.readers.interpolation.interpolators:115: Converting masked array to numpy array for interpolation
19:41:33 DEBUG   opendrift.readers.interpolation.interpolators:115: Converting masked array to numpy array for interpolation
19:41:33 DEBUG   opendrift.readers.interpolation.interpolators:115: Converting masked array to numpy array for interpolation
19:41:33 DEBUG   opendrift.readers.interpolation.interpolators:115: Converting masked array to numpy array for interpolation
19:41:33 DEBUG   opendrift.readers.interpolation.interpolators:115: Converting masked array to numpy array for interpolation
19:41:33 DEBUG   opendrift.readers.interpolation.interpolators:115: Converting masked array to numpy array for interpolation
19:41:33 DEBUG   opendrift.readers.interpolation.interpolators:115: Converting masked array to numpy array for interpolation
19:41:33 DEBUG   opendrift.readers.interpolation.interpolators:115: Converting masked array to numpy array for interpolation
19:41:33 DEBUG   opendrift.readers.interpolation.structured:122: Interpolating 10 ensembles for sea_ice_area_fraction
19:41:33 DEBUG   opendrift.readers.interpolation.interpolators:115: Converting masked array to numpy array for interpolation
19:41:33 DEBUG   opendrift.readers.interpolation.interpolators:115: Converting masked array to numpy array for interpolation
19:41:33 DEBUG   opendrift.readers.interpolation.interpolators:115: Converting masked array to numpy array for interpolation
19:41:33 DEBUG   opendrift.readers.interpolation.interpolators:115: Converting masked array to numpy array for interpolation
19:41:33 DEBUG   opendrift.readers.interpolation.interpolators:115: Converting masked array to numpy array for interpolation
19:41:33 DEBUG   opendrift.readers.interpolation.interpolators:115: Converting masked array to numpy array for interpolation
19:41:33 DEBUG   opendrift.readers.interpolation.interpolators:115: Converting masked array to numpy array for interpolation
19:41:33 DEBUG   opendrift.readers.interpolation.interpolators:115: Converting masked array to numpy array for interpolation
19:41:33 DEBUG   opendrift.readers.interpolation.interpolators:115: Converting masked array to numpy array for interpolation
19:41:33 DEBUG   opendrift.readers.interpolation.interpolators:115: Converting masked array to numpy array for interpolation
19:41:33 DEBUG   opendrift.readers.interpolation.structured:122: Interpolating 10 ensembles for sea_ice_x_velocity
19:41:33 DEBUG   opendrift.readers.interpolation.interpolators:115: Converting masked array to numpy array for interpolation
19:41:33 DEBUG   opendrift.readers.interpolation.interpolators:115: Converting masked array to numpy array for interpolation
19:41:33 DEBUG   opendrift.readers.interpolation.interpolators:115: Converting masked array to numpy array for interpolation
19:41:33 DEBUG   opendrift.readers.interpolation.interpolators:115: Converting masked array to numpy array for interpolation
19:41:33 DEBUG   opendrift.readers.interpolation.interpolators:115: Converting masked array to numpy array for interpolation
19:41:33 DEBUG   opendrift.readers.interpolation.interpolators:115: Converting masked array to numpy array for interpolation
19:41:33 DEBUG   opendrift.readers.interpolation.interpolators:115: Converting masked array to numpy array for interpolation
19:41:33 DEBUG   opendrift.readers.interpolation.interpolators:115: Converting masked array to numpy array for interpolation
19:41:33 DEBUG   opendrift.readers.interpolation.interpolators:115: Converting masked array to numpy array for interpolation
19:41:33 DEBUG   opendrift.readers.interpolation.interpolators:115: Converting masked array to numpy array for interpolation
19:41:33 DEBUG   opendrift.readers.interpolation.structured:122: Interpolating 10 ensembles for sea_ice_y_velocity
19:41:33 DEBUG   opendrift.readers.interpolation.interpolators:115: Converting masked array to numpy array for interpolation
19:41:33 DEBUG   opendrift.readers.interpolation.interpolators:115: Converting masked array to numpy array for interpolation
19:41:33 DEBUG   opendrift.readers.interpolation.interpolators:115: Converting masked array to numpy array for interpolation
19:41:33 DEBUG   opendrift.readers.interpolation.interpolators:115: Converting masked array to numpy array for interpolation
19:41:33 DEBUG   opendrift.readers.interpolation.interpolators:115: Converting masked array to numpy array for interpolation
19:41:33 DEBUG   opendrift.readers.interpolation.interpolators:115: Converting masked array to numpy array for interpolation
19:41:33 DEBUG   opendrift.readers.interpolation.interpolators:115: Converting masked array to numpy array for interpolation
19:41:33 DEBUG   opendrift.readers.interpolation.interpolators:115: Converting masked array to numpy array for interpolation
19:41:33 DEBUG   opendrift.readers.interpolation.interpolators:115: Converting masked array to numpy array for interpolation
19:41:33 DEBUG   opendrift.readers.interpolation.interpolators:115: Converting masked array to numpy array for interpolation
19:41:33 DEBUG   opendrift.readers.basereader.structured:355: Interpolating before (2025-09-24 12:00:00, weight 0.67) and
		      after (2025-09-25 12:00:00, weight 0.33) in time
19:41:33 DEBUG   opendrift.readers.basereader.structured:368: Interpolating profiles in time
19:41:33 DEBUG   opendrift.readers.basereader.variables:100: Rotating vectors between -13.24354496547865 and -13.10547946101443 degrees.
19:41:33 DEBUG   opendrift.readers.basereader.variables:100: Rotating vectors between -13.24354496547865 and -13.10547946101443 degrees.
19:41:33 DEBUG   opendrift.readers.basereader.variables:100: Rotating vectors between -13.24354496547865 and -13.10547946101443 degrees.
19:41:33 DEBUG   opendrift.models.basemodel.environment:762: Obtained data for all elements.
19:41:33 DEBUG   opendrift.models.basemodel.environment:599: ----------------------------------------
19:41:33 DEBUG   opendrift.models.basemodel.environment:600: Variable group ['land_binary_mask']
19:41:33 DEBUG   opendrift.models.basemodel.environment:601: ----------------------------------------
19:41:33 DEBUG   opendrift.models.basemodel.environment:605: Calling reader global_landmask
19:41:33 DEBUG   opendrift.models.basemodel.environment:606: ----------------------------------------
19:41:33 DEBUG   opendrift.models.basemodel.environment:626: Data needed for 10 elements
19:41:33 DEBUG   opendrift.readers.basereader.variables:761: Fetching variables from global_landmask covering 10 elements
19:41:33 DEBUG   opendrift.readers.basereader.continuous:37: Fetched env-before
19:41:33 DEBUG   opendrift.readers.basereader.variables:639: Checking land_binary_mask for invalid values
19:41:33 DEBUG   opendrift.readers.basereader.variables:797: Reader projection is latlon - rotation of vectors is not needed.
19:41:33 DEBUG   opendrift.models.basemodel.environment:762: Obtained data for all elements.
19:41:33 DEBUG   opendrift.models.basemodel.environment:599: ----------------------------------------
19:41:33 DEBUG   opendrift.models.basemodel.environment:600: Variable group ['x_wind', 'y_wind']
19:41:33 DEBUG   opendrift.models.basemodel.environment:601: ----------------------------------------
19:41:33 DEBUG   opendrift.models.basemodel.environment:605: Calling reader cmems_obs-wind_glo_phy_nrt_l4_0.125deg_PT1H
19:41:33 DEBUG   opendrift.models.basemodel.environment:606: ----------------------------------------
19:41:33 DEBUG   opendrift.models.basemodel.environment:626: Data needed for 10 elements
19:41:33 DEBUG   opendrift.readers.basereader.variables:761: Fetching variables from cmems_obs-wind_glo_phy_nrt_l4_0.125deg_PT1H covering 10 elements
19:41:33 DEBUG   opendrift.readers.basereader.structured:208: Shifting coordinates to -180-180
19:41:33 DEBUG   opendrift.readers.basereader.structured:220: Reader time:
		2025-09-24 20:00:00 (before)
		2025-09-24 21:00:00 (after)
19:41:33 DEBUG   opendrift.readers.reader_netCDF_CF_generic:470: Using eastward_wind to retrieve x_wind
19:41:33 DEBUG   opendrift.readers.reader_netCDF_CF_generic:470: Using northward_wind to retrieve y_wind
19:41:33 DEBUG   opendrift.readers.reader_netCDF_CF_generic:592: North is up, no rotation necessary
19:41:33 DEBUG   opendrift.readers.basereader.variables:639: Checking x_wind for invalid values
19:41:33 DEBUG   opendrift.readers.basereader.variables:639: Checking y_wind for invalid values
19:41:33 DEBUG   opendrift.readers.basereader.structured:290: Fetched env-block (size 8x8x1) for time before (2025-09-24 20:00:00)
19:41:33 DEBUG   opendrift.readers.basereader.structured:334: Interpolating before (2025-09-24 20:00:00) in space  (linearNDFast)
19:41:33 DEBUG   opendrift.readers.interpolation.structured:97: Initialising interpolator.
19:41:33 DEBUG   opendrift.readers.basereader.structured:388: No time interpolation needed - right on time.
19:41:33 DEBUG   opendrift.readers.basereader.variables:797: Reader projection is latlon - rotation of vectors is not needed.
19:41:33 DEBUG   opendrift.models.basemodel.environment:762: Obtained data for all elements.
19:41:33 DEBUG   opendrift.models.basemodel.environment:775: ---------------------------------------
19:41:33 DEBUG   opendrift.models.basemodel.environment:776: Finished processing all variable groups
19:41:33 DEBUG   opendrift.models.basemodel.environment:812:       Using fallback value 0 for x_sea_water_velocity for 0 profiles
19:41:33 DEBUG   opendrift.models.basemodel.environment:812:       Using fallback value 0 for y_sea_water_velocity for 0 profiles
19:41:33 DEBUG   opendrift.models.basemodel.environment:812:       Using fallback value 2 for sea_water_temperature for 0 profiles
19:41:33 DEBUG   opendrift.models.basemodel.environment:801:       Using fallback value 35 for sea_water_salinity for all profiles
19:41:33 DEBUG   opendrift.models.basemodel.environment:898: ------------ SUMMARY -------------
19:41:33 DEBUG   opendrift.models.basemodel.environment:900:     x_sea_water_velocity: -0.0399084 (min) 0.0184828 (max)
19:41:33 DEBUG   opendrift.models.basemodel.environment:900:     y_sea_water_velocity: 0.0769049 (min) 0.240341 (max)
19:41:33 DEBUG   opendrift.models.basemodel.environment:900:     sea_floor_depth_below_sea_level: 29.1273 (min) 63.5334 (max)
19:41:33 DEBUG   opendrift.models.basemodel.environment:900:     sea_surface_height: -0.396533 (min) -0.369709 (max)
19:41:33 DEBUG   opendrift.models.basemodel.environment:900:     sea_surface_x_slope: 0 (min) 0 (max)
19:41:33 DEBUG   opendrift.models.basemodel.environment:900:     sea_surface_y_slope: 0 (min) 0 (max)
19:41:33 DEBUG   opendrift.models.basemodel.environment:900:     x_wind: -7.78893 (min) -6.7924 (max)
19:41:33 DEBUG   opendrift.models.basemodel.environment:900:     y_wind: 9.95462 (min) 10.2178 (max)
19:41:33 DEBUG   opendrift.models.basemodel.environment:900:     horizontal_diffusivity: 0 (min) 0 (max)
19:41:33 DEBUG   opendrift.models.basemodel.environment:900:     sea_surface_wave_significant_height: 0 (min) 0 (max)
19:41:33 DEBUG   opendrift.models.basemodel.environment:900:     sea_surface_wave_from_direction: 0 (min) 0 (max)
19:41:33 DEBUG   opendrift.models.basemodel.environment:900:     sea_surface_wave_stokes_drift_x_velocity: 0 (min) 0 (max)
19:41:33 DEBUG   opendrift.models.basemodel.environment:900:     sea_surface_wave_stokes_drift_y_velocity: 0 (min) 0 (max)
19:41:33 DEBUG   opendrift.models.basemodel.environment:900:     sea_water_temperature: 2.06078 (min) 2.5508 (max)
19:41:33 DEBUG   opendrift.models.basemodel.environment:900:     sea_water_salinity: 35 (min) 35 (max)
19:41:33 DEBUG   opendrift.models.basemodel.environment:900:     sea_ice_area_fraction: 0 (min) 0 (max)
19:41:33 DEBUG   opendrift.models.basemodel.environment:900:     sea_ice_thickness: 0 (min) 0 (max)
19:41:33 DEBUG   opendrift.models.basemodel.environment:900:     sea_ice_x_velocity: 0 (min) 0 (max)
19:41:33 DEBUG   opendrift.models.basemodel.environment:900:     sea_ice_y_velocity: 0 (min) 0 (max)
19:41:33 DEBUG   opendrift.models.basemodel.environment:900:     land_binary_mask: 0 (min) 0 (max)
19:41:33 DEBUG   opendrift.models.basemodel.environment:902: ---------------------------------
19:41:33 DEBUG   opendrift.models.physics_methods:823: Calculating Hs from wind, min: 3.620507, mean: 3.719025, max: 4.060725
19:41:33 WARNING opendrift.models.physics_methods:832: Setting wave direction equal to wind direction, min: -37.318020, mean: -34.818691, max: -33.851116
19:41:33 DEBUG   opendrift:689: No elements hit coastline.
19:41:33 DEBUG   opendrift:760: No elements hit seafloor.
19:41:34 DEBUG   opendrift:1732: No elements to deactivate
19:41:34 DEBUG   opendrift:2193: Calling OpenBerg.update()
19:41:34 DEBUG   opendrift.models.openberg:507: Advection with surface currents
19:41:34 DEBUG   opendrift.models.openberg:569: Grounding condition: Icebergs grounded = 9
19:41:34 DEBUG   opendrift:1680: Horizontal diffusivity is 0, no random walk.
19:41:34 DEBUG   opendrift:904: to be seeded: 250, already seeded 10
19:41:34 DEBUG   opendrift:926: Released 0 new elements.
19:41:34 DEBUG   opendrift:2135: ======================================================================
19:41:34 INFO    opendrift:2136: 2025-09-24 21:00:00 - step 22 of 1872 - 10 active elements (0 deactivated)
19:41:34 DEBUG   opendrift:2142: 250 elements scheduled.
19:41:34 DEBUG   opendrift:2144: ======================================================================
19:41:34 DEBUG   opendrift:2155: 		74.99825286865234 <- latitude -> 75.21076086837634
19:41:34 DEBUG   opendrift:2155: 		-58.25230030353948 <- longitude -> -58.09977340698242
19:41:34 DEBUG   opendrift:2153: 		z = 0.0
19:41:34 DEBUG   opendrift:2156: ---------------------------------
19:41:34 DEBUG   opendrift.models.basemodel.environment:599: ----------------------------------------
19:41:34 DEBUG   opendrift.models.basemodel.environment:600: Variable group ['sea_floor_depth_below_sea_level', 'sea_water_temperature', 'x_sea_water_velocity', 'y_sea_water_velocity', 'sea_surface_height', 'sea_ice_thickness', 'sea_ice_area_fraction', 'sea_ice_x_velocity', 'sea_ice_y_velocity']
19:41:34 DEBUG   opendrift.models.basemodel.environment:601: ----------------------------------------
19:41:34 DEBUG   opendrift.models.basemodel.environment:605: Calling reader Ensemble reader
19:41:34 DEBUG   opendrift.models.basemodel.environment:606: ----------------------------------------
19:41:34 DEBUG   opendrift.models.basemodel.environment:626: Data needed for 10 elements
19:41:34 DEBUG   opendrift.readers.basereader.variables:761: Fetching variables from Ensemble reader covering 10 elements
19:41:34 DEBUG   opendrift.readers.basereader.structured:220: Reader time:
		2025-09-24 12:00:00 (before)
		2025-09-25 12:00:00 (after)
19:41:34 DEBUG   opendrift.readers.basereader.structured:334: Interpolating before (2025-09-24 12:00:00) in space  (linearNDFast)
19:41:34 DEBUG   opendrift.readers.interpolation.structured:97: Initialising interpolator.
19:41:34 DEBUG   opendrift.readers.interpolation.structured:122: Interpolating 10 ensembles for sea_floor_depth_below_sea_level
19:41:34 DEBUG   opendrift.readers.interpolation.structured:122: Interpolating 10 ensembles for sea_water_temperature
19:41:34 DEBUG   opendrift.readers.interpolation.interpolators:115: Converting masked array to numpy array for interpolation
19:41:34 DEBUG   opendrift.readers.interpolation.interpolators:115: Converting masked array to numpy array for interpolation
19:41:34 DEBUG   opendrift.readers.interpolation.interpolators:115: Converting masked array to numpy array for interpolation
19:41:34 DEBUG   opendrift.readers.interpolation.interpolators:115: Converting masked array to numpy array for interpolation
19:41:34 DEBUG   opendrift.readers.interpolation.interpolators:115: Converting masked array to numpy array for interpolation
19:41:34 DEBUG   opendrift.readers.interpolation.interpolators:115: Converting masked array to numpy array for interpolation
19:41:34 DEBUG   opendrift.readers.interpolation.interpolators:115: Converting masked array to numpy array for interpolation
19:41:34 DEBUG   opendrift.readers.interpolation.interpolators:115: Converting masked array to numpy array for interpolation
19:41:34 DEBUG   opendrift.readers.interpolation.interpolators:115: Converting masked array to numpy array for interpolation
19:41:34 DEBUG   opendrift.readers.interpolation.interpolators:115: Converting masked array to numpy array for interpolation
19:41:34 DEBUG   opendrift.readers.interpolation.interpolators:115: Converting masked array to numpy array for interpolation
19:41:34 DEBUG   opendrift.readers.interpolation.interpolators:115: Converting masked array to numpy array for interpolation
19:41:34 DEBUG   opendrift.readers.interpolation.interpolators:115: Converting masked array to numpy array for interpolation
19:41:34 DEBUG   opendrift.readers.interpolation.interpolators:115: Converting masked array to numpy array for interpolation
19:41:34 DEBUG   opendrift.readers.interpolation.interpolators:115: Converting masked array to numpy array for interpolation
19:41:34 DEBUG   opendrift.readers.interpolation.interpolators:115: Converting masked array to numpy array for interpolation
19:41:34 DEBUG   opendrift.readers.interpolation.interpolators:115: Converting masked array to numpy array for interpolation
19:41:34 DEBUG   opendrift.readers.interpolation.interpolators:115: Converting masked array to numpy array for interpolation
19:41:34 DEBUG   opendrift.readers.interpolation.interpolators:115: Converting masked array to numpy array for interpolation
19:41:34 DEBUG   opendrift.readers.interpolation.interpolators:115: Converting masked array to numpy array for interpolation
19:41:34 DEBUG   opendrift.readers.interpolation.structured:122: Interpolating 10 ensembles for x_sea_water_velocity
19:41:34 DEBUG   opendrift.readers.interpolation.structured:122: Interpolating 10 ensembles for y_sea_water_velocity
19:41:34 DEBUG   opendrift.readers.interpolation.structured:122: Interpolating 10 ensembles for sea_surface_height
19:41:34 DEBUG   opendrift.readers.interpolation.interpolators:115: Converting masked array to numpy array for interpolation
19:41:34 DEBUG   opendrift.readers.interpolation.interpolators:115: Converting masked array to numpy array for interpolation
19:41:34 DEBUG   opendrift.readers.interpolation.interpolators:115: Converting masked array to numpy array for interpolation
19:41:34 DEBUG   opendrift.readers.interpolation.interpolators:115: Converting masked array to numpy array for interpolation
19:41:34 DEBUG   opendrift.readers.interpolation.interpolators:115: Converting masked array to numpy array for interpolation
19:41:34 DEBUG   opendrift.readers.interpolation.interpolators:115: Converting masked array to numpy array for interpolation
19:41:34 DEBUG   opendrift.readers.interpolation.interpolators:115: Converting masked array to numpy array for interpolation
19:41:34 DEBUG   opendrift.readers.interpolation.interpolators:115: Converting masked array to numpy array for interpolation
19:41:34 DEBUG   opendrift.readers.interpolation.interpolators:115: Converting masked array to numpy array for interpolation
19:41:34 DEBUG   opendrift.readers.interpolation.interpolators:115: Converting masked array to numpy array for interpolation
19:41:34 DEBUG   opendrift.readers.interpolation.structured:122: Interpolating 10 ensembles for sea_ice_thickness
19:41:34 DEBUG   opendrift.readers.interpolation.interpolators:115: Converting masked array to numpy array for interpolation
19:41:34 DEBUG   opendrift.readers.interpolation.interpolators:115: Converting masked array to numpy array for interpolation
19:41:34 DEBUG   opendrift.readers.interpolation.interpolators:115: Converting masked array to numpy array for interpolation
19:41:34 DEBUG   opendrift.readers.interpolation.interpolators:115: Converting masked array to numpy array for interpolation
19:41:34 DEBUG   opendrift.readers.interpolation.interpolators:115: Converting masked array to numpy array for interpolation
19:41:34 DEBUG   opendrift.readers.interpolation.interpolators:115: Converting masked array to numpy array for interpolation
19:41:34 DEBUG   opendrift.readers.interpolation.interpolators:115: Converting masked array to numpy array for interpolation
19:41:34 DEBUG   opendrift.readers.interpolation.interpolators:115: Converting masked array to numpy array for interpolation
19:41:34 DEBUG   opendrift.readers.interpolation.interpolators:115: Converting masked array to numpy array for interpolation
19:41:34 DEBUG   opendrift.readers.interpolation.interpolators:115: Converting masked array to numpy array for interpolation
19:41:34 DEBUG   opendrift.readers.interpolation.structured:122: Interpolating 10 ensembles for sea_ice_area_fraction
19:41:34 DEBUG   opendrift.readers.interpolation.interpolators:115: Converting masked array to numpy array for interpolation
19:41:34 DEBUG   opendrift.readers.interpolation.interpolators:115: Converting masked array to numpy array for interpolation
19:41:34 DEBUG   opendrift.readers.interpolation.interpolators:115: Converting masked array to numpy array for interpolation
19:41:34 DEBUG   opendrift.readers.interpolation.interpolators:115: Converting masked array to numpy array for interpolation
19:41:34 DEBUG   opendrift.readers.interpolation.interpolators:115: Converting masked array to numpy array for interpolation
19:41:34 DEBUG   opendrift.readers.interpolation.interpolators:115: Converting masked array to numpy array for interpolation
19:41:34 DEBUG   opendrift.readers.interpolation.interpolators:115: Converting masked array to numpy array for interpolation
19:41:34 DEBUG   opendrift.readers.interpolation.interpolators:115: Converting masked array to numpy array for interpolation
19:41:34 DEBUG   opendrift.readers.interpolation.interpolators:115: Converting masked array to numpy array for interpolation
19:41:34 DEBUG   opendrift.readers.interpolation.interpolators:115: Converting masked array to numpy array for interpolation
19:41:34 DEBUG   opendrift.readers.interpolation.structured:122: Interpolating 10 ensembles for sea_ice_x_velocity
19:41:34 DEBUG   opendrift.readers.interpolation.interpolators:115: Converting masked array to numpy array for interpolation
19:41:34 DEBUG   opendrift.readers.interpolation.interpolators:115: Converting masked array to numpy array for interpolation
19:41:34 DEBUG   opendrift.readers.interpolation.interpolators:115: Converting masked array to numpy array for interpolation
19:41:34 DEBUG   opendrift.readers.interpolation.interpolators:115: Converting masked array to numpy array for interpolation
19:41:34 DEBUG   opendrift.readers.interpolation.interpolators:115: Converting masked array to numpy array for interpolation
19:41:34 DEBUG   opendrift.readers.interpolation.interpolators:115: Converting masked array to numpy array for interpolation
19:41:34 DEBUG   opendrift.readers.interpolation.interpolators:115: Converting masked array to numpy array for interpolation
19:41:34 DEBUG   opendrift.readers.interpolation.interpolators:115: Converting masked array to numpy array for interpolation
19:41:34 DEBUG   opendrift.readers.interpolation.interpolators:115: Converting masked array to numpy array for interpolation
19:41:34 DEBUG   opendrift.readers.interpolation.interpolators:115: Converting masked array to numpy array for interpolation
19:41:34 DEBUG   opendrift.readers.interpolation.structured:122: Interpolating 10 ensembles for sea_ice_y_velocity
19:41:34 DEBUG   opendrift.readers.interpolation.interpolators:115: Converting masked array to numpy array for interpolation
19:41:34 DEBUG   opendrift.readers.interpolation.interpolators:115: Converting masked array to numpy array for interpolation
19:41:34 DEBUG   opendrift.readers.interpolation.interpolators:115: Converting masked array to numpy array for interpolation
19:41:34 DEBUG   opendrift.readers.interpolation.interpolators:115: Converting masked array to numpy array for interpolation
19:41:34 DEBUG   opendrift.readers.interpolation.interpolators:115: Converting masked array to numpy array for interpolation
19:41:34 DEBUG   opendrift.readers.interpolation.interpolators:115: Converting masked array to numpy array for interpolation
19:41:34 DEBUG   opendrift.readers.interpolation.interpolators:115: Converting masked array to numpy array for interpolation
19:41:34 DEBUG   opendrift.readers.interpolation.interpolators:115: Converting masked array to numpy array for interpolation
19:41:34 DEBUG   opendrift.readers.interpolation.interpolators:115: Converting masked array to numpy array for interpolation
19:41:34 DEBUG   opendrift.readers.interpolation.interpolators:115: Converting masked array to numpy array for interpolation
19:41:34 DEBUG   opendrift.readers.basereader.structured:340: Interpolating after (2025-09-25 12:00:00) in space  (linearNDFast)
19:41:34 DEBUG   opendrift.readers.interpolation.structured:97: Initialising interpolator.
19:41:34 DEBUG   opendrift.readers.interpolation.structured:122: Interpolating 10 ensembles for sea_floor_depth_below_sea_level
19:41:34 DEBUG   opendrift.readers.interpolation.structured:122: Interpolating 10 ensembles for sea_water_temperature
19:41:34 DEBUG   opendrift.readers.interpolation.interpolators:115: Converting masked array to numpy array for interpolation
19:41:34 DEBUG   opendrift.readers.interpolation.interpolators:115: Converting masked array to numpy array for interpolation
19:41:34 DEBUG   opendrift.readers.interpolation.interpolators:115: Converting masked array to numpy array for interpolation
19:41:34 DEBUG   opendrift.readers.interpolation.interpolators:115: Converting masked array to numpy array for interpolation
19:41:34 DEBUG   opendrift.readers.interpolation.interpolators:115: Converting masked array to numpy array for interpolation
19:41:34 DEBUG   opendrift.readers.interpolation.interpolators:115: Converting masked array to numpy array for interpolation
19:41:34 DEBUG   opendrift.readers.interpolation.interpolators:115: Converting masked array to numpy array for interpolation
19:41:34 DEBUG   opendrift.readers.interpolation.interpolators:115: Converting masked array to numpy array for interpolation
19:41:34 DEBUG   opendrift.readers.interpolation.interpolators:115: Converting masked array to numpy array for interpolation
19:41:34 DEBUG   opendrift.readers.interpolation.interpolators:115: Converting masked array to numpy array for interpolation
19:41:34 DEBUG   opendrift.readers.interpolation.interpolators:115: Converting masked array to numpy array for interpolation
19:41:34 DEBUG   opendrift.readers.interpolation.interpolators:115: Converting masked array to numpy array for interpolation
19:41:34 DEBUG   opendrift.readers.interpolation.interpolators:115: Converting masked array to numpy array for interpolation
19:41:34 DEBUG   opendrift.readers.interpolation.interpolators:115: Converting masked array to numpy array for interpolation
19:41:34 DEBUG   opendrift.readers.interpolation.interpolators:115: Converting masked array to numpy array for interpolation
19:41:34 DEBUG   opendrift.readers.interpolation.interpolators:115: Converting masked array to numpy array for interpolation
19:41:34 DEBUG   opendrift.readers.interpolation.interpolators:115: Converting masked array to numpy array for interpolation
19:41:34 DEBUG   opendrift.readers.interpolation.interpolators:115: Converting masked array to numpy array for interpolation
19:41:34 DEBUG   opendrift.readers.interpolation.interpolators:115: Converting masked array to numpy array for interpolation
19:41:34 DEBUG   opendrift.readers.interpolation.interpolators:115: Converting masked array to numpy array for interpolation
19:41:34 DEBUG   opendrift.readers.interpolation.structured:122: Interpolating 10 ensembles for x_sea_water_velocity
19:41:34 DEBUG   opendrift.readers.interpolation.structured:122: Interpolating 10 ensembles for y_sea_water_velocity
19:41:34 DEBUG   opendrift.readers.interpolation.structured:122: Interpolating 10 ensembles for sea_surface_height
19:41:34 DEBUG   opendrift.readers.interpolation.interpolators:115: Converting masked array to numpy array for interpolation
19:41:34 DEBUG   opendrift.readers.interpolation.interpolators:115: Converting masked array to numpy array for interpolation
19:41:34 DEBUG   opendrift.readers.interpolation.interpolators:115: Converting masked array to numpy array for interpolation
19:41:34 DEBUG   opendrift.readers.interpolation.interpolators:115: Converting masked array to numpy array for interpolation
19:41:34 DEBUG   opendrift.readers.interpolation.interpolators:115: Converting masked array to numpy array for interpolation
19:41:34 DEBUG   opendrift.readers.interpolation.interpolators:115: Converting masked array to numpy array for interpolation
19:41:34 DEBUG   opendrift.readers.interpolation.interpolators:115: Converting masked array to numpy array for interpolation
19:41:34 DEBUG   opendrift.readers.interpolation.interpolators:115: Converting masked array to numpy array for interpolation
19:41:34 DEBUG   opendrift.readers.interpolation.interpolators:115: Converting masked array to numpy array for interpolation
19:41:34 DEBUG   opendrift.readers.interpolation.interpolators:115: Converting masked array to numpy array for interpolation
19:41:34 DEBUG   opendrift.readers.interpolation.structured:122: Interpolating 10 ensembles for sea_ice_thickness
19:41:34 DEBUG   opendrift.readers.interpolation.interpolators:115: Converting masked array to numpy array for interpolation
19:41:34 DEBUG   opendrift.readers.interpolation.interpolators:115: Converting masked array to numpy array for interpolation
19:41:34 DEBUG   opendrift.readers.interpolation.interpolators:115: Converting masked array to numpy array for interpolation
19:41:34 DEBUG   opendrift.readers.interpolation.interpolators:115: Converting masked array to numpy array for interpolation
19:41:34 DEBUG   opendrift.readers.interpolation.interpolators:115: Converting masked array to numpy array for interpolation
19:41:34 DEBUG   opendrift.readers.interpolation.interpolators:115: Converting masked array to numpy array for interpolation
19:41:34 DEBUG   opendrift.readers.interpolation.interpolators:115: Converting masked array to numpy array for interpolation
19:41:34 DEBUG   opendrift.readers.interpolation.interpolators:115: Converting masked array to numpy array for interpolation
19:41:34 DEBUG   opendrift.readers.interpolation.interpolators:115: Converting masked array to numpy array for interpolation
19:41:34 DEBUG   opendrift.readers.interpolation.interpolators:115: Converting masked array to numpy array for interpolation
19:41:34 DEBUG   opendrift.readers.interpolation.structured:122: Interpolating 10 ensembles for sea_ice_area_fraction
19:41:34 DEBUG   opendrift.readers.interpolation.interpolators:115: Converting masked array to numpy array for interpolation
19:41:34 DEBUG   opendrift.readers.interpolation.interpolators:115: Converting masked array to numpy array for interpolation
19:41:34 DEBUG   opendrift.readers.interpolation.interpolators:115: Converting masked array to numpy array for interpolation
19:41:34 DEBUG   opendrift.readers.interpolation.interpolators:115: Converting masked array to numpy array for interpolation
19:41:34 DEBUG   opendrift.readers.interpolation.interpolators:115: Converting masked array to numpy array for interpolation
19:41:34 DEBUG   opendrift.readers.interpolation.interpolators:115: Converting masked array to numpy array for interpolation
19:41:34 DEBUG   opendrift.readers.interpolation.interpolators:115: Converting masked array to numpy array for interpolation
19:41:34 DEBUG   opendrift.readers.interpolation.interpolators:115: Converting masked array to numpy array for interpolation
19:41:34 DEBUG   opendrift.readers.interpolation.interpolators:115: Converting masked array to numpy array for interpolation
19:41:34 DEBUG   opendrift.readers.interpolation.interpolators:115: Converting masked array to numpy array for interpolation
19:41:34 DEBUG   opendrift.readers.interpolation.structured:122: Interpolating 10 ensembles for sea_ice_x_velocity
19:41:34 DEBUG   opendrift.readers.interpolation.interpolators:115: Converting masked array to numpy array for interpolation
19:41:34 DEBUG   opendrift.readers.interpolation.interpolators:115: Converting masked array to numpy array for interpolation
19:41:34 DEBUG   opendrift.readers.interpolation.interpolators:115: Converting masked array to numpy array for interpolation
19:41:34 DEBUG   opendrift.readers.interpolation.interpolators:115: Converting masked array to numpy array for interpolation
19:41:34 DEBUG   opendrift.readers.interpolation.interpolators:115: Converting masked array to numpy array for interpolation
19:41:34 DEBUG   opendrift.readers.interpolation.interpolators:115: Converting masked array to numpy array for interpolation
19:41:34 DEBUG   opendrift.readers.interpolation.interpolators:115: Converting masked array to numpy array for interpolation
19:41:34 DEBUG   opendrift.readers.interpolation.interpolators:115: Converting masked array to numpy array for interpolation
19:41:34 DEBUG   opendrift.readers.interpolation.interpolators:115: Converting masked array to numpy array for interpolation
19:41:34 DEBUG   opendrift.readers.interpolation.interpolators:115: Converting masked array to numpy array for interpolation
19:41:34 DEBUG   opendrift.readers.interpolation.structured:122: Interpolating 10 ensembles for sea_ice_y_velocity
19:41:34 DEBUG   opendrift.readers.interpolation.interpolators:115: Converting masked array to numpy array for interpolation
19:41:34 DEBUG   opendrift.readers.interpolation.interpolators:115: Converting masked array to numpy array for interpolation
19:41:34 DEBUG   opendrift.readers.interpolation.interpolators:115: Converting masked array to numpy array for interpolation
19:41:34 DEBUG   opendrift.readers.interpolation.interpolators:115: Converting masked array to numpy array for interpolation
19:41:34 DEBUG   opendrift.readers.interpolation.interpolators:115: Converting masked array to numpy array for interpolation
19:41:34 DEBUG   opendrift.readers.interpolation.interpolators:115: Converting masked array to numpy array for interpolation
19:41:34 DEBUG   opendrift.readers.interpolation.interpolators:115: Converting masked array to numpy array for interpolation
19:41:34 DEBUG   opendrift.readers.interpolation.interpolators:115: Converting masked array to numpy array for interpolation
19:41:34 DEBUG   opendrift.readers.interpolation.interpolators:115: Converting masked array to numpy array for interpolation
19:41:34 DEBUG   opendrift.readers.interpolation.interpolators:115: Converting masked array to numpy array for interpolation
19:41:34 DEBUG   opendrift.readers.basereader.structured:355: Interpolating before (2025-09-24 12:00:00, weight 0.62) and
		      after (2025-09-25 12:00:00, weight 0.38) in time
19:41:34 DEBUG   opendrift.readers.basereader.structured:368: Interpolating profiles in time
19:41:34 DEBUG   opendrift.readers.basereader.variables:100: Rotating vectors between -13.257915794336032 and -13.10547946101443 degrees.
19:41:34 DEBUG   opendrift.readers.basereader.variables:100: Rotating vectors between -13.257915794336032 and -13.10547946101443 degrees.
19:41:34 DEBUG   opendrift.readers.basereader.variables:100: Rotating vectors between -13.257915794336032 and -13.10547946101443 degrees.
19:41:34 DEBUG   opendrift.models.basemodel.environment:762: Obtained data for all elements.
19:41:34 DEBUG   opendrift.models.basemodel.environment:599: ----------------------------------------
19:41:34 DEBUG   opendrift.models.basemodel.environment:600: Variable group ['land_binary_mask']
19:41:34 DEBUG   opendrift.models.basemodel.environment:601: ----------------------------------------
19:41:34 DEBUG   opendrift.models.basemodel.environment:605: Calling reader global_landmask
19:41:34 DEBUG   opendrift.models.basemodel.environment:606: ----------------------------------------
19:41:34 DEBUG   opendrift.models.basemodel.environment:626: Data needed for 10 elements
19:41:34 DEBUG   opendrift.readers.basereader.variables:761: Fetching variables from global_landmask covering 10 elements
19:41:34 DEBUG   opendrift.readers.basereader.continuous:37: Fetched env-before
19:41:34 DEBUG   opendrift.readers.basereader.variables:639: Checking land_binary_mask for invalid values
19:41:34 DEBUG   opendrift.readers.basereader.variables:797: Reader projection is latlon - rotation of vectors is not needed.
19:41:34 DEBUG   opendrift.models.basemodel.environment:762: Obtained data for all elements.
19:41:34 DEBUG   opendrift.models.basemodel.environment:599: ----------------------------------------
19:41:34 DEBUG   opendrift.models.basemodel.environment:600: Variable group ['x_wind', 'y_wind']
19:41:34 DEBUG   opendrift.models.basemodel.environment:601: ----------------------------------------
19:41:34 DEBUG   opendrift.models.basemodel.environment:605: Calling reader cmems_obs-wind_glo_phy_nrt_l4_0.125deg_PT1H
19:41:34 DEBUG   opendrift.models.basemodel.environment:606: ----------------------------------------
19:41:34 DEBUG   opendrift.models.basemodel.environment:626: Data needed for 10 elements
19:41:34 DEBUG   opendrift.readers.basereader.variables:761: Fetching variables from cmems_obs-wind_glo_phy_nrt_l4_0.125deg_PT1H covering 10 elements
19:41:34 DEBUG   opendrift.readers.basereader.structured:208: Shifting coordinates to -180-180
19:41:34 DEBUG   opendrift.readers.basereader.structured:220: Reader time:
		2025-09-24 21:00:00 (before)
		2025-09-24 22:00:00 (after)
19:41:34 DEBUG   opendrift.readers.reader_netCDF_CF_generic:470: Using eastward_wind to retrieve x_wind
19:41:34 DEBUG   opendrift.readers.reader_netCDF_CF_generic:470: Using northward_wind to retrieve y_wind
19:41:34 DEBUG   opendrift.readers.reader_netCDF_CF_generic:592: North is up, no rotation necessary
19:41:34 DEBUG   opendrift.readers.basereader.variables:639: Checking x_wind for invalid values
19:41:34 DEBUG   opendrift.readers.basereader.variables:639: Checking y_wind for invalid values
19:41:34 DEBUG   opendrift.readers.basereader.structured:290: Fetched env-block (size 8x8x1) for time before (2025-09-24 21:00:00)
19:41:34 DEBUG   opendrift.readers.basereader.structured:334: Interpolating before (2025-09-24 21:00:00) in space  (linearNDFast)
19:41:34 DEBUG   opendrift.readers.interpolation.structured:97: Initialising interpolator.
19:41:34 DEBUG   opendrift.readers.basereader.structured:388: No time interpolation needed - right on time.
19:41:34 DEBUG   opendrift.readers.basereader.variables:797: Reader projection is latlon - rotation of vectors is not needed.
19:41:34 DEBUG   opendrift.models.basemodel.environment:762: Obtained data for all elements.
19:41:34 DEBUG   opendrift.models.basemodel.environment:775: ---------------------------------------
19:41:34 DEBUG   opendrift.models.basemodel.environment:776: Finished processing all variable groups
19:41:34 DEBUG   opendrift.models.basemodel.environment:812:       Using fallback value 0 for x_sea_water_velocity for 0 profiles
19:41:34 DEBUG   opendrift.models.basemodel.environment:812:       Using fallback value 0 for y_sea_water_velocity for 0 profiles
19:41:34 DEBUG   opendrift.models.basemodel.environment:812:       Using fallback value 2 for sea_water_temperature for 0 profiles
19:41:34 DEBUG   opendrift.models.basemodel.environment:801:       Using fallback value 35 for sea_water_salinity for all profiles
19:41:34 DEBUG   opendrift.models.basemodel.environment:898: ------------ SUMMARY -------------
19:41:34 DEBUG   opendrift.models.basemodel.environment:900:     x_sea_water_velocity: -0.0419678 (min) 0.0191662 (max)
19:41:34 DEBUG   opendrift.models.basemodel.environment:900:     y_sea_water_velocity: 0.0728353 (min) 0.240146 (max)
19:41:34 DEBUG   opendrift.models.basemodel.environment:900:     sea_floor_depth_below_sea_level: 29.3362 (min) 63.5334 (max)
19:41:34 DEBUG   opendrift.models.basemodel.environment:900:     sea_surface_height: -0.394871 (min) -0.368881 (max)
19:41:34 DEBUG   opendrift.models.basemodel.environment:900:     sea_surface_x_slope: 0 (min) 0 (max)
19:41:34 DEBUG   opendrift.models.basemodel.environment:900:     sea_surface_y_slope: 0 (min) 0 (max)
19:41:34 DEBUG   opendrift.models.basemodel.environment:900:     x_wind: -7.79053 (min) -6.84687 (max)
19:41:34 DEBUG   opendrift.models.basemodel.environment:900:     y_wind: 9.90861 (min) 10.6823 (max)
19:41:34 DEBUG   opendrift.models.basemodel.environment:900:     horizontal_diffusivity: 0 (min) 0 (max)
19:41:34 DEBUG   opendrift.models.basemodel.environment:900:     sea_surface_wave_significant_height: 0 (min) 0 (max)
19:41:34 DEBUG   opendrift.models.basemodel.environment:900:     sea_surface_wave_from_direction: 0 (min) 0 (max)
19:41:34 DEBUG   opendrift.models.basemodel.environment:900:     sea_surface_wave_stokes_drift_x_velocity: 0 (min) 0 (max)
19:41:34 DEBUG   opendrift.models.basemodel.environment:900:     sea_surface_wave_stokes_drift_y_velocity: 0 (min) 0 (max)
19:41:34 DEBUG   opendrift.models.basemodel.environment:900:     sea_water_temperature: 2.05881 (min) 2.56665 (max)
19:41:34 DEBUG   opendrift.models.basemodel.environment:900:     sea_water_salinity: 35 (min) 35 (max)
19:41:34 DEBUG   opendrift.models.basemodel.environment:900:     sea_ice_area_fraction: 0 (min) 0 (max)
19:41:34 DEBUG   opendrift.models.basemodel.environment:900:     sea_ice_thickness: 0 (min) 0 (max)
19:41:34 DEBUG   opendrift.models.basemodel.environment:900:     sea_ice_x_velocity: 0 (min) 0 (max)
19:41:34 DEBUG   opendrift.models.basemodel.environment:900:     sea_ice_y_velocity: 0 (min) 0 (max)
19:41:34 DEBUG   opendrift.models.basemodel.environment:900:     land_binary_mask: 0 (min) 0 (max)
19:41:34 DEBUG   opendrift.models.basemodel.environment:902: ---------------------------------
19:41:34 DEBUG   opendrift.models.physics_methods:823: Calculating Hs from wind, min: 3.609202, mean: 3.709815, max: 4.300193
19:41:34 WARNING opendrift.models.physics_methods:832: Setting wave direction equal to wind direction, min: -36.102909, mean: -35.102901, max: -34.420868
19:41:34 DEBUG   opendrift:689: No elements hit coastline.
19:41:34 DEBUG   opendrift:760: No elements hit seafloor.
19:41:34 DEBUG   opendrift:1732: No elements to deactivate
19:41:34 DEBUG   opendrift:2193: Calling OpenBerg.update()
19:41:34 DEBUG   opendrift.models.openberg:507: Advection with surface currents
19:41:34 DEBUG   opendrift.models.openberg:569: Grounding condition: Icebergs grounded = 9
19:41:34 DEBUG   opendrift:1680: Horizontal diffusivity is 0, no random walk.
19:41:34 DEBUG   opendrift:904: to be seeded: 250, already seeded 10
19:41:34 DEBUG   opendrift:926: Released 0 new elements.
19:41:34 DEBUG   opendrift:2135: ======================================================================
19:41:34 INFO    opendrift:2136: 2025-09-24 22:00:00 - step 23 of 1872 - 10 active elements (0 deactivated)
19:41:34 DEBUG   opendrift:2142: 250 elements scheduled.
19:41:34 DEBUG   opendrift:2144: ======================================================================
19:41:34 DEBUG   opendrift:2155: 		74.99825286865234 <- latitude -> 75.22077272326426
19:41:34 DEBUG   opendrift:2155: 		-58.26694157369375 <- longitude -> -58.09977340698242
19:41:34 DEBUG   opendrift:2153: 		z = 0.0
19:41:34 DEBUG   opendrift:2156: ---------------------------------
19:41:34 DEBUG   opendrift.models.basemodel.environment:599: ----------------------------------------
19:41:34 DEBUG   opendrift.models.basemodel.environment:600: Variable group ['sea_floor_depth_below_sea_level', 'sea_water_temperature', 'x_sea_water_velocity', 'y_sea_water_velocity', 'sea_surface_height', 'sea_ice_thickness', 'sea_ice_area_fraction', 'sea_ice_x_velocity', 'sea_ice_y_velocity']
19:41:34 DEBUG   opendrift.models.basemodel.environment:601: ----------------------------------------
19:41:34 DEBUG   opendrift.models.basemodel.environment:605: Calling reader Ensemble reader
19:41:34 DEBUG   opendrift.models.basemodel.environment:606: ----------------------------------------
19:41:34 DEBUG   opendrift.models.basemodel.environment:626: Data needed for 10 elements
19:41:34 DEBUG   opendrift.readers.basereader.variables:761: Fetching variables from Ensemble reader covering 10 elements
19:41:34 DEBUG   opendrift.readers.basereader.structured:220: Reader time:
		2025-09-24 12:00:00 (before)
		2025-09-25 12:00:00 (after)
19:41:34 DEBUG   opendrift.readers.basereader.structured:334: Interpolating before (2025-09-24 12:00:00) in space  (linearNDFast)
19:41:34 DEBUG   opendrift.readers.interpolation.structured:97: Initialising interpolator.
19:41:34 DEBUG   opendrift.readers.interpolation.structured:122: Interpolating 10 ensembles for sea_floor_depth_below_sea_level
19:41:34 DEBUG   opendrift.readers.interpolation.structured:122: Interpolating 10 ensembles for sea_water_temperature
19:41:34 DEBUG   opendrift.readers.interpolation.interpolators:115: Converting masked array to numpy array for interpolation
19:41:34 DEBUG   opendrift.readers.interpolation.interpolators:115: Converting masked array to numpy array for interpolation
19:41:34 DEBUG   opendrift.readers.interpolation.interpolators:115: Converting masked array to numpy array for interpolation
19:41:34 DEBUG   opendrift.readers.interpolation.interpolators:115: Converting masked array to numpy array for interpolation
19:41:34 DEBUG   opendrift.readers.interpolation.interpolators:115: Converting masked array to numpy array for interpolation
19:41:34 DEBUG   opendrift.readers.interpolation.interpolators:115: Converting masked array to numpy array for interpolation
19:41:34 DEBUG   opendrift.readers.interpolation.interpolators:115: Converting masked array to numpy array for interpolation
19:41:34 DEBUG   opendrift.readers.interpolation.interpolators:115: Converting masked array to numpy array for interpolation
19:41:34 DEBUG   opendrift.readers.interpolation.interpolators:115: Converting masked array to numpy array for interpolation
19:41:34 DEBUG   opendrift.readers.interpolation.interpolators:115: Converting masked array to numpy array for interpolation
19:41:34 DEBUG   opendrift.readers.interpolation.interpolators:115: Converting masked array to numpy array for interpolation
19:41:34 DEBUG   opendrift.readers.interpolation.interpolators:115: Converting masked array to numpy array for interpolation
19:41:34 DEBUG   opendrift.readers.interpolation.interpolators:115: Converting masked array to numpy array for interpolation
19:41:34 DEBUG   opendrift.readers.interpolation.interpolators:115: Converting masked array to numpy array for interpolation
19:41:34 DEBUG   opendrift.readers.interpolation.interpolators:115: Converting masked array to numpy array for interpolation
19:41:34 DEBUG   opendrift.readers.interpolation.interpolators:115: Converting masked array to numpy array for interpolation
19:41:34 DEBUG   opendrift.readers.interpolation.interpolators:115: Converting masked array to numpy array for interpolation
19:41:34 DEBUG   opendrift.readers.interpolation.interpolators:115: Converting masked array to numpy array for interpolation
19:41:34 DEBUG   opendrift.readers.interpolation.interpolators:115: Converting masked array to numpy array for interpolation
19:41:34 DEBUG   opendrift.readers.interpolation.interpolators:115: Converting masked array to numpy array for interpolation
19:41:34 DEBUG   opendrift.readers.interpolation.structured:122: Interpolating 10 ensembles for x_sea_water_velocity
19:41:34 DEBUG   opendrift.readers.interpolation.structured:122: Interpolating 10 ensembles for y_sea_water_velocity
19:41:34 DEBUG   opendrift.readers.interpolation.structured:122: Interpolating 10 ensembles for sea_surface_height
19:41:34 DEBUG   opendrift.readers.interpolation.interpolators:115: Converting masked array to numpy array for interpolation
19:41:34 DEBUG   opendrift.readers.interpolation.interpolators:115: Converting masked array to numpy array for interpolation
19:41:34 DEBUG   opendrift.readers.interpolation.interpolators:115: Converting masked array to numpy array for interpolation
19:41:34 DEBUG   opendrift.readers.interpolation.interpolators:115: Converting masked array to numpy array for interpolation
19:41:34 DEBUG   opendrift.readers.interpolation.interpolators:115: Converting masked array to numpy array for interpolation
19:41:34 DEBUG   opendrift.readers.interpolation.interpolators:115: Converting masked array to numpy array for interpolation
19:41:34 DEBUG   opendrift.readers.interpolation.interpolators:115: Converting masked array to numpy array for interpolation
19:41:34 DEBUG   opendrift.readers.interpolation.interpolators:115: Converting masked array to numpy array for interpolation
19:41:34 DEBUG   opendrift.readers.interpolation.interpolators:115: Converting masked array to numpy array for interpolation
19:41:34 DEBUG   opendrift.readers.interpolation.interpolators:115: Converting masked array to numpy array for interpolation
19:41:34 DEBUG   opendrift.readers.interpolation.structured:122: Interpolating 10 ensembles for sea_ice_thickness
19:41:34 DEBUG   opendrift.readers.interpolation.interpolators:115: Converting masked array to numpy array for interpolation
19:41:34 DEBUG   opendrift.readers.interpolation.interpolators:115: Converting masked array to numpy array for interpolation
19:41:34 DEBUG   opendrift.readers.interpolation.interpolators:115: Converting masked array to numpy array for interpolation
19:41:34 DEBUG   opendrift.readers.interpolation.interpolators:115: Converting masked array to numpy array for interpolation
19:41:34 DEBUG   opendrift.readers.interpolation.interpolators:115: Converting masked array to numpy array for interpolation
19:41:34 DEBUG   opendrift.readers.interpolation.interpolators:115: Converting masked array to numpy array for interpolation
19:41:34 DEBUG   opendrift.readers.interpolation.interpolators:115: Converting masked array to numpy array for interpolation
19:41:34 DEBUG   opendrift.readers.interpolation.interpolators:115: Converting masked array to numpy array for interpolation
19:41:34 DEBUG   opendrift.readers.interpolation.interpolators:115: Converting masked array to numpy array for interpolation
19:41:34 DEBUG   opendrift.readers.interpolation.interpolators:115: Converting masked array to numpy array for interpolation
19:41:34 DEBUG   opendrift.readers.interpolation.structured:122: Interpolating 10 ensembles for sea_ice_area_fraction
19:41:34 DEBUG   opendrift.readers.interpolation.interpolators:115: Converting masked array to numpy array for interpolation
19:41:34 DEBUG   opendrift.readers.interpolation.interpolators:115: Converting masked array to numpy array for interpolation
19:41:34 DEBUG   opendrift.readers.interpolation.interpolators:115: Converting masked array to numpy array for interpolation
19:41:34 DEBUG   opendrift.readers.interpolation.interpolators:115: Converting masked array to numpy array for interpolation
19:41:34 DEBUG   opendrift.readers.interpolation.interpolators:115: Converting masked array to numpy array for interpolation
19:41:34 DEBUG   opendrift.readers.interpolation.interpolators:115: Converting masked array to numpy array for interpolation
19:41:34 DEBUG   opendrift.readers.interpolation.interpolators:115: Converting masked array to numpy array for interpolation
19:41:34 DEBUG   opendrift.readers.interpolation.interpolators:115: Converting masked array to numpy array for interpolation
19:41:34 DEBUG   opendrift.readers.interpolation.interpolators:115: Converting masked array to numpy array for interpolation
19:41:34 DEBUG   opendrift.readers.interpolation.interpolators:115: Converting masked array to numpy array for interpolation
19:41:34 DEBUG   opendrift.readers.interpolation.structured:122: Interpolating 10 ensembles for sea_ice_x_velocity
19:41:34 DEBUG   opendrift.readers.interpolation.interpolators:115: Converting masked array to numpy array for interpolation
19:41:34 DEBUG   opendrift.readers.interpolation.interpolators:115: Converting masked array to numpy array for interpolation
19:41:34 DEBUG   opendrift.readers.interpolation.interpolators:115: Converting masked array to numpy array for interpolation
19:41:34 DEBUG   opendrift.readers.interpolation.interpolators:115: Converting masked array to numpy array for interpolation
19:41:34 DEBUG   opendrift.readers.interpolation.interpolators:115: Converting masked array to numpy array for interpolation
19:41:34 DEBUG   opendrift.readers.interpolation.interpolators:115: Converting masked array to numpy array for interpolation
19:41:34 DEBUG   opendrift.readers.interpolation.interpolators:115: Converting masked array to numpy array for interpolation
19:41:34 DEBUG   opendrift.readers.interpolation.interpolators:115: Converting masked array to numpy array for interpolation
19:41:34 DEBUG   opendrift.readers.interpolation.interpolators:115: Converting masked array to numpy array for interpolation
19:41:34 DEBUG   opendrift.readers.interpolation.interpolators:115: Converting masked array to numpy array for interpolation
19:41:34 DEBUG   opendrift.readers.interpolation.structured:122: Interpolating 10 ensembles for sea_ice_y_velocity
19:41:34 DEBUG   opendrift.readers.interpolation.interpolators:115: Converting masked array to numpy array for interpolation
19:41:34 DEBUG   opendrift.readers.interpolation.interpolators:115: Converting masked array to numpy array for interpolation
19:41:34 DEBUG   opendrift.readers.interpolation.interpolators:115: Converting masked array to numpy array for interpolation
19:41:34 DEBUG   opendrift.readers.interpolation.interpolators:115: Converting masked array to numpy array for interpolation
19:41:34 DEBUG   opendrift.readers.interpolation.interpolators:115: Converting masked array to numpy array for interpolation
19:41:34 DEBUG   opendrift.readers.interpolation.interpolators:115: Converting masked array to numpy array for interpolation
19:41:34 DEBUG   opendrift.readers.interpolation.interpolators:115: Converting masked array to numpy array for interpolation
19:41:34 DEBUG   opendrift.readers.interpolation.interpolators:115: Converting masked array to numpy array for interpolation
19:41:34 DEBUG   opendrift.readers.interpolation.interpolators:115: Converting masked array to numpy array for interpolation
19:41:34 DEBUG   opendrift.readers.interpolation.interpolators:115: Converting masked array to numpy array for interpolation
19:41:34 DEBUG   opendrift.readers.basereader.structured:340: Interpolating after (2025-09-25 12:00:00) in space  (linearNDFast)
19:41:34 DEBUG   opendrift.readers.interpolation.structured:97: Initialising interpolator.
19:41:34 DEBUG   opendrift.readers.interpolation.structured:122: Interpolating 10 ensembles for sea_floor_depth_below_sea_level
19:41:34 DEBUG   opendrift.readers.interpolation.structured:122: Interpolating 10 ensembles for sea_water_temperature
19:41:34 DEBUG   opendrift.readers.interpolation.interpolators:115: Converting masked array to numpy array for interpolation
19:41:34 DEBUG   opendrift.readers.interpolation.interpolators:115: Converting masked array to numpy array for interpolation
19:41:34 DEBUG   opendrift.readers.interpolation.interpolators:115: Converting masked array to numpy array for interpolation
19:41:34 DEBUG   opendrift.readers.interpolation.interpolators:115: Converting masked array to numpy array for interpolation
19:41:34 DEBUG   opendrift.readers.interpolation.interpolators:115: Converting masked array to numpy array for interpolation
19:41:34 DEBUG   opendrift.readers.interpolation.interpolators:115: Converting masked array to numpy array for interpolation
19:41:34 DEBUG   opendrift.readers.interpolation.interpolators:115: Converting masked array to numpy array for interpolation
19:41:34 DEBUG   opendrift.readers.interpolation.interpolators:115: Converting masked array to numpy array for interpolation
19:41:34 DEBUG   opendrift.readers.interpolation.interpolators:115: Converting masked array to numpy array for interpolation
19:41:34 DEBUG   opendrift.readers.interpolation.interpolators:115: Converting masked array to numpy array for interpolation
19:41:34 DEBUG   opendrift.readers.interpolation.interpolators:115: Converting masked array to numpy array for interpolation
19:41:34 DEBUG   opendrift.readers.interpolation.interpolators:115: Converting masked array to numpy array for interpolation
19:41:34 DEBUG   opendrift.readers.interpolation.interpolators:115: Converting masked array to numpy array for interpolation
19:41:34 DEBUG   opendrift.readers.interpolation.interpolators:115: Converting masked array to numpy array for interpolation
19:41:34 DEBUG   opendrift.readers.interpolation.interpolators:115: Converting masked array to numpy array for interpolation
19:41:34 DEBUG   opendrift.readers.interpolation.interpolators:115: Converting masked array to numpy array for interpolation
19:41:34 DEBUG   opendrift.readers.interpolation.interpolators:115: Converting masked array to numpy array for interpolation
19:41:34 DEBUG   opendrift.readers.interpolation.interpolators:115: Converting masked array to numpy array for interpolation
19:41:34 DEBUG   opendrift.readers.interpolation.interpolators:115: Converting masked array to numpy array for interpolation
19:41:34 DEBUG   opendrift.readers.interpolation.interpolators:115: Converting masked array to numpy array for interpolation
19:41:34 DEBUG   opendrift.readers.interpolation.structured:122: Interpolating 10 ensembles for x_sea_water_velocity
19:41:34 DEBUG   opendrift.readers.interpolation.structured:122: Interpolating 10 ensembles for y_sea_water_velocity
19:41:34 DEBUG   opendrift.readers.interpolation.structured:122: Interpolating 10 ensembles for sea_surface_height
19:41:34 DEBUG   opendrift.readers.interpolation.interpolators:115: Converting masked array to numpy array for interpolation
19:41:34 DEBUG   opendrift.readers.interpolation.interpolators:115: Converting masked array to numpy array for interpolation
19:41:34 DEBUG   opendrift.readers.interpolation.interpolators:115: Converting masked array to numpy array for interpolation
19:41:34 DEBUG   opendrift.readers.interpolation.interpolators:115: Converting masked array to numpy array for interpolation
19:41:34 DEBUG   opendrift.readers.interpolation.interpolators:115: Converting masked array to numpy array for interpolation
19:41:34 DEBUG   opendrift.readers.interpolation.interpolators:115: Converting masked array to numpy array for interpolation
19:41:34 DEBUG   opendrift.readers.interpolation.interpolators:115: Converting masked array to numpy array for interpolation
19:41:34 DEBUG   opendrift.readers.interpolation.interpolators:115: Converting masked array to numpy array for interpolation
19:41:34 DEBUG   opendrift.readers.interpolation.interpolators:115: Converting masked array to numpy array for interpolation
19:41:34 DEBUG   opendrift.readers.interpolation.interpolators:115: Converting masked array to numpy array for interpolation
19:41:34 DEBUG   opendrift.readers.interpolation.structured:122: Interpolating 10 ensembles for sea_ice_thickness
19:41:34 DEBUG   opendrift.readers.interpolation.interpolators:115: Converting masked array to numpy array for interpolation
19:41:34 DEBUG   opendrift.readers.interpolation.interpolators:115: Converting masked array to numpy array for interpolation
19:41:34 DEBUG   opendrift.readers.interpolation.interpolators:115: Converting masked array to numpy array for interpolation
19:41:34 DEBUG   opendrift.readers.interpolation.interpolators:115: Converting masked array to numpy array for interpolation
19:41:34 DEBUG   opendrift.readers.interpolation.interpolators:115: Converting masked array to numpy array for interpolation
19:41:34 DEBUG   opendrift.readers.interpolation.interpolators:115: Converting masked array to numpy array for interpolation
19:41:34 DEBUG   opendrift.readers.interpolation.interpolators:115: Converting masked array to numpy array for interpolation
19:41:34 DEBUG   opendrift.readers.interpolation.interpolators:115: Converting masked array to numpy array for interpolation
19:41:34 DEBUG   opendrift.readers.interpolation.interpolators:115: Converting masked array to numpy array for interpolation
19:41:34 DEBUG   opendrift.readers.interpolation.interpolators:115: Converting masked array to numpy array for interpolation
19:41:34 DEBUG   opendrift.readers.interpolation.structured:122: Interpolating 10 ensembles for sea_ice_area_fraction
19:41:34 DEBUG   opendrift.readers.interpolation.interpolators:115: Converting masked array to numpy array for interpolation
19:41:34 DEBUG   opendrift.readers.interpolation.interpolators:115: Converting masked array to numpy array for interpolation
19:41:34 DEBUG   opendrift.readers.interpolation.interpolators:115: Converting masked array to numpy array for interpolation
19:41:34 DEBUG   opendrift.readers.interpolation.interpolators:115: Converting masked array to numpy array for interpolation
19:41:34 DEBUG   opendrift.readers.interpolation.interpolators:115: Converting masked array to numpy array for interpolation
19:41:34 DEBUG   opendrift.readers.interpolation.interpolators:115: Converting masked array to numpy array for interpolation
19:41:34 DEBUG   opendrift.readers.interpolation.interpolators:115: Converting masked array to numpy array for interpolation
19:41:34 DEBUG   opendrift.readers.interpolation.interpolators:115: Converting masked array to numpy array for interpolation
19:41:34 DEBUG   opendrift.readers.interpolation.interpolators:115: Converting masked array to numpy array for interpolation
19:41:34 DEBUG   opendrift.readers.interpolation.interpolators:115: Converting masked array to numpy array for interpolation
19:41:34 DEBUG   opendrift.readers.interpolation.structured:122: Interpolating 10 ensembles for sea_ice_x_velocity
19:41:34 DEBUG   opendrift.readers.interpolation.interpolators:115: Converting masked array to numpy array for interpolation
19:41:34 DEBUG   opendrift.readers.interpolation.interpolators:115: Converting masked array to numpy array for interpolation
19:41:34 DEBUG   opendrift.readers.interpolation.interpolators:115: Converting masked array to numpy array for interpolation
19:41:34 DEBUG   opendrift.readers.interpolation.interpolators:115: Converting masked array to numpy array for interpolation
19:41:34 DEBUG   opendrift.readers.interpolation.interpolators:115: Converting masked array to numpy array for interpolation
19:41:34 DEBUG   opendrift.readers.interpolation.interpolators:115: Converting masked array to numpy array for interpolation
19:41:34 DEBUG   opendrift.readers.interpolation.interpolators:115: Converting masked array to numpy array for interpolation
19:41:34 DEBUG   opendrift.readers.interpolation.interpolators:115: Converting masked array to numpy array for interpolation
19:41:34 DEBUG   opendrift.readers.interpolation.interpolators:115: Converting masked array to numpy array for interpolation
19:41:34 DEBUG   opendrift.readers.interpolation.interpolators:115: Converting masked array to numpy array for interpolation
19:41:34 DEBUG   opendrift.readers.interpolation.structured:122: Interpolating 10 ensembles for sea_ice_y_velocity
19:41:34 DEBUG   opendrift.readers.interpolation.interpolators:115: Converting masked array to numpy array for interpolation
19:41:34 DEBUG   opendrift.readers.interpolation.interpolators:115: Converting masked array to numpy array for interpolation
19:41:34 DEBUG   opendrift.readers.interpolation.interpolators:115: Converting masked array to numpy array for interpolation
19:41:34 DEBUG   opendrift.readers.interpolation.interpolators:115: Converting masked array to numpy array for interpolation
19:41:34 DEBUG   opendrift.readers.interpolation.interpolators:115: Converting masked array to numpy array for interpolation
19:41:34 DEBUG   opendrift.readers.interpolation.interpolators:115: Converting masked array to numpy array for interpolation
19:41:34 DEBUG   opendrift.readers.interpolation.interpolators:115: Converting masked array to numpy array for interpolation
19:41:34 DEBUG   opendrift.readers.interpolation.interpolators:115: Converting masked array to numpy array for interpolation
19:41:34 DEBUG   opendrift.readers.interpolation.interpolators:115: Converting masked array to numpy array for interpolation
19:41:34 DEBUG   opendrift.readers.interpolation.interpolators:115: Converting masked array to numpy array for interpolation
19:41:34 DEBUG   opendrift.readers.basereader.structured:355: Interpolating before (2025-09-24 12:00:00, weight 0.58) and
		      after (2025-09-25 12:00:00, weight 0.42) in time
19:41:34 DEBUG   opendrift.readers.basereader.structured:368: Interpolating profiles in time
19:41:34 DEBUG   opendrift.readers.basereader.variables:100: Rotating vectors between -13.272555378772559 and -13.10547946101443 degrees.
19:41:34 DEBUG   opendrift.readers.basereader.variables:100: Rotating vectors between -13.272555378772559 and -13.10547946101443 degrees.
19:41:34 DEBUG   opendrift.readers.basereader.variables:100: Rotating vectors between -13.272555378772559 and -13.10547946101443 degrees.
19:41:34 DEBUG   opendrift.models.basemodel.environment:762: Obtained data for all elements.
19:41:34 DEBUG   opendrift.models.basemodel.environment:599: ----------------------------------------
19:41:34 DEBUG   opendrift.models.basemodel.environment:600: Variable group ['land_binary_mask']
19:41:34 DEBUG   opendrift.models.basemodel.environment:601: ----------------------------------------
19:41:34 DEBUG   opendrift.models.basemodel.environment:605: Calling reader global_landmask
19:41:34 DEBUG   opendrift.models.basemodel.environment:606: ----------------------------------------
19:41:34 DEBUG   opendrift.models.basemodel.environment:626: Data needed for 10 elements
19:41:34 DEBUG   opendrift.readers.basereader.variables:761: Fetching variables from global_landmask covering 10 elements
19:41:34 DEBUG   opendrift.readers.basereader.continuous:37: Fetched env-before
19:41:34 DEBUG   opendrift.readers.basereader.variables:639: Checking land_binary_mask for invalid values
19:41:34 DEBUG   opendrift.readers.basereader.variables:797: Reader projection is latlon - rotation of vectors is not needed.
19:41:34 DEBUG   opendrift.models.basemodel.environment:762: Obtained data for all elements.
19:41:34 DEBUG   opendrift.models.basemodel.environment:599: ----------------------------------------
19:41:34 DEBUG   opendrift.models.basemodel.environment:600: Variable group ['x_wind', 'y_wind']
19:41:34 DEBUG   opendrift.models.basemodel.environment:601: ----------------------------------------
19:41:34 DEBUG   opendrift.models.basemodel.environment:605: Calling reader cmems_obs-wind_glo_phy_nrt_l4_0.125deg_PT1H
19:41:34 DEBUG   opendrift.models.basemodel.environment:606: ----------------------------------------
19:41:34 DEBUG   opendrift.models.basemodel.environment:626: Data needed for 10 elements
19:41:34 DEBUG   opendrift.readers.basereader.variables:761: Fetching variables from cmems_obs-wind_glo_phy_nrt_l4_0.125deg_PT1H covering 10 elements
19:41:34 DEBUG   opendrift.readers.basereader.structured:208: Shifting coordinates to -180-180
19:41:34 DEBUG   opendrift.readers.basereader.structured:220: Reader time:
		2025-09-24 22:00:00 (before)
		2025-09-24 23:00:00 (after)
19:41:34 DEBUG   opendrift.readers.reader_netCDF_CF_generic:470: Using eastward_wind to retrieve x_wind
19:41:34 DEBUG   opendrift.readers.reader_netCDF_CF_generic:470: Using northward_wind to retrieve y_wind
19:41:34 DEBUG   opendrift.readers.reader_netCDF_CF_generic:592: North is up, no rotation necessary
19:41:34 DEBUG   opendrift.readers.basereader.variables:639: Checking x_wind for invalid values
19:41:34 DEBUG   opendrift.readers.basereader.variables:639: Checking y_wind for invalid values
19:41:34 DEBUG   opendrift.readers.basereader.structured:290: Fetched env-block (size 8x8x1) for time before (2025-09-24 22:00:00)
19:41:34 DEBUG   opendrift.readers.basereader.structured:334: Interpolating before (2025-09-24 22:00:00) in space  (linearNDFast)
19:41:34 DEBUG   opendrift.readers.interpolation.structured:97: Initialising interpolator.
19:41:34 DEBUG   opendrift.readers.basereader.structured:388: No time interpolation needed - right on time.
19:41:34 DEBUG   opendrift.readers.basereader.variables:797: Reader projection is latlon - rotation of vectors is not needed.
19:41:34 DEBUG   opendrift.models.basemodel.environment:762: Obtained data for all elements.
19:41:34 DEBUG   opendrift.models.basemodel.environment:775: ---------------------------------------
19:41:34 DEBUG   opendrift.models.basemodel.environment:776: Finished processing all variable groups
19:41:34 DEBUG   opendrift.models.basemodel.environment:812:       Using fallback value 0 for x_sea_water_velocity for 0 profiles
19:41:34 DEBUG   opendrift.models.basemodel.environment:812:       Using fallback value 0 for y_sea_water_velocity for 0 profiles
19:41:34 DEBUG   opendrift.models.basemodel.environment:812:       Using fallback value 2 for sea_water_temperature for 0 profiles
19:41:34 DEBUG   opendrift.models.basemodel.environment:801:       Using fallback value 35 for sea_water_salinity for all profiles
19:41:34 DEBUG   opendrift.models.basemodel.environment:898: ------------ SUMMARY -------------
19:41:34 DEBUG   opendrift.models.basemodel.environment:900:     x_sea_water_velocity: -0.0429133 (min) 0.0198496 (max)
19:41:34 DEBUG   opendrift.models.basemodel.environment:900:     y_sea_water_velocity: 0.0693277 (min) 0.239951 (max)
19:41:34 DEBUG   opendrift.models.basemodel.environment:900:     sea_floor_depth_below_sea_level: 29.5289 (min) 63.5334 (max)
19:41:34 DEBUG   opendrift.models.basemodel.environment:900:     sea_surface_height: -0.393208 (min) -0.368054 (max)
19:41:34 DEBUG   opendrift.models.basemodel.environment:900:     sea_surface_x_slope: 0 (min) 0 (max)
19:41:34 DEBUG   opendrift.models.basemodel.environment:900:     sea_surface_y_slope: 0 (min) 0 (max)
19:41:34 DEBUG   opendrift.models.basemodel.environment:900:     x_wind: -7.70198 (min) -6.9386 (max)
19:41:34 DEBUG   opendrift.models.basemodel.environment:900:     y_wind: 10.3397 (min) 11.2208 (max)
19:41:34 DEBUG   opendrift.models.basemodel.environment:900:     horizontal_diffusivity: 0 (min) 0 (max)
19:41:34 DEBUG   opendrift.models.basemodel.environment:900:     sea_surface_wave_significant_height: 0 (min) 0 (max)
19:41:34 DEBUG   opendrift.models.basemodel.environment:900:     sea_surface_wave_from_direction: 0 (min) 0 (max)
19:41:34 DEBUG   opendrift.models.basemodel.environment:900:     sea_surface_wave_stokes_drift_x_velocity: 0 (min) 0 (max)
19:41:34 DEBUG   opendrift.models.basemodel.environment:900:     sea_surface_wave_stokes_drift_y_velocity: 0 (min) 0 (max)
19:41:34 DEBUG   opendrift.models.basemodel.environment:900:     sea_water_temperature: 2.05685 (min) 2.5825 (max)
19:41:34 DEBUG   opendrift.models.basemodel.environment:900:     sea_water_salinity: 35 (min) 35 (max)
19:41:34 DEBUG   opendrift.models.basemodel.environment:900:     sea_ice_area_fraction: 0 (min) 0 (max)
19:41:34 DEBUG   opendrift.models.basemodel.environment:900:     sea_ice_thickness: 0 (min) 0 (max)
19:41:34 DEBUG   opendrift.models.basemodel.environment:900:     sea_ice_x_velocity: 0 (min) 0 (max)
19:41:34 DEBUG   opendrift.models.basemodel.environment:900:     sea_ice_y_velocity: 0 (min) 0 (max)
19:41:34 DEBUG   opendrift.models.basemodel.environment:900:     land_binary_mask: 0 (min) 0 (max)
19:41:34 DEBUG   opendrift.models.basemodel.environment:902: ---------------------------------
19:41:34 DEBUG   opendrift.models.physics_methods:823: Calculating Hs from wind, min: 3.848992, mean: 3.948550, max: 4.556564
19:41:34 WARNING opendrift.models.physics_methods:832: Setting wave direction equal to wind direction, min: -34.638462, mean: -34.226162, max: -33.690735
19:41:34 DEBUG   opendrift:689: No elements hit coastline.
19:41:34 DEBUG   opendrift:760: No elements hit seafloor.
19:41:34 DEBUG   opendrift:1732: No elements to deactivate
19:41:34 DEBUG   opendrift:2193: Calling OpenBerg.update()
19:41:34 DEBUG   opendrift.models.openberg:507: Advection with surface currents
19:41:34 DEBUG   opendrift.models.openberg:569: Grounding condition: Icebergs grounded = 9
19:41:34 DEBUG   opendrift:1680: Horizontal diffusivity is 0, no random walk.
19:41:34 DEBUG   opendrift:904: to be seeded: 250, already seeded 10
19:41:34 DEBUG   opendrift:926: Released 0 new elements.
19:41:34 DEBUG   opendrift:2135: ======================================================================
19:41:34 INFO    opendrift:2136: 2025-09-24 23:00:00 - step 24 of 1872 - 10 active elements (0 deactivated)
19:41:34 DEBUG   opendrift:2142: 250 elements scheduled.
19:41:34 DEBUG   opendrift:2144: ======================================================================
19:41:34 DEBUG   opendrift:2155: 		74.99825286865234 <- latitude -> 75.23096391322804
19:41:34 DEBUG   opendrift:2155: 		-58.28146336000269 <- longitude -> -58.09977340698242
19:41:34 DEBUG   opendrift:2153: 		z = 0.0
19:41:34 DEBUG   opendrift:2156: ---------------------------------
19:41:34 DEBUG   opendrift.models.basemodel.environment:599: ----------------------------------------
19:41:34 DEBUG   opendrift.models.basemodel.environment:600: Variable group ['sea_floor_depth_below_sea_level', 'sea_water_temperature', 'x_sea_water_velocity', 'y_sea_water_velocity', 'sea_surface_height', 'sea_ice_thickness', 'sea_ice_area_fraction', 'sea_ice_x_velocity', 'sea_ice_y_velocity']
19:41:34 DEBUG   opendrift.models.basemodel.environment:601: ----------------------------------------
19:41:34 DEBUG   opendrift.models.basemodel.environment:605: Calling reader Ensemble reader
19:41:34 DEBUG   opendrift.models.basemodel.environment:606: ----------------------------------------
19:41:34 DEBUG   opendrift.models.basemodel.environment:626: Data needed for 10 elements
19:41:34 DEBUG   opendrift.readers.basereader.variables:761: Fetching variables from Ensemble reader covering 10 elements
19:41:34 DEBUG   opendrift.readers.basereader.structured:220: Reader time:
		2025-09-24 12:00:00 (before)
		2025-09-25 12:00:00 (after)
19:41:34 DEBUG   opendrift.readers.basereader.structured:334: Interpolating before (2025-09-24 12:00:00) in space  (linearNDFast)
19:41:34 DEBUG   opendrift.readers.interpolation.structured:97: Initialising interpolator.
19:41:34 DEBUG   opendrift.readers.interpolation.structured:122: Interpolating 10 ensembles for sea_floor_depth_below_sea_level
19:41:34 DEBUG   opendrift.readers.interpolation.structured:122: Interpolating 10 ensembles for sea_water_temperature
19:41:34 DEBUG   opendrift.readers.interpolation.interpolators:115: Converting masked array to numpy array for interpolation
19:41:34 DEBUG   opendrift.readers.interpolation.interpolators:115: Converting masked array to numpy array for interpolation
19:41:34 DEBUG   opendrift.readers.interpolation.interpolators:115: Converting masked array to numpy array for interpolation
19:41:34 DEBUG   opendrift.readers.interpolation.interpolators:115: Converting masked array to numpy array for interpolation
19:41:34 DEBUG   opendrift.readers.interpolation.interpolators:115: Converting masked array to numpy array for interpolation
19:41:34 DEBUG   opendrift.readers.interpolation.interpolators:115: Converting masked array to numpy array for interpolation
19:41:34 DEBUG   opendrift.readers.interpolation.interpolators:115: Converting masked array to numpy array for interpolation
19:41:34 DEBUG   opendrift.readers.interpolation.interpolators:115: Converting masked array to numpy array for interpolation
19:41:34 DEBUG   opendrift.readers.interpolation.interpolators:115: Converting masked array to numpy array for interpolation
19:41:34 DEBUG   opendrift.readers.interpolation.interpolators:115: Converting masked array to numpy array for interpolation
19:41:34 DEBUG   opendrift.readers.interpolation.interpolators:115: Converting masked array to numpy array for interpolation
19:41:34 DEBUG   opendrift.readers.interpolation.interpolators:115: Converting masked array to numpy array for interpolation
19:41:34 DEBUG   opendrift.readers.interpolation.interpolators:115: Converting masked array to numpy array for interpolation
19:41:34 DEBUG   opendrift.readers.interpolation.interpolators:115: Converting masked array to numpy array for interpolation
19:41:34 DEBUG   opendrift.readers.interpolation.interpolators:115: Converting masked array to numpy array for interpolation
19:41:34 DEBUG   opendrift.readers.interpolation.interpolators:115: Converting masked array to numpy array for interpolation
19:41:34 DEBUG   opendrift.readers.interpolation.interpolators:115: Converting masked array to numpy array for interpolation
19:41:34 DEBUG   opendrift.readers.interpolation.interpolators:115: Converting masked array to numpy array for interpolation
19:41:34 DEBUG   opendrift.readers.interpolation.interpolators:115: Converting masked array to numpy array for interpolation
19:41:34 DEBUG   opendrift.readers.interpolation.interpolators:115: Converting masked array to numpy array for interpolation
19:41:34 DEBUG   opendrift.readers.interpolation.structured:122: Interpolating 10 ensembles for x_sea_water_velocity
19:41:34 DEBUG   opendrift.readers.interpolation.structured:122: Interpolating 10 ensembles for y_sea_water_velocity
19:41:34 DEBUG   opendrift.readers.interpolation.structured:122: Interpolating 10 ensembles for sea_surface_height
19:41:34 DEBUG   opendrift.readers.interpolation.interpolators:115: Converting masked array to numpy array for interpolation
19:41:34 DEBUG   opendrift.readers.interpolation.interpolators:115: Converting masked array to numpy array for interpolation
19:41:34 DEBUG   opendrift.readers.interpolation.interpolators:115: Converting masked array to numpy array for interpolation
19:41:34 DEBUG   opendrift.readers.interpolation.interpolators:115: Converting masked array to numpy array for interpolation
19:41:34 DEBUG   opendrift.readers.interpolation.interpolators:115: Converting masked array to numpy array for interpolation
19:41:34 DEBUG   opendrift.readers.interpolation.interpolators:115: Converting masked array to numpy array for interpolation
19:41:34 DEBUG   opendrift.readers.interpolation.interpolators:115: Converting masked array to numpy array for interpolation
19:41:34 DEBUG   opendrift.readers.interpolation.interpolators:115: Converting masked array to numpy array for interpolation
19:41:34 DEBUG   opendrift.readers.interpolation.interpolators:115: Converting masked array to numpy array for interpolation
19:41:34 DEBUG   opendrift.readers.interpolation.interpolators:115: Converting masked array to numpy array for interpolation
19:41:34 DEBUG   opendrift.readers.interpolation.structured:122: Interpolating 10 ensembles for sea_ice_thickness
19:41:34 DEBUG   opendrift.readers.interpolation.interpolators:115: Converting masked array to numpy array for interpolation
19:41:34 DEBUG   opendrift.readers.interpolation.interpolators:115: Converting masked array to numpy array for interpolation
19:41:34 DEBUG   opendrift.readers.interpolation.interpolators:115: Converting masked array to numpy array for interpolation
19:41:34 DEBUG   opendrift.readers.interpolation.interpolators:115: Converting masked array to numpy array for interpolation
19:41:34 DEBUG   opendrift.readers.interpolation.interpolators:115: Converting masked array to numpy array for interpolation
19:41:34 DEBUG   opendrift.readers.interpolation.interpolators:115: Converting masked array to numpy array for interpolation
19:41:34 DEBUG   opendrift.readers.interpolation.interpolators:115: Converting masked array to numpy array for interpolation
19:41:34 DEBUG   opendrift.readers.interpolation.interpolators:115: Converting masked array to numpy array for interpolation
19:41:34 DEBUG   opendrift.readers.interpolation.interpolators:115: Converting masked array to numpy array for interpolation
19:41:34 DEBUG   opendrift.readers.interpolation.interpolators:115: Converting masked array to numpy array for interpolation
19:41:34 DEBUG   opendrift.readers.interpolation.structured:122: Interpolating 10 ensembles for sea_ice_area_fraction
19:41:34 DEBUG   opendrift.readers.interpolation.interpolators:115: Converting masked array to numpy array for interpolation
19:41:34 DEBUG   opendrift.readers.interpolation.interpolators:115: Converting masked array to numpy array for interpolation
19:41:34 DEBUG   opendrift.readers.interpolation.interpolators:115: Converting masked array to numpy array for interpolation
19:41:34 DEBUG   opendrift.readers.interpolation.interpolators:115: Converting masked array to numpy array for interpolation
19:41:34 DEBUG   opendrift.readers.interpolation.interpolators:115: Converting masked array to numpy array for interpolation
19:41:34 DEBUG   opendrift.readers.interpolation.interpolators:115: Converting masked array to numpy array for interpolation
19:41:34 DEBUG   opendrift.readers.interpolation.interpolators:115: Converting masked array to numpy array for interpolation
19:41:34 DEBUG   opendrift.readers.interpolation.interpolators:115: Converting masked array to numpy array for interpolation
19:41:34 DEBUG   opendrift.readers.interpolation.interpolators:115: Converting masked array to numpy array for interpolation
19:41:34 DEBUG   opendrift.readers.interpolation.interpolators:115: Converting masked array to numpy array for interpolation
19:41:34 DEBUG   opendrift.readers.interpolation.structured:122: Interpolating 10 ensembles for sea_ice_x_velocity
19:41:34 DEBUG   opendrift.readers.interpolation.interpolators:115: Converting masked array to numpy array for interpolation
19:41:34 DEBUG   opendrift.readers.interpolation.interpolators:115: Converting masked array to numpy array for interpolation
19:41:34 DEBUG   opendrift.readers.interpolation.interpolators:115: Converting masked array to numpy array for interpolation
19:41:34 DEBUG   opendrift.readers.interpolation.interpolators:115: Converting masked array to numpy array for interpolation
19:41:34 DEBUG   opendrift.readers.interpolation.interpolators:115: Converting masked array to numpy array for interpolation
19:41:34 DEBUG   opendrift.readers.interpolation.interpolators:115: Converting masked array to numpy array for interpolation
19:41:34 DEBUG   opendrift.readers.interpolation.interpolators:115: Converting masked array to numpy array for interpolation
19:41:34 DEBUG   opendrift.readers.interpolation.interpolators:115: Converting masked array to numpy array for interpolation
19:41:34 DEBUG   opendrift.readers.interpolation.interpolators:115: Converting masked array to numpy array for interpolation
19:41:34 DEBUG   opendrift.readers.interpolation.interpolators:115: Converting masked array to numpy array for interpolation
19:41:34 DEBUG   opendrift.readers.interpolation.structured:122: Interpolating 10 ensembles for sea_ice_y_velocity
19:41:34 DEBUG   opendrift.readers.interpolation.interpolators:115: Converting masked array to numpy array for interpolation
19:41:34 DEBUG   opendrift.readers.interpolation.interpolators:115: Converting masked array to numpy array for interpolation
19:41:34 DEBUG   opendrift.readers.interpolation.interpolators:115: Converting masked array to numpy array for interpolation
19:41:34 DEBUG   opendrift.readers.interpolation.interpolators:115: Converting masked array to numpy array for interpolation
19:41:34 DEBUG   opendrift.readers.interpolation.interpolators:115: Converting masked array to numpy array for interpolation
19:41:34 DEBUG   opendrift.readers.interpolation.interpolators:115: Converting masked array to numpy array for interpolation
19:41:34 DEBUG   opendrift.readers.interpolation.interpolators:115: Converting masked array to numpy array for interpolation
19:41:34 DEBUG   opendrift.readers.interpolation.interpolators:115: Converting masked array to numpy array for interpolation
19:41:34 DEBUG   opendrift.readers.interpolation.interpolators:115: Converting masked array to numpy array for interpolation
19:41:34 DEBUG   opendrift.readers.interpolation.interpolators:115: Converting masked array to numpy array for interpolation
19:41:34 DEBUG   opendrift.readers.basereader.structured:340: Interpolating after (2025-09-25 12:00:00) in space  (linearNDFast)
19:41:34 DEBUG   opendrift.readers.interpolation.structured:97: Initialising interpolator.
19:41:34 DEBUG   opendrift.readers.interpolation.structured:122: Interpolating 10 ensembles for sea_floor_depth_below_sea_level
19:41:34 DEBUG   opendrift.readers.interpolation.structured:122: Interpolating 10 ensembles for sea_water_temperature
19:41:34 DEBUG   opendrift.readers.interpolation.interpolators:115: Converting masked array to numpy array for interpolation
19:41:34 DEBUG   opendrift.readers.interpolation.interpolators:115: Converting masked array to numpy array for interpolation
19:41:34 DEBUG   opendrift.readers.interpolation.interpolators:115: Converting masked array to numpy array for interpolation
19:41:34 DEBUG   opendrift.readers.interpolation.interpolators:115: Converting masked array to numpy array for interpolation
19:41:34 DEBUG   opendrift.readers.interpolation.interpolators:115: Converting masked array to numpy array for interpolation
19:41:34 DEBUG   opendrift.readers.interpolation.interpolators:115: Converting masked array to numpy array for interpolation
19:41:34 DEBUG   opendrift.readers.interpolation.interpolators:115: Converting masked array to numpy array for interpolation
19:41:34 DEBUG   opendrift.readers.interpolation.interpolators:115: Converting masked array to numpy array for interpolation
19:41:34 DEBUG   opendrift.readers.interpolation.interpolators:115: Converting masked array to numpy array for interpolation
19:41:34 DEBUG   opendrift.readers.interpolation.interpolators:115: Converting masked array to numpy array for interpolation
19:41:34 DEBUG   opendrift.readers.interpolation.interpolators:115: Converting masked array to numpy array for interpolation
19:41:34 DEBUG   opendrift.readers.interpolation.interpolators:115: Converting masked array to numpy array for interpolation
19:41:34 DEBUG   opendrift.readers.interpolation.interpolators:115: Converting masked array to numpy array for interpolation
19:41:34 DEBUG   opendrift.readers.interpolation.interpolators:115: Converting masked array to numpy array for interpolation
19:41:34 DEBUG   opendrift.readers.interpolation.interpolators:115: Converting masked array to numpy array for interpolation
19:41:34 DEBUG   opendrift.readers.interpolation.interpolators:115: Converting masked array to numpy array for interpolation
19:41:34 DEBUG   opendrift.readers.interpolation.interpolators:115: Converting masked array to numpy array for interpolation
19:41:34 DEBUG   opendrift.readers.interpolation.interpolators:115: Converting masked array to numpy array for interpolation
19:41:34 DEBUG   opendrift.readers.interpolation.interpolators:115: Converting masked array to numpy array for interpolation
19:41:34 DEBUG   opendrift.readers.interpolation.interpolators:115: Converting masked array to numpy array for interpolation
19:41:34 DEBUG   opendrift.readers.interpolation.structured:122: Interpolating 10 ensembles for x_sea_water_velocity
19:41:34 DEBUG   opendrift.readers.interpolation.structured:122: Interpolating 10 ensembles for y_sea_water_velocity
19:41:34 DEBUG   opendrift.readers.interpolation.structured:122: Interpolating 10 ensembles for sea_surface_height
19:41:34 DEBUG   opendrift.readers.interpolation.interpolators:115: Converting masked array to numpy array for interpolation
19:41:34 DEBUG   opendrift.readers.interpolation.interpolators:115: Converting masked array to numpy array for interpolation
19:41:34 DEBUG   opendrift.readers.interpolation.interpolators:115: Converting masked array to numpy array for interpolation
19:41:34 DEBUG   opendrift.readers.interpolation.interpolators:115: Converting masked array to numpy array for interpolation
19:41:34 DEBUG   opendrift.readers.interpolation.interpolators:115: Converting masked array to numpy array for interpolation
19:41:34 DEBUG   opendrift.readers.interpolation.interpolators:115: Converting masked array to numpy array for interpolation
19:41:34 DEBUG   opendrift.readers.interpolation.interpolators:115: Converting masked array to numpy array for interpolation
19:41:34 DEBUG   opendrift.readers.interpolation.interpolators:115: Converting masked array to numpy array for interpolation
19:41:34 DEBUG   opendrift.readers.interpolation.interpolators:115: Converting masked array to numpy array for interpolation
19:41:34 DEBUG   opendrift.readers.interpolation.interpolators:115: Converting masked array to numpy array for interpolation
19:41:34 DEBUG   opendrift.readers.interpolation.structured:122: Interpolating 10 ensembles for sea_ice_thickness
19:41:34 DEBUG   opendrift.readers.interpolation.interpolators:115: Converting masked array to numpy array for interpolation
19:41:34 DEBUG   opendrift.readers.interpolation.interpolators:115: Converting masked array to numpy array for interpolation
19:41:34 DEBUG   opendrift.readers.interpolation.interpolators:115: Converting masked array to numpy array for interpolation
19:41:34 DEBUG   opendrift.readers.interpolation.interpolators:115: Converting masked array to numpy array for interpolation
19:41:34 DEBUG   opendrift.readers.interpolation.interpolators:115: Converting masked array to numpy array for interpolation
19:41:34 DEBUG   opendrift.readers.interpolation.interpolators:115: Converting masked array to numpy array for interpolation
19:41:34 DEBUG   opendrift.readers.interpolation.interpolators:115: Converting masked array to numpy array for interpolation
19:41:34 DEBUG   opendrift.readers.interpolation.interpolators:115: Converting masked array to numpy array for interpolation
19:41:34 DEBUG   opendrift.readers.interpolation.interpolators:115: Converting masked array to numpy array for interpolation
19:41:34 DEBUG   opendrift.readers.interpolation.interpolators:115: Converting masked array to numpy array for interpolation
19:41:34 DEBUG   opendrift.readers.interpolation.structured:122: Interpolating 10 ensembles for sea_ice_area_fraction
19:41:34 DEBUG   opendrift.readers.interpolation.interpolators:115: Converting masked array to numpy array for interpolation
19:41:34 DEBUG   opendrift.readers.interpolation.interpolators:115: Converting masked array to numpy array for interpolation
19:41:34 DEBUG   opendrift.readers.interpolation.interpolators:115: Converting masked array to numpy array for interpolation
19:41:34 DEBUG   opendrift.readers.interpolation.interpolators:115: Converting masked array to numpy array for interpolation
19:41:34 DEBUG   opendrift.readers.interpolation.interpolators:115: Converting masked array to numpy array for interpolation
19:41:34 DEBUG   opendrift.readers.interpolation.interpolators:115: Converting masked array to numpy array for interpolation
19:41:34 DEBUG   opendrift.readers.interpolation.interpolators:115: Converting masked array to numpy array for interpolation
19:41:34 DEBUG   opendrift.readers.interpolation.interpolators:115: Converting masked array to numpy array for interpolation
19:41:34 DEBUG   opendrift.readers.interpolation.interpolators:115: Converting masked array to numpy array for interpolation
19:41:34 DEBUG   opendrift.readers.interpolation.interpolators:115: Converting masked array to numpy array for interpolation
19:41:34 DEBUG   opendrift.readers.interpolation.structured:122: Interpolating 10 ensembles for sea_ice_x_velocity
19:41:34 DEBUG   opendrift.readers.interpolation.interpolators:115: Converting masked array to numpy array for interpolation
19:41:34 DEBUG   opendrift.readers.interpolation.interpolators:115: Converting masked array to numpy array for interpolation
19:41:34 DEBUG   opendrift.readers.interpolation.interpolators:115: Converting masked array to numpy array for interpolation
19:41:34 DEBUG   opendrift.readers.interpolation.interpolators:115: Converting masked array to numpy array for interpolation
19:41:34 DEBUG   opendrift.readers.interpolation.interpolators:115: Converting masked array to numpy array for interpolation
19:41:34 DEBUG   opendrift.readers.interpolation.interpolators:115: Converting masked array to numpy array for interpolation
19:41:34 DEBUG   opendrift.readers.interpolation.interpolators:115: Converting masked array to numpy array for interpolation
19:41:34 DEBUG   opendrift.readers.interpolation.interpolators:115: Converting masked array to numpy array for interpolation
19:41:34 DEBUG   opendrift.readers.interpolation.interpolators:115: Converting masked array to numpy array for interpolation
19:41:34 DEBUG   opendrift.readers.interpolation.interpolators:115: Converting masked array to numpy array for interpolation
19:41:34 DEBUG   opendrift.readers.interpolation.structured:122: Interpolating 10 ensembles for sea_ice_y_velocity
19:41:34 DEBUG   opendrift.readers.interpolation.interpolators:115: Converting masked array to numpy array for interpolation
19:41:34 DEBUG   opendrift.readers.interpolation.interpolators:115: Converting masked array to numpy array for interpolation
19:41:34 DEBUG   opendrift.readers.interpolation.interpolators:115: Converting masked array to numpy array for interpolation
19:41:34 DEBUG   opendrift.readers.interpolation.interpolators:115: Converting masked array to numpy array for interpolation
19:41:34 DEBUG   opendrift.readers.interpolation.interpolators:115: Converting masked array to numpy array for interpolation
19:41:34 DEBUG   opendrift.readers.interpolation.interpolators:115: Converting masked array to numpy array for interpolation
19:41:34 DEBUG   opendrift.readers.interpolation.interpolators:115: Converting masked array to numpy array for interpolation
19:41:34 DEBUG   opendrift.readers.interpolation.interpolators:115: Converting masked array to numpy array for interpolation
19:41:34 DEBUG   opendrift.readers.interpolation.interpolators:115: Converting masked array to numpy array for interpolation
19:41:34 DEBUG   opendrift.readers.interpolation.interpolators:115: Converting masked array to numpy array for interpolation
19:41:34 DEBUG   opendrift.readers.basereader.structured:355: Interpolating before (2025-09-24 12:00:00, weight 0.54) and
		      after (2025-09-25 12:00:00, weight 0.46) in time
19:41:34 DEBUG   opendrift.readers.basereader.structured:368: Interpolating profiles in time
19:41:34 DEBUG   opendrift.readers.basereader.variables:100: Rotating vectors between -13.287075287343985 and -13.10547946101443 degrees.
19:41:34 DEBUG   opendrift.readers.basereader.variables:100: Rotating vectors between -13.287075287343985 and -13.10547946101443 degrees.
19:41:34 DEBUG   opendrift.readers.basereader.variables:100: Rotating vectors between -13.287075287343985 and -13.10547946101443 degrees.
19:41:34 DEBUG   opendrift.models.basemodel.environment:762: Obtained data for all elements.
19:41:34 DEBUG   opendrift.models.basemodel.environment:599: ----------------------------------------
19:41:34 DEBUG   opendrift.models.basemodel.environment:600: Variable group ['land_binary_mask']
19:41:34 DEBUG   opendrift.models.basemodel.environment:601: ----------------------------------------
19:41:34 DEBUG   opendrift.models.basemodel.environment:605: Calling reader global_landmask
19:41:34 DEBUG   opendrift.models.basemodel.environment:606: ----------------------------------------
19:41:34 DEBUG   opendrift.models.basemodel.environment:626: Data needed for 10 elements
19:41:34 DEBUG   opendrift.readers.basereader.variables:761: Fetching variables from global_landmask covering 10 elements
19:41:34 DEBUG   opendrift.readers.basereader.continuous:37: Fetched env-before
19:41:34 DEBUG   opendrift.readers.basereader.variables:639: Checking land_binary_mask for invalid values
19:41:34 DEBUG   opendrift.readers.basereader.variables:797: Reader projection is latlon - rotation of vectors is not needed.
19:41:34 DEBUG   opendrift.models.basemodel.environment:762: Obtained data for all elements.
19:41:34 DEBUG   opendrift.models.basemodel.environment:599: ----------------------------------------
19:41:34 DEBUG   opendrift.models.basemodel.environment:600: Variable group ['x_wind', 'y_wind']
19:41:34 DEBUG   opendrift.models.basemodel.environment:601: ----------------------------------------
19:41:34 DEBUG   opendrift.models.basemodel.environment:605: Calling reader cmems_obs-wind_glo_phy_nrt_l4_0.125deg_PT1H
19:41:34 DEBUG   opendrift.models.basemodel.environment:606: ----------------------------------------
19:41:34 DEBUG   opendrift.models.basemodel.environment:626: Data needed for 10 elements
19:41:34 DEBUG   opendrift.readers.basereader.variables:761: Fetching variables from cmems_obs-wind_glo_phy_nrt_l4_0.125deg_PT1H covering 10 elements
19:41:34 DEBUG   opendrift.readers.basereader.structured:208: Shifting coordinates to -180-180
19:41:34 DEBUG   opendrift.readers.basereader.structured:220: Reader time:
		2025-09-24 23:00:00 (before)
		2025-09-25 00:00:00 (after)
19:41:34 DEBUG   opendrift.readers.reader_netCDF_CF_generic:470: Using eastward_wind to retrieve x_wind
19:41:34 DEBUG   opendrift.readers.reader_netCDF_CF_generic:470: Using northward_wind to retrieve y_wind
19:41:34 DEBUG   opendrift.readers.reader_netCDF_CF_generic:592: North is up, no rotation necessary
19:41:34 DEBUG   opendrift.readers.basereader.variables:639: Checking x_wind for invalid values
19:41:34 DEBUG   opendrift.readers.basereader.variables:639: Checking y_wind for invalid values
19:41:34 DEBUG   opendrift.readers.basereader.structured:290: Fetched env-block (size 8x8x1) for time before (2025-09-24 23:00:00)
19:41:34 DEBUG   opendrift.readers.basereader.structured:334: Interpolating before (2025-09-24 23:00:00) in space  (linearNDFast)
19:41:34 DEBUG   opendrift.readers.interpolation.structured:97: Initialising interpolator.
19:41:34 DEBUG   opendrift.readers.basereader.structured:388: No time interpolation needed - right on time.
19:41:34 DEBUG   opendrift.readers.basereader.variables:797: Reader projection is latlon - rotation of vectors is not needed.
19:41:34 DEBUG   opendrift.models.basemodel.environment:762: Obtained data for all elements.
19:41:34 DEBUG   opendrift.models.basemodel.environment:775: ---------------------------------------
19:41:34 DEBUG   opendrift.models.basemodel.environment:776: Finished processing all variable groups
19:41:34 DEBUG   opendrift.models.basemodel.environment:812:       Using fallback value 0 for x_sea_water_velocity for 0 profiles
19:41:34 DEBUG   opendrift.models.basemodel.environment:812:       Using fallback value 0 for y_sea_water_velocity for 0 profiles
19:41:34 DEBUG   opendrift.models.basemodel.environment:812:       Using fallback value 2 for sea_water_temperature for 0 profiles
19:41:34 DEBUG   opendrift.models.basemodel.environment:801:       Using fallback value 35 for sea_water_salinity for all profiles
19:41:34 DEBUG   opendrift.models.basemodel.environment:898: ------------ SUMMARY -------------
19:41:34 DEBUG   opendrift.models.basemodel.environment:900:     x_sea_water_velocity: -0.0434622 (min) 0.020533 (max)
19:41:34 DEBUG   opendrift.models.basemodel.environment:900:     y_sea_water_velocity: 0.0659879 (min) 0.239757 (max)
19:41:34 DEBUG   opendrift.models.basemodel.environment:900:     sea_floor_depth_below_sea_level: 29.7406 (min) 63.5334 (max)
19:41:34 DEBUG   opendrift.models.basemodel.environment:900:     sea_surface_height: -0.391545 (min) -0.367227 (max)
19:41:34 DEBUG   opendrift.models.basemodel.environment:900:     sea_surface_x_slope: 0 (min) 0 (max)
19:41:34 DEBUG   opendrift.models.basemodel.environment:900:     sea_surface_y_slope: 0 (min) 0 (max)
19:41:34 DEBUG   opendrift.models.basemodel.environment:900:     x_wind: -7.76257 (min) -7.07977 (max)
19:41:34 DEBUG   opendrift.models.basemodel.environment:900:     y_wind: 10.3856 (min) 11.2198 (max)
19:41:34 DEBUG   opendrift.models.basemodel.environment:900:     horizontal_diffusivity: 0 (min) 0 (max)
19:41:34 DEBUG   opendrift.models.basemodel.environment:900:     sea_surface_wave_significant_height: 0 (min) 0 (max)
19:41:34 DEBUG   opendrift.models.basemodel.environment:900:     sea_surface_wave_from_direction: 0 (min) 0 (max)
19:41:34 DEBUG   opendrift.models.basemodel.environment:900:     sea_surface_wave_stokes_drift_x_velocity: 0 (min) 0 (max)
19:41:34 DEBUG   opendrift.models.basemodel.environment:900:     sea_surface_wave_stokes_drift_y_velocity: 0 (min) 0 (max)
19:41:34 DEBUG   opendrift.models.basemodel.environment:900:     sea_water_temperature: 2.05488 (min) 2.59835 (max)
19:41:34 DEBUG   opendrift.models.basemodel.environment:900:     sea_water_salinity: 35 (min) 35 (max)
19:41:34 DEBUG   opendrift.models.basemodel.environment:900:     sea_ice_area_fraction: 0 (min) 0 (max)
19:41:34 DEBUG   opendrift.models.basemodel.environment:900:     sea_ice_thickness: 0 (min) 0 (max)
19:41:34 DEBUG   opendrift.models.basemodel.environment:900:     sea_ice_x_velocity: 0 (min) 0 (max)
19:41:34 DEBUG   opendrift.models.basemodel.environment:900:     sea_ice_y_velocity: 0 (min) 0 (max)
19:41:34 DEBUG   opendrift.models.basemodel.environment:900:     land_binary_mask: 0 (min) 0 (max)
19:41:34 DEBUG   opendrift.models.basemodel.environment:902: ---------------------------------
19:41:34 DEBUG   opendrift.models.physics_methods:823: Calculating Hs from wind, min: 3.928872, mean: 4.054183, max: 4.579053
19:41:34 WARNING opendrift.models.physics_methods:832: Setting wave direction equal to wind direction, min: -34.864899, mean: -34.427670, max: -33.884434
19:41:34 DEBUG   opendrift:689: No elements hit coastline.
19:41:34 DEBUG   opendrift:760: No elements hit seafloor.
19:41:34 DEBUG   opendrift:1732: No elements to deactivate
19:41:34 DEBUG   opendrift:2193: Calling OpenBerg.update()
19:41:34 DEBUG   opendrift.models.openberg:507: Advection with surface currents
19:41:34 DEBUG   opendrift.models.openberg:569: Grounding condition: Icebergs grounded = 9
19:41:34 DEBUG   opendrift:1680: Horizontal diffusivity is 0, no random walk.
19:41:34 DEBUG   opendrift:904: to be seeded: 250, already seeded 10
19:41:34 DEBUG   opendrift:926: Released 0 new elements.
19:41:34 DEBUG   opendrift:2135: ======================================================================
19:41:34 INFO    opendrift:2136: 2025-09-25 00:00:00 - step 25 of 1872 - 10 active elements (0 deactivated)
19:41:34 DEBUG   opendrift:2142: 250 elements scheduled.
19:41:34 DEBUG   opendrift:2144: ======================================================================
19:41:34 DEBUG   opendrift:2155: 		74.99825286865234 <- latitude -> 75.24105975560894
19:41:34 DEBUG   opendrift:2155: 		-58.296314331014806 <- longitude -> -58.09977340698242
19:41:34 DEBUG   opendrift:2153: 		z = 0.0
19:41:34 DEBUG   opendrift:2156: ---------------------------------
19:41:34 DEBUG   opendrift.models.basemodel.environment:599: ----------------------------------------
19:41:34 DEBUG   opendrift.models.basemodel.environment:600: Variable group ['sea_floor_depth_below_sea_level', 'sea_water_temperature', 'x_sea_water_velocity', 'y_sea_water_velocity', 'sea_surface_height', 'sea_ice_thickness', 'sea_ice_area_fraction', 'sea_ice_x_velocity', 'sea_ice_y_velocity']
19:41:34 DEBUG   opendrift.models.basemodel.environment:601: ----------------------------------------
19:41:34 DEBUG   opendrift.models.basemodel.environment:605: Calling reader Ensemble reader
19:41:34 DEBUG   opendrift.models.basemodel.environment:606: ----------------------------------------
19:41:34 DEBUG   opendrift.models.basemodel.environment:626: Data needed for 10 elements
19:41:34 DEBUG   opendrift.readers.basereader.variables:761: Fetching variables from Ensemble reader covering 10 elements
19:41:34 DEBUG   opendrift.readers.basereader.structured:220: Reader time:
		2025-09-24 12:00:00 (before)
		2025-09-25 12:00:00 (after)
19:41:34 DEBUG   opendrift.readers.basereader.structured:334: Interpolating before (2025-09-24 12:00:00) in space  (linearNDFast)
19:41:34 DEBUG   opendrift.readers.interpolation.structured:97: Initialising interpolator.
19:41:34 DEBUG   opendrift.readers.interpolation.structured:122: Interpolating 10 ensembles for sea_floor_depth_below_sea_level
19:41:34 DEBUG   opendrift.readers.interpolation.structured:122: Interpolating 10 ensembles for sea_water_temperature
19:41:34 DEBUG   opendrift.readers.interpolation.interpolators:115: Converting masked array to numpy array for interpolation
19:41:34 DEBUG   opendrift.readers.interpolation.interpolators:115: Converting masked array to numpy array for interpolation
19:41:34 DEBUG   opendrift.readers.interpolation.interpolators:115: Converting masked array to numpy array for interpolation
19:41:34 DEBUG   opendrift.readers.interpolation.interpolators:115: Converting masked array to numpy array for interpolation
19:41:34 DEBUG   opendrift.readers.interpolation.interpolators:115: Converting masked array to numpy array for interpolation
19:41:34 DEBUG   opendrift.readers.interpolation.interpolators:115: Converting masked array to numpy array for interpolation
19:41:34 DEBUG   opendrift.readers.interpolation.interpolators:115: Converting masked array to numpy array for interpolation
19:41:34 DEBUG   opendrift.readers.interpolation.interpolators:115: Converting masked array to numpy array for interpolation
19:41:34 DEBUG   opendrift.readers.interpolation.interpolators:115: Converting masked array to numpy array for interpolation
19:41:34 DEBUG   opendrift.readers.interpolation.interpolators:115: Converting masked array to numpy array for interpolation
19:41:34 DEBUG   opendrift.readers.interpolation.interpolators:115: Converting masked array to numpy array for interpolation
19:41:34 DEBUG   opendrift.readers.interpolation.interpolators:115: Converting masked array to numpy array for interpolation
19:41:34 DEBUG   opendrift.readers.interpolation.interpolators:115: Converting masked array to numpy array for interpolation
19:41:34 DEBUG   opendrift.readers.interpolation.interpolators:115: Converting masked array to numpy array for interpolation
19:41:34 DEBUG   opendrift.readers.interpolation.interpolators:115: Converting masked array to numpy array for interpolation
19:41:34 DEBUG   opendrift.readers.interpolation.interpolators:115: Converting masked array to numpy array for interpolation
19:41:34 DEBUG   opendrift.readers.interpolation.interpolators:115: Converting masked array to numpy array for interpolation
19:41:34 DEBUG   opendrift.readers.interpolation.interpolators:115: Converting masked array to numpy array for interpolation
19:41:34 DEBUG   opendrift.readers.interpolation.interpolators:115: Converting masked array to numpy array for interpolation
19:41:34 DEBUG   opendrift.readers.interpolation.interpolators:115: Converting masked array to numpy array for interpolation
19:41:34 DEBUG   opendrift.readers.interpolation.structured:122: Interpolating 10 ensembles for x_sea_water_velocity
19:41:34 DEBUG   opendrift.readers.interpolation.structured:122: Interpolating 10 ensembles for y_sea_water_velocity
19:41:34 DEBUG   opendrift.readers.interpolation.structured:122: Interpolating 10 ensembles for sea_surface_height
19:41:34 DEBUG   opendrift.readers.interpolation.interpolators:115: Converting masked array to numpy array for interpolation
19:41:34 DEBUG   opendrift.readers.interpolation.interpolators:115: Converting masked array to numpy array for interpolation
19:41:34 DEBUG   opendrift.readers.interpolation.interpolators:115: Converting masked array to numpy array for interpolation
19:41:34 DEBUG   opendrift.readers.interpolation.interpolators:115: Converting masked array to numpy array for interpolation
19:41:34 DEBUG   opendrift.readers.interpolation.interpolators:115: Converting masked array to numpy array for interpolation
19:41:34 DEBUG   opendrift.readers.interpolation.interpolators:115: Converting masked array to numpy array for interpolation
19:41:34 DEBUG   opendrift.readers.interpolation.interpolators:115: Converting masked array to numpy array for interpolation
19:41:34 DEBUG   opendrift.readers.interpolation.interpolators:115: Converting masked array to numpy array for interpolation
19:41:34 DEBUG   opendrift.readers.interpolation.interpolators:115: Converting masked array to numpy array for interpolation
19:41:34 DEBUG   opendrift.readers.interpolation.interpolators:115: Converting masked array to numpy array for interpolation
19:41:34 DEBUG   opendrift.readers.interpolation.structured:122: Interpolating 10 ensembles for sea_ice_thickness
19:41:34 DEBUG   opendrift.readers.interpolation.interpolators:115: Converting masked array to numpy array for interpolation
19:41:34 DEBUG   opendrift.readers.interpolation.interpolators:115: Converting masked array to numpy array for interpolation
19:41:34 DEBUG   opendrift.readers.interpolation.interpolators:115: Converting masked array to numpy array for interpolation
19:41:34 DEBUG   opendrift.readers.interpolation.interpolators:115: Converting masked array to numpy array for interpolation
19:41:34 DEBUG   opendrift.readers.interpolation.interpolators:115: Converting masked array to numpy array for interpolation
19:41:34 DEBUG   opendrift.readers.interpolation.interpolators:115: Converting masked array to numpy array for interpolation
19:41:34 DEBUG   opendrift.readers.interpolation.interpolators:115: Converting masked array to numpy array for interpolation
19:41:34 DEBUG   opendrift.readers.interpolation.interpolators:115: Converting masked array to numpy array for interpolation
19:41:34 DEBUG   opendrift.readers.interpolation.interpolators:115: Converting masked array to numpy array for interpolation
19:41:34 DEBUG   opendrift.readers.interpolation.interpolators:115: Converting masked array to numpy array for interpolation
19:41:34 DEBUG   opendrift.readers.interpolation.structured:122: Interpolating 10 ensembles for sea_ice_area_fraction
19:41:34 DEBUG   opendrift.readers.interpolation.interpolators:115: Converting masked array to numpy array for interpolation
19:41:34 DEBUG   opendrift.readers.interpolation.interpolators:115: Converting masked array to numpy array for interpolation
19:41:34 DEBUG   opendrift.readers.interpolation.interpolators:115: Converting masked array to numpy array for interpolation
19:41:34 DEBUG   opendrift.readers.interpolation.interpolators:115: Converting masked array to numpy array for interpolation
19:41:34 DEBUG   opendrift.readers.interpolation.interpolators:115: Converting masked array to numpy array for interpolation
19:41:34 DEBUG   opendrift.readers.interpolation.interpolators:115: Converting masked array to numpy array for interpolation
19:41:34 DEBUG   opendrift.readers.interpolation.interpolators:115: Converting masked array to numpy array for interpolation
19:41:34 DEBUG   opendrift.readers.interpolation.interpolators:115: Converting masked array to numpy array for interpolation
19:41:34 DEBUG   opendrift.readers.interpolation.interpolators:115: Converting masked array to numpy array for interpolation
19:41:34 DEBUG   opendrift.readers.interpolation.interpolators:115: Converting masked array to numpy array for interpolation
19:41:34 DEBUG   opendrift.readers.interpolation.structured:122: Interpolating 10 ensembles for sea_ice_x_velocity
19:41:34 DEBUG   opendrift.readers.interpolation.interpolators:115: Converting masked array to numpy array for interpolation
19:41:34 DEBUG   opendrift.readers.interpolation.interpolators:115: Converting masked array to numpy array for interpolation
19:41:34 DEBUG   opendrift.readers.interpolation.interpolators:115: Converting masked array to numpy array for interpolation
19:41:34 DEBUG   opendrift.readers.interpolation.interpolators:115: Converting masked array to numpy array for interpolation
19:41:34 DEBUG   opendrift.readers.interpolation.interpolators:115: Converting masked array to numpy array for interpolation
19:41:34 DEBUG   opendrift.readers.interpolation.interpolators:115: Converting masked array to numpy array for interpolation
19:41:34 DEBUG   opendrift.readers.interpolation.interpolators:115: Converting masked array to numpy array for interpolation
19:41:34 DEBUG   opendrift.readers.interpolation.interpolators:115: Converting masked array to numpy array for interpolation
19:41:34 DEBUG   opendrift.readers.interpolation.interpolators:115: Converting masked array to numpy array for interpolation
19:41:34 DEBUG   opendrift.readers.interpolation.interpolators:115: Converting masked array to numpy array for interpolation
19:41:34 DEBUG   opendrift.readers.interpolation.structured:122: Interpolating 10 ensembles for sea_ice_y_velocity
19:41:34 DEBUG   opendrift.readers.interpolation.interpolators:115: Converting masked array to numpy array for interpolation
19:41:34 DEBUG   opendrift.readers.interpolation.interpolators:115: Converting masked array to numpy array for interpolation
19:41:34 DEBUG   opendrift.readers.interpolation.interpolators:115: Converting masked array to numpy array for interpolation
19:41:34 DEBUG   opendrift.readers.interpolation.interpolators:115: Converting masked array to numpy array for interpolation
19:41:34 DEBUG   opendrift.readers.interpolation.interpolators:115: Converting masked array to numpy array for interpolation
19:41:34 DEBUG   opendrift.readers.interpolation.interpolators:115: Converting masked array to numpy array for interpolation
19:41:34 DEBUG   opendrift.readers.interpolation.interpolators:115: Converting masked array to numpy array for interpolation
19:41:34 DEBUG   opendrift.readers.interpolation.interpolators:115: Converting masked array to numpy array for interpolation
19:41:34 DEBUG   opendrift.readers.interpolation.interpolators:115: Converting masked array to numpy array for interpolation
19:41:34 DEBUG   opendrift.readers.interpolation.interpolators:115: Converting masked array to numpy array for interpolation
19:41:34 DEBUG   opendrift.readers.basereader.structured:340: Interpolating after (2025-09-25 12:00:00) in space  (linearNDFast)
19:41:34 DEBUG   opendrift.readers.interpolation.structured:97: Initialising interpolator.
19:41:34 DEBUG   opendrift.readers.interpolation.structured:122: Interpolating 10 ensembles for sea_floor_depth_below_sea_level
19:41:34 DEBUG   opendrift.readers.interpolation.structured:122: Interpolating 10 ensembles for sea_water_temperature
19:41:34 DEBUG   opendrift.readers.interpolation.interpolators:115: Converting masked array to numpy array for interpolation
19:41:34 DEBUG   opendrift.readers.interpolation.interpolators:115: Converting masked array to numpy array for interpolation
19:41:34 DEBUG   opendrift.readers.interpolation.interpolators:115: Converting masked array to numpy array for interpolation
19:41:34 DEBUG   opendrift.readers.interpolation.interpolators:115: Converting masked array to numpy array for interpolation
19:41:34 DEBUG   opendrift.readers.interpolation.interpolators:115: Converting masked array to numpy array for interpolation
19:41:34 DEBUG   opendrift.readers.interpolation.interpolators:115: Converting masked array to numpy array for interpolation
19:41:34 DEBUG   opendrift.readers.interpolation.interpolators:115: Converting masked array to numpy array for interpolation
19:41:34 DEBUG   opendrift.readers.interpolation.interpolators:115: Converting masked array to numpy array for interpolation
19:41:34 DEBUG   opendrift.readers.interpolation.interpolators:115: Converting masked array to numpy array for interpolation
19:41:34 DEBUG   opendrift.readers.interpolation.interpolators:115: Converting masked array to numpy array for interpolation
19:41:34 DEBUG   opendrift.readers.interpolation.interpolators:115: Converting masked array to numpy array for interpolation
19:41:34 DEBUG   opendrift.readers.interpolation.interpolators:115: Converting masked array to numpy array for interpolation
19:41:34 DEBUG   opendrift.readers.interpolation.interpolators:115: Converting masked array to numpy array for interpolation
19:41:34 DEBUG   opendrift.readers.interpolation.interpolators:115: Converting masked array to numpy array for interpolation
19:41:34 DEBUG   opendrift.readers.interpolation.interpolators:115: Converting masked array to numpy array for interpolation
19:41:34 DEBUG   opendrift.readers.interpolation.interpolators:115: Converting masked array to numpy array for interpolation
19:41:34 DEBUG   opendrift.readers.interpolation.interpolators:115: Converting masked array to numpy array for interpolation
19:41:34 DEBUG   opendrift.readers.interpolation.interpolators:115: Converting masked array to numpy array for interpolation
19:41:34 DEBUG   opendrift.readers.interpolation.interpolators:115: Converting masked array to numpy array for interpolation
19:41:34 DEBUG   opendrift.readers.interpolation.interpolators:115: Converting masked array to numpy array for interpolation
19:41:34 DEBUG   opendrift.readers.interpolation.structured:122: Interpolating 10 ensembles for x_sea_water_velocity
19:41:34 DEBUG   opendrift.readers.interpolation.structured:122: Interpolating 10 ensembles for y_sea_water_velocity
19:41:34 DEBUG   opendrift.readers.interpolation.structured:122: Interpolating 10 ensembles for sea_surface_height
19:41:34 DEBUG   opendrift.readers.interpolation.interpolators:115: Converting masked array to numpy array for interpolation
19:41:34 DEBUG   opendrift.readers.interpolation.interpolators:115: Converting masked array to numpy array for interpolation
19:41:34 DEBUG   opendrift.readers.interpolation.interpolators:115: Converting masked array to numpy array for interpolation
19:41:34 DEBUG   opendrift.readers.interpolation.interpolators:115: Converting masked array to numpy array for interpolation
19:41:34 DEBUG   opendrift.readers.interpolation.interpolators:115: Converting masked array to numpy array for interpolation
19:41:34 DEBUG   opendrift.readers.interpolation.interpolators:115: Converting masked array to numpy array for interpolation
19:41:34 DEBUG   opendrift.readers.interpolation.interpolators:115: Converting masked array to numpy array for interpolation
19:41:34 DEBUG   opendrift.readers.interpolation.interpolators:115: Converting masked array to numpy array for interpolation
19:41:34 DEBUG   opendrift.readers.interpolation.interpolators:115: Converting masked array to numpy array for interpolation
19:41:34 DEBUG   opendrift.readers.interpolation.interpolators:115: Converting masked array to numpy array for interpolation
19:41:34 DEBUG   opendrift.readers.interpolation.structured:122: Interpolating 10 ensembles for sea_ice_thickness
19:41:34 DEBUG   opendrift.readers.interpolation.interpolators:115: Converting masked array to numpy array for interpolation
19:41:34 DEBUG   opendrift.readers.interpolation.interpolators:115: Converting masked array to numpy array for interpolation
19:41:34 DEBUG   opendrift.readers.interpolation.interpolators:115: Converting masked array to numpy array for interpolation
19:41:34 DEBUG   opendrift.readers.interpolation.interpolators:115: Converting masked array to numpy array for interpolation
19:41:34 DEBUG   opendrift.readers.interpolation.interpolators:115: Converting masked array to numpy array for interpolation
19:41:34 DEBUG   opendrift.readers.interpolation.interpolators:115: Converting masked array to numpy array for interpolation
19:41:34 DEBUG   opendrift.readers.interpolation.interpolators:115: Converting masked array to numpy array for interpolation
19:41:34 DEBUG   opendrift.readers.interpolation.interpolators:115: Converting masked array to numpy array for interpolation
19:41:34 DEBUG   opendrift.readers.interpolation.interpolators:115: Converting masked array to numpy array for interpolation
19:41:34 DEBUG   opendrift.readers.interpolation.interpolators:115: Converting masked array to numpy array for interpolation
19:41:34 DEBUG   opendrift.readers.interpolation.structured:122: Interpolating 10 ensembles for sea_ice_area_fraction
19:41:34 DEBUG   opendrift.readers.interpolation.interpolators:115: Converting masked array to numpy array for interpolation
19:41:34 DEBUG   opendrift.readers.interpolation.interpolators:115: Converting masked array to numpy array for interpolation
19:41:34 DEBUG   opendrift.readers.interpolation.interpolators:115: Converting masked array to numpy array for interpolation
19:41:34 DEBUG   opendrift.readers.interpolation.interpolators:115: Converting masked array to numpy array for interpolation
19:41:34 DEBUG   opendrift.readers.interpolation.interpolators:115: Converting masked array to numpy array for interpolation
19:41:34 DEBUG   opendrift.readers.interpolation.interpolators:115: Converting masked array to numpy array for interpolation
19:41:34 DEBUG   opendrift.readers.interpolation.interpolators:115: Converting masked array to numpy array for interpolation
19:41:34 DEBUG   opendrift.readers.interpolation.interpolators:115: Converting masked array to numpy array for interpolation
19:41:34 DEBUG   opendrift.readers.interpolation.interpolators:115: Converting masked array to numpy array for interpolation
19:41:34 DEBUG   opendrift.readers.interpolation.interpolators:115: Converting masked array to numpy array for interpolation
19:41:34 DEBUG   opendrift.readers.interpolation.structured:122: Interpolating 10 ensembles for sea_ice_x_velocity
19:41:34 DEBUG   opendrift.readers.interpolation.interpolators:115: Converting masked array to numpy array for interpolation
19:41:34 DEBUG   opendrift.readers.interpolation.interpolators:115: Converting masked array to numpy array for interpolation
19:41:34 DEBUG   opendrift.readers.interpolation.interpolators:115: Converting masked array to numpy array for interpolation
19:41:34 DEBUG   opendrift.readers.interpolation.interpolators:115: Converting masked array to numpy array for interpolation
19:41:34 DEBUG   opendrift.readers.interpolation.interpolators:115: Converting masked array to numpy array for interpolation
19:41:34 DEBUG   opendrift.readers.interpolation.interpolators:115: Converting masked array to numpy array for interpolation
19:41:34 DEBUG   opendrift.readers.interpolation.interpolators:115: Converting masked array to numpy array for interpolation
19:41:34 DEBUG   opendrift.readers.interpolation.interpolators:115: Converting masked array to numpy array for interpolation
19:41:34 DEBUG   opendrift.readers.interpolation.interpolators:115: Converting masked array to numpy array for interpolation
19:41:34 DEBUG   opendrift.readers.interpolation.interpolators:115: Converting masked array to numpy array for interpolation
19:41:34 DEBUG   opendrift.readers.interpolation.structured:122: Interpolating 10 ensembles for sea_ice_y_velocity
19:41:34 DEBUG   opendrift.readers.interpolation.interpolators:115: Converting masked array to numpy array for interpolation
19:41:34 DEBUG   opendrift.readers.interpolation.interpolators:115: Converting masked array to numpy array for interpolation
19:41:34 DEBUG   opendrift.readers.interpolation.interpolators:115: Converting masked array to numpy array for interpolation
19:41:34 DEBUG   opendrift.readers.interpolation.interpolators:115: Converting masked array to numpy array for interpolation
19:41:34 DEBUG   opendrift.readers.interpolation.interpolators:115: Converting masked array to numpy array for interpolation
19:41:34 DEBUG   opendrift.readers.interpolation.interpolators:115: Converting masked array to numpy array for interpolation
19:41:34 DEBUG   opendrift.readers.interpolation.interpolators:115: Converting masked array to numpy array for interpolation
19:41:34 DEBUG   opendrift.readers.interpolation.interpolators:115: Converting masked array to numpy array for interpolation
19:41:34 DEBUG   opendrift.readers.interpolation.interpolators:115: Converting masked array to numpy array for interpolation
19:41:34 DEBUG   opendrift.readers.interpolation.interpolators:115: Converting masked array to numpy array for interpolation
19:41:34 DEBUG   opendrift.readers.basereader.structured:355: Interpolating before (2025-09-24 12:00:00, weight 0.50) and
		      after (2025-09-25 12:00:00, weight 0.50) in time
19:41:34 DEBUG   opendrift.readers.basereader.structured:368: Interpolating profiles in time
19:41:34 DEBUG   opendrift.readers.basereader.variables:100: Rotating vectors between -13.301924573912137 and -13.10547946101443 degrees.
19:41:34 DEBUG   opendrift.readers.basereader.variables:100: Rotating vectors between -13.301924573912137 and -13.10547946101443 degrees.
19:41:34 DEBUG   opendrift.readers.basereader.variables:100: Rotating vectors between -13.301924573912137 and -13.10547946101443 degrees.
19:41:34 DEBUG   opendrift.models.basemodel.environment:762: Obtained data for all elements.
19:41:34 DEBUG   opendrift.models.basemodel.environment:599: ----------------------------------------
19:41:34 DEBUG   opendrift.models.basemodel.environment:600: Variable group ['land_binary_mask']
19:41:34 DEBUG   opendrift.models.basemodel.environment:601: ----------------------------------------
19:41:34 DEBUG   opendrift.models.basemodel.environment:605: Calling reader global_landmask
19:41:34 DEBUG   opendrift.models.basemodel.environment:606: ----------------------------------------
19:41:34 DEBUG   opendrift.models.basemodel.environment:626: Data needed for 10 elements
19:41:34 DEBUG   opendrift.readers.basereader.variables:761: Fetching variables from global_landmask covering 10 elements
19:41:34 DEBUG   opendrift.readers.basereader.continuous:37: Fetched env-before
19:41:34 DEBUG   opendrift.readers.basereader.variables:639: Checking land_binary_mask for invalid values
19:41:34 DEBUG   opendrift.readers.basereader.variables:797: Reader projection is latlon - rotation of vectors is not needed.
19:41:34 DEBUG   opendrift.models.basemodel.environment:762: Obtained data for all elements.
19:41:34 DEBUG   opendrift.models.basemodel.environment:599: ----------------------------------------
19:41:34 DEBUG   opendrift.models.basemodel.environment:600: Variable group ['x_wind', 'y_wind']
19:41:34 DEBUG   opendrift.models.basemodel.environment:601: ----------------------------------------
19:41:34 DEBUG   opendrift.models.basemodel.environment:605: Calling reader cmems_obs-wind_glo_phy_nrt_l4_0.125deg_PT1H
19:41:34 DEBUG   opendrift.models.basemodel.environment:606: ----------------------------------------
19:41:34 DEBUG   opendrift.models.basemodel.environment:626: Data needed for 10 elements
19:41:34 DEBUG   opendrift.readers.basereader.variables:761: Fetching variables from cmems_obs-wind_glo_phy_nrt_l4_0.125deg_PT1H covering 10 elements
19:41:34 DEBUG   opendrift.readers.basereader.structured:208: Shifting coordinates to -180-180
19:41:34 DEBUG   opendrift.readers.basereader.structured:220: Reader time:
		2025-09-25 00:00:00 (before)
		2025-09-25 01:00:00 (after)
19:41:34 DEBUG   opendrift.readers.reader_netCDF_CF_generic:470: Using eastward_wind to retrieve x_wind
19:41:34 DEBUG   opendrift.readers.reader_netCDF_CF_generic:470: Using northward_wind to retrieve y_wind
19:41:34 DEBUG   opendrift.readers.reader_netCDF_CF_generic:592: North is up, no rotation necessary
19:41:34 DEBUG   opendrift.readers.basereader.variables:639: Checking x_wind for invalid values
19:41:34 DEBUG   opendrift.readers.basereader.variables:639: Checking y_wind for invalid values
19:41:34 DEBUG   opendrift.readers.basereader.structured:290: Fetched env-block (size 8x8x1) for time before (2025-09-25 00:00:00)
19:41:34 DEBUG   opendrift.readers.basereader.structured:334: Interpolating before (2025-09-25 00:00:00) in space  (linearNDFast)
19:41:34 DEBUG   opendrift.readers.interpolation.structured:97: Initialising interpolator.
19:41:34 DEBUG   opendrift.readers.basereader.structured:388: No time interpolation needed - right on time.
19:41:34 DEBUG   opendrift.readers.basereader.variables:797: Reader projection is latlon - rotation of vectors is not needed.
19:41:34 DEBUG   opendrift.models.basemodel.environment:762: Obtained data for all elements.
19:41:34 DEBUG   opendrift.models.basemodel.environment:775: ---------------------------------------
19:41:34 DEBUG   opendrift.models.basemodel.environment:776: Finished processing all variable groups
19:41:34 DEBUG   opendrift.models.basemodel.environment:812:       Using fallback value 0 for x_sea_water_velocity for 0 profiles
19:41:34 DEBUG   opendrift.models.basemodel.environment:812:       Using fallback value 0 for y_sea_water_velocity for 0 profiles
19:41:34 DEBUG   opendrift.models.basemodel.environment:812:       Using fallback value 2 for sea_water_temperature for 0 profiles
19:41:34 DEBUG   opendrift.models.basemodel.environment:801:       Using fallback value 35 for sea_water_salinity for all profiles
19:41:34 DEBUG   opendrift.models.basemodel.environment:898: ------------ SUMMARY -------------
19:41:34 DEBUG   opendrift.models.basemodel.environment:900:     x_sea_water_velocity: -0.0436543 (min) 0.0212164 (max)
19:41:34 DEBUG   opendrift.models.basemodel.environment:900:     y_sea_water_velocity: 0.0627895 (min) 0.239562 (max)
19:41:34 DEBUG   opendrift.models.basemodel.environment:900:     sea_floor_depth_below_sea_level: 29.964 (min) 63.5334 (max)
19:41:34 DEBUG   opendrift.models.basemodel.environment:900:     sea_surface_height: -0.389883 (min) -0.366399 (max)
19:41:34 DEBUG   opendrift.models.basemodel.environment:900:     sea_surface_x_slope: 0 (min) 0 (max)
19:41:34 DEBUG   opendrift.models.basemodel.environment:900:     sea_surface_y_slope: 0 (min) 0 (max)
19:41:34 DEBUG   opendrift.models.basemodel.environment:900:     x_wind: -7.39688 (min) -6.81835 (max)
19:41:34 DEBUG   opendrift.models.basemodel.environment:900:     y_wind: 10.0086 (min) 10.9803 (max)
19:41:34 DEBUG   opendrift.models.basemodel.environment:900:     horizontal_diffusivity: 0 (min) 0 (max)
19:41:34 DEBUG   opendrift.models.basemodel.environment:900:     sea_surface_wave_significant_height: 0 (min) 0 (max)
19:41:34 DEBUG   opendrift.models.basemodel.environment:900:     sea_surface_wave_from_direction: 0 (min) 0 (max)
19:41:34 DEBUG   opendrift.models.basemodel.environment:900:     sea_surface_wave_stokes_drift_x_velocity: 0 (min) 0 (max)
19:41:34 DEBUG   opendrift.models.basemodel.environment:900:     sea_surface_wave_stokes_drift_y_velocity: 0 (min) 0 (max)
19:41:34 DEBUG   opendrift.models.basemodel.environment:900:     sea_water_temperature: 2.05291 (min) 2.6142 (max)
19:41:34 DEBUG   opendrift.models.basemodel.environment:900:     sea_water_salinity: 35 (min) 35 (max)
19:41:34 DEBUG   opendrift.models.basemodel.environment:900:     sea_ice_area_fraction: 0 (min) 0 (max)
19:41:34 DEBUG   opendrift.models.basemodel.environment:900:     sea_ice_thickness: 0 (min) 0 (max)
19:41:34 DEBUG   opendrift.models.basemodel.environment:900:     sea_ice_x_velocity: 0 (min) 0 (max)
19:41:34 DEBUG   opendrift.models.basemodel.environment:900:     sea_ice_y_velocity: 0 (min) 0 (max)
19:41:34 DEBUG   opendrift.models.basemodel.environment:900:     land_binary_mask: 0 (min) 0 (max)
19:41:34 DEBUG   opendrift.models.basemodel.environment:902: ---------------------------------
19:41:34 DEBUG   opendrift.models.physics_methods:823: Calculating Hs from wind, min: 3.637161, mean: 3.772254, max: 4.311917
19:41:34 WARNING opendrift.models.physics_methods:832: Setting wave direction equal to wind direction, min: -34.656609, mean: -34.258392, max: -33.863728
19:41:34 DEBUG   opendrift:689: No elements hit coastline.
19:41:34 DEBUG   opendrift:760: No elements hit seafloor.
19:41:34 DEBUG   opendrift:1732: No elements to deactivate
19:41:34 DEBUG   opendrift:2193: Calling OpenBerg.update()
19:41:34 DEBUG   opendrift.models.openberg:507: Advection with surface currents
19:41:34 DEBUG   opendrift.models.openberg:569: Grounding condition: Icebergs grounded = 9
19:41:34 DEBUG   opendrift:1680: Horizontal diffusivity is 0, no random walk.
19:41:34 DEBUG   opendrift:904: to be seeded: 250, already seeded 10
19:41:34 DEBUG   opendrift:926: Released 0 new elements.
19:41:34 DEBUG   opendrift:2135: ======================================================================
19:41:34 INFO    opendrift:2136: 2025-09-25 01:00:00 - step 26 of 1872 - 10 active elements (0 deactivated)
19:41:34 DEBUG   opendrift:2142: 250 elements scheduled.
19:41:34 DEBUG   opendrift:2144: ======================================================================
19:41:34 DEBUG   opendrift:2155: 		74.99825286865234 <- latitude -> 75.25086896877853
19:41:34 DEBUG   opendrift:2155: 		-58.31039341567228 <- longitude -> -58.09977340698242
19:41:34 DEBUG   opendrift:2153: 		z = 0.0
19:41:34 DEBUG   opendrift:2156: ---------------------------------
19:41:34 DEBUG   opendrift.models.basemodel.environment:599: ----------------------------------------
19:41:34 DEBUG   opendrift.models.basemodel.environment:600: Variable group ['sea_floor_depth_below_sea_level', 'sea_water_temperature', 'x_sea_water_velocity', 'y_sea_water_velocity', 'sea_surface_height', 'sea_ice_thickness', 'sea_ice_area_fraction', 'sea_ice_x_velocity', 'sea_ice_y_velocity']
19:41:34 DEBUG   opendrift.models.basemodel.environment:601: ----------------------------------------
19:41:34 DEBUG   opendrift.models.basemodel.environment:605: Calling reader Ensemble reader
19:41:34 DEBUG   opendrift.models.basemodel.environment:606: ----------------------------------------
19:41:34 DEBUG   opendrift.models.basemodel.environment:626: Data needed for 10 elements
19:41:34 DEBUG   opendrift.readers.basereader.variables:761: Fetching variables from Ensemble reader covering 10 elements
19:41:34 DEBUG   opendrift.readers.basereader.structured:220: Reader time:
		2025-09-24 12:00:00 (before)
		2025-09-25 12:00:00 (after)
19:41:34 DEBUG   opendrift.readers.basereader.structured:334: Interpolating before (2025-09-24 12:00:00) in space  (linearNDFast)
19:41:34 DEBUG   opendrift.readers.interpolation.structured:97: Initialising interpolator.
19:41:34 DEBUG   opendrift.readers.interpolation.structured:122: Interpolating 10 ensembles for sea_floor_depth_below_sea_level
19:41:34 DEBUG   opendrift.readers.interpolation.structured:122: Interpolating 10 ensembles for sea_water_temperature
19:41:34 DEBUG   opendrift.readers.interpolation.interpolators:115: Converting masked array to numpy array for interpolation
19:41:34 DEBUG   opendrift.readers.interpolation.interpolators:115: Converting masked array to numpy array for interpolation
19:41:34 DEBUG   opendrift.readers.interpolation.interpolators:115: Converting masked array to numpy array for interpolation
19:41:34 DEBUG   opendrift.readers.interpolation.interpolators:115: Converting masked array to numpy array for interpolation
19:41:34 DEBUG   opendrift.readers.interpolation.interpolators:115: Converting masked array to numpy array for interpolation
19:41:34 DEBUG   opendrift.readers.interpolation.interpolators:115: Converting masked array to numpy array for interpolation
19:41:34 DEBUG   opendrift.readers.interpolation.interpolators:115: Converting masked array to numpy array for interpolation
19:41:34 DEBUG   opendrift.readers.interpolation.interpolators:115: Converting masked array to numpy array for interpolation
19:41:34 DEBUG   opendrift.readers.interpolation.interpolators:115: Converting masked array to numpy array for interpolation
19:41:34 DEBUG   opendrift.readers.interpolation.interpolators:115: Converting masked array to numpy array for interpolation
19:41:34 DEBUG   opendrift.readers.interpolation.interpolators:115: Converting masked array to numpy array for interpolation
19:41:34 DEBUG   opendrift.readers.interpolation.interpolators:115: Converting masked array to numpy array for interpolation
19:41:34 DEBUG   opendrift.readers.interpolation.interpolators:115: Converting masked array to numpy array for interpolation
19:41:34 DEBUG   opendrift.readers.interpolation.interpolators:115: Converting masked array to numpy array for interpolation
19:41:34 DEBUG   opendrift.readers.interpolation.interpolators:115: Converting masked array to numpy array for interpolation
19:41:34 DEBUG   opendrift.readers.interpolation.interpolators:115: Converting masked array to numpy array for interpolation
19:41:34 DEBUG   opendrift.readers.interpolation.interpolators:115: Converting masked array to numpy array for interpolation
19:41:34 DEBUG   opendrift.readers.interpolation.interpolators:115: Converting masked array to numpy array for interpolation
19:41:34 DEBUG   opendrift.readers.interpolation.interpolators:115: Converting masked array to numpy array for interpolation
19:41:34 DEBUG   opendrift.readers.interpolation.interpolators:115: Converting masked array to numpy array for interpolation
19:41:34 DEBUG   opendrift.readers.interpolation.structured:122: Interpolating 10 ensembles for x_sea_water_velocity
19:41:34 DEBUG   opendrift.readers.interpolation.structured:122: Interpolating 10 ensembles for y_sea_water_velocity
19:41:34 DEBUG   opendrift.readers.interpolation.structured:122: Interpolating 10 ensembles for sea_surface_height
19:41:34 DEBUG   opendrift.readers.interpolation.interpolators:115: Converting masked array to numpy array for interpolation
19:41:34 DEBUG   opendrift.readers.interpolation.interpolators:115: Converting masked array to numpy array for interpolation
19:41:34 DEBUG   opendrift.readers.interpolation.interpolators:115: Converting masked array to numpy array for interpolation
19:41:34 DEBUG   opendrift.readers.interpolation.interpolators:115: Converting masked array to numpy array for interpolation
19:41:34 DEBUG   opendrift.readers.interpolation.interpolators:115: Converting masked array to numpy array for interpolation
19:41:34 DEBUG   opendrift.readers.interpolation.interpolators:115: Converting masked array to numpy array for interpolation
19:41:34 DEBUG   opendrift.readers.interpolation.interpolators:115: Converting masked array to numpy array for interpolation
19:41:34 DEBUG   opendrift.readers.interpolation.interpolators:115: Converting masked array to numpy array for interpolation
19:41:34 DEBUG   opendrift.readers.interpolation.interpolators:115: Converting masked array to numpy array for interpolation
19:41:34 DEBUG   opendrift.readers.interpolation.interpolators:115: Converting masked array to numpy array for interpolation
19:41:34 DEBUG   opendrift.readers.interpolation.structured:122: Interpolating 10 ensembles for sea_ice_thickness
19:41:34 DEBUG   opendrift.readers.interpolation.interpolators:115: Converting masked array to numpy array for interpolation
19:41:34 DEBUG   opendrift.readers.interpolation.interpolators:115: Converting masked array to numpy array for interpolation
19:41:34 DEBUG   opendrift.readers.interpolation.interpolators:115: Converting masked array to numpy array for interpolation
19:41:34 DEBUG   opendrift.readers.interpolation.interpolators:115: Converting masked array to numpy array for interpolation
19:41:34 DEBUG   opendrift.readers.interpolation.interpolators:115: Converting masked array to numpy array for interpolation
19:41:34 DEBUG   opendrift.readers.interpolation.interpolators:115: Converting masked array to numpy array for interpolation
19:41:34 DEBUG   opendrift.readers.interpolation.interpolators:115: Converting masked array to numpy array for interpolation
19:41:34 DEBUG   opendrift.readers.interpolation.interpolators:115: Converting masked array to numpy array for interpolation
19:41:34 DEBUG   opendrift.readers.interpolation.interpolators:115: Converting masked array to numpy array for interpolation
19:41:34 DEBUG   opendrift.readers.interpolation.interpolators:115: Converting masked array to numpy array for interpolation
19:41:34 DEBUG   opendrift.readers.interpolation.structured:122: Interpolating 10 ensembles for sea_ice_area_fraction
19:41:34 DEBUG   opendrift.readers.interpolation.interpolators:115: Converting masked array to numpy array for interpolation
19:41:34 DEBUG   opendrift.readers.interpolation.interpolators:115: Converting masked array to numpy array for interpolation
19:41:34 DEBUG   opendrift.readers.interpolation.interpolators:115: Converting masked array to numpy array for interpolation
19:41:34 DEBUG   opendrift.readers.interpolation.interpolators:115: Converting masked array to numpy array for interpolation
19:41:34 DEBUG   opendrift.readers.interpolation.interpolators:115: Converting masked array to numpy array for interpolation
19:41:34 DEBUG   opendrift.readers.interpolation.interpolators:115: Converting masked array to numpy array for interpolation
19:41:34 DEBUG   opendrift.readers.interpolation.interpolators:115: Converting masked array to numpy array for interpolation
19:41:34 DEBUG   opendrift.readers.interpolation.interpolators:115: Converting masked array to numpy array for interpolation
19:41:34 DEBUG   opendrift.readers.interpolation.interpolators:115: Converting masked array to numpy array for interpolation
19:41:34 DEBUG   opendrift.readers.interpolation.interpolators:115: Converting masked array to numpy array for interpolation
19:41:34 DEBUG   opendrift.readers.interpolation.structured:122: Interpolating 10 ensembles for sea_ice_x_velocity
19:41:34 DEBUG   opendrift.readers.interpolation.interpolators:115: Converting masked array to numpy array for interpolation
19:41:34 DEBUG   opendrift.readers.interpolation.interpolators:115: Converting masked array to numpy array for interpolation
19:41:34 DEBUG   opendrift.readers.interpolation.interpolators:115: Converting masked array to numpy array for interpolation
19:41:34 DEBUG   opendrift.readers.interpolation.interpolators:115: Converting masked array to numpy array for interpolation
19:41:34 DEBUG   opendrift.readers.interpolation.interpolators:115: Converting masked array to numpy array for interpolation
19:41:34 DEBUG   opendrift.readers.interpolation.interpolators:115: Converting masked array to numpy array for interpolation
19:41:34 DEBUG   opendrift.readers.interpolation.interpolators:115: Converting masked array to numpy array for interpolation
19:41:34 DEBUG   opendrift.readers.interpolation.interpolators:115: Converting masked array to numpy array for interpolation
19:41:34 DEBUG   opendrift.readers.interpolation.interpolators:115: Converting masked array to numpy array for interpolation
19:41:34 DEBUG   opendrift.readers.interpolation.interpolators:115: Converting masked array to numpy array for interpolation
19:41:34 DEBUG   opendrift.readers.interpolation.structured:122: Interpolating 10 ensembles for sea_ice_y_velocity
19:41:34 DEBUG   opendrift.readers.interpolation.interpolators:115: Converting masked array to numpy array for interpolation
19:41:34 DEBUG   opendrift.readers.interpolation.interpolators:115: Converting masked array to numpy array for interpolation
19:41:34 DEBUG   opendrift.readers.interpolation.interpolators:115: Converting masked array to numpy array for interpolation
19:41:34 DEBUG   opendrift.readers.interpolation.interpolators:115: Converting masked array to numpy array for interpolation
19:41:34 DEBUG   opendrift.readers.interpolation.interpolators:115: Converting masked array to numpy array for interpolation
19:41:34 DEBUG   opendrift.readers.interpolation.interpolators:115: Converting masked array to numpy array for interpolation
19:41:34 DEBUG   opendrift.readers.interpolation.interpolators:115: Converting masked array to numpy array for interpolation
19:41:34 DEBUG   opendrift.readers.interpolation.interpolators:115: Converting masked array to numpy array for interpolation
19:41:34 DEBUG   opendrift.readers.interpolation.interpolators:115: Converting masked array to numpy array for interpolation
19:41:34 DEBUG   opendrift.readers.interpolation.interpolators:115: Converting masked array to numpy array for interpolation
19:41:34 DEBUG   opendrift.readers.basereader.structured:340: Interpolating after (2025-09-25 12:00:00) in space  (linearNDFast)
19:41:34 DEBUG   opendrift.readers.interpolation.structured:97: Initialising interpolator.
19:41:34 DEBUG   opendrift.readers.interpolation.structured:122: Interpolating 10 ensembles for sea_floor_depth_below_sea_level
19:41:34 DEBUG   opendrift.readers.interpolation.structured:122: Interpolating 10 ensembles for sea_water_temperature
19:41:34 DEBUG   opendrift.readers.interpolation.interpolators:115: Converting masked array to numpy array for interpolation
19:41:34 DEBUG   opendrift.readers.interpolation.interpolators:115: Converting masked array to numpy array for interpolation
19:41:34 DEBUG   opendrift.readers.interpolation.interpolators:115: Converting masked array to numpy array for interpolation
19:41:34 DEBUG   opendrift.readers.interpolation.interpolators:115: Converting masked array to numpy array for interpolation
19:41:34 DEBUG   opendrift.readers.interpolation.interpolators:115: Converting masked array to numpy array for interpolation
19:41:34 DEBUG   opendrift.readers.interpolation.interpolators:115: Converting masked array to numpy array for interpolation
19:41:34 DEBUG   opendrift.readers.interpolation.interpolators:115: Converting masked array to numpy array for interpolation
19:41:34 DEBUG   opendrift.readers.interpolation.interpolators:115: Converting masked array to numpy array for interpolation
19:41:34 DEBUG   opendrift.readers.interpolation.interpolators:115: Converting masked array to numpy array for interpolation
19:41:34 DEBUG   opendrift.readers.interpolation.interpolators:115: Converting masked array to numpy array for interpolation
19:41:34 DEBUG   opendrift.readers.interpolation.interpolators:115: Converting masked array to numpy array for interpolation
19:41:34 DEBUG   opendrift.readers.interpolation.interpolators:115: Converting masked array to numpy array for interpolation
19:41:34 DEBUG   opendrift.readers.interpolation.interpolators:115: Converting masked array to numpy array for interpolation
19:41:34 DEBUG   opendrift.readers.interpolation.interpolators:115: Converting masked array to numpy array for interpolation
19:41:34 DEBUG   opendrift.readers.interpolation.interpolators:115: Converting masked array to numpy array for interpolation
19:41:34 DEBUG   opendrift.readers.interpolation.interpolators:115: Converting masked array to numpy array for interpolation
19:41:34 DEBUG   opendrift.readers.interpolation.interpolators:115: Converting masked array to numpy array for interpolation
19:41:34 DEBUG   opendrift.readers.interpolation.interpolators:115: Converting masked array to numpy array for interpolation
19:41:34 DEBUG   opendrift.readers.interpolation.interpolators:115: Converting masked array to numpy array for interpolation
19:41:34 DEBUG   opendrift.readers.interpolation.interpolators:115: Converting masked array to numpy array for interpolation
19:41:34 DEBUG   opendrift.readers.interpolation.structured:122: Interpolating 10 ensembles for x_sea_water_velocity
19:41:34 DEBUG   opendrift.readers.interpolation.structured:122: Interpolating 10 ensembles for y_sea_water_velocity
19:41:34 DEBUG   opendrift.readers.interpolation.structured:122: Interpolating 10 ensembles for sea_surface_height
19:41:34 DEBUG   opendrift.readers.interpolation.interpolators:115: Converting masked array to numpy array for interpolation
19:41:34 DEBUG   opendrift.readers.interpolation.interpolators:115: Converting masked array to numpy array for interpolation
19:41:34 DEBUG   opendrift.readers.interpolation.interpolators:115: Converting masked array to numpy array for interpolation
19:41:34 DEBUG   opendrift.readers.interpolation.interpolators:115: Converting masked array to numpy array for interpolation
19:41:34 DEBUG   opendrift.readers.interpolation.interpolators:115: Converting masked array to numpy array for interpolation
19:41:34 DEBUG   opendrift.readers.interpolation.interpolators:115: Converting masked array to numpy array for interpolation
19:41:34 DEBUG   opendrift.readers.interpolation.interpolators:115: Converting masked array to numpy array for interpolation
19:41:34 DEBUG   opendrift.readers.interpolation.interpolators:115: Converting masked array to numpy array for interpolation
19:41:34 DEBUG   opendrift.readers.interpolation.interpolators:115: Converting masked array to numpy array for interpolation
19:41:34 DEBUG   opendrift.readers.interpolation.interpolators:115: Converting masked array to numpy array for interpolation
19:41:34 DEBUG   opendrift.readers.interpolation.structured:122: Interpolating 10 ensembles for sea_ice_thickness
19:41:34 DEBUG   opendrift.readers.interpolation.interpolators:115: Converting masked array to numpy array for interpolation
19:41:34 DEBUG   opendrift.readers.interpolation.interpolators:115: Converting masked array to numpy array for interpolation
19:41:34 DEBUG   opendrift.readers.interpolation.interpolators:115: Converting masked array to numpy array for interpolation
19:41:34 DEBUG   opendrift.readers.interpolation.interpolators:115: Converting masked array to numpy array for interpolation
19:41:34 DEBUG   opendrift.readers.interpolation.interpolators:115: Converting masked array to numpy array for interpolation
19:41:34 DEBUG   opendrift.readers.interpolation.interpolators:115: Converting masked array to numpy array for interpolation
19:41:34 DEBUG   opendrift.readers.interpolation.interpolators:115: Converting masked array to numpy array for interpolation
19:41:34 DEBUG   opendrift.readers.interpolation.interpolators:115: Converting masked array to numpy array for interpolation
19:41:34 DEBUG   opendrift.readers.interpolation.interpolators:115: Converting masked array to numpy array for interpolation
19:41:34 DEBUG   opendrift.readers.interpolation.interpolators:115: Converting masked array to numpy array for interpolation
19:41:34 DEBUG   opendrift.readers.interpolation.structured:122: Interpolating 10 ensembles for sea_ice_area_fraction
19:41:34 DEBUG   opendrift.readers.interpolation.interpolators:115: Converting masked array to numpy array for interpolation
19:41:34 DEBUG   opendrift.readers.interpolation.interpolators:115: Converting masked array to numpy array for interpolation
19:41:34 DEBUG   opendrift.readers.interpolation.interpolators:115: Converting masked array to numpy array for interpolation
19:41:34 DEBUG   opendrift.readers.interpolation.interpolators:115: Converting masked array to numpy array for interpolation
19:41:34 DEBUG   opendrift.readers.interpolation.interpolators:115: Converting masked array to numpy array for interpolation
19:41:34 DEBUG   opendrift.readers.interpolation.interpolators:115: Converting masked array to numpy array for interpolation
19:41:34 DEBUG   opendrift.readers.interpolation.interpolators:115: Converting masked array to numpy array for interpolation
19:41:34 DEBUG   opendrift.readers.interpolation.interpolators:115: Converting masked array to numpy array for interpolation
19:41:34 DEBUG   opendrift.readers.interpolation.interpolators:115: Converting masked array to numpy array for interpolation
19:41:34 DEBUG   opendrift.readers.interpolation.interpolators:115: Converting masked array to numpy array for interpolation
19:41:34 DEBUG   opendrift.readers.interpolation.structured:122: Interpolating 10 ensembles for sea_ice_x_velocity
19:41:34 DEBUG   opendrift.readers.interpolation.interpolators:115: Converting masked array to numpy array for interpolation
19:41:34 DEBUG   opendrift.readers.interpolation.interpolators:115: Converting masked array to numpy array for interpolation
19:41:34 DEBUG   opendrift.readers.interpolation.interpolators:115: Converting masked array to numpy array for interpolation
19:41:34 DEBUG   opendrift.readers.interpolation.interpolators:115: Converting masked array to numpy array for interpolation
19:41:34 DEBUG   opendrift.readers.interpolation.interpolators:115: Converting masked array to numpy array for interpolation
19:41:34 DEBUG   opendrift.readers.interpolation.interpolators:115: Converting masked array to numpy array for interpolation
19:41:34 DEBUG   opendrift.readers.interpolation.interpolators:115: Converting masked array to numpy array for interpolation
19:41:34 DEBUG   opendrift.readers.interpolation.interpolators:115: Converting masked array to numpy array for interpolation
19:41:34 DEBUG   opendrift.readers.interpolation.interpolators:115: Converting masked array to numpy array for interpolation
19:41:34 DEBUG   opendrift.readers.interpolation.interpolators:115: Converting masked array to numpy array for interpolation
19:41:34 DEBUG   opendrift.readers.interpolation.structured:122: Interpolating 10 ensembles for sea_ice_y_velocity
19:41:34 DEBUG   opendrift.readers.interpolation.interpolators:115: Converting masked array to numpy array for interpolation
19:41:34 DEBUG   opendrift.readers.interpolation.interpolators:115: Converting masked array to numpy array for interpolation
19:41:34 DEBUG   opendrift.readers.interpolation.interpolators:115: Converting masked array to numpy array for interpolation
19:41:34 DEBUG   opendrift.readers.interpolation.interpolators:115: Converting masked array to numpy array for interpolation
19:41:34 DEBUG   opendrift.readers.interpolation.interpolators:115: Converting masked array to numpy array for interpolation
19:41:34 DEBUG   opendrift.readers.interpolation.interpolators:115: Converting masked array to numpy array for interpolation
19:41:34 DEBUG   opendrift.readers.interpolation.interpolators:115: Converting masked array to numpy array for interpolation
19:41:34 DEBUG   opendrift.readers.interpolation.interpolators:115: Converting masked array to numpy array for interpolation
19:41:34 DEBUG   opendrift.readers.interpolation.interpolators:115: Converting masked array to numpy array for interpolation
19:41:34 DEBUG   opendrift.readers.interpolation.interpolators:115: Converting masked array to numpy array for interpolation
19:41:34 DEBUG   opendrift.readers.basereader.structured:355: Interpolating before (2025-09-24 12:00:00, weight 0.46) and
		      after (2025-09-25 12:00:00, weight 0.54) in time
19:41:34 DEBUG   opendrift.readers.basereader.structured:368: Interpolating profiles in time
19:41:34 DEBUG   opendrift.readers.basereader.variables:100: Rotating vectors between -13.316001863481821 and -13.10547946101443 degrees.
19:41:34 DEBUG   opendrift.readers.basereader.variables:100: Rotating vectors between -13.316001863481821 and -13.10547946101443 degrees.
19:41:34 DEBUG   opendrift.readers.basereader.variables:100: Rotating vectors between -13.316001863481821 and -13.10547946101443 degrees.
19:41:34 DEBUG   opendrift.models.basemodel.environment:762: Obtained data for all elements.
19:41:34 DEBUG   opendrift.models.basemodel.environment:599: ----------------------------------------
19:41:34 DEBUG   opendrift.models.basemodel.environment:600: Variable group ['land_binary_mask']
19:41:34 DEBUG   opendrift.models.basemodel.environment:601: ----------------------------------------
19:41:34 DEBUG   opendrift.models.basemodel.environment:605: Calling reader global_landmask
19:41:34 DEBUG   opendrift.models.basemodel.environment:606: ----------------------------------------
19:41:34 DEBUG   opendrift.models.basemodel.environment:626: Data needed for 10 elements
19:41:34 DEBUG   opendrift.readers.basereader.variables:761: Fetching variables from global_landmask covering 10 elements
19:41:34 DEBUG   opendrift.readers.basereader.continuous:37: Fetched env-before
19:41:34 DEBUG   opendrift.readers.basereader.variables:639: Checking land_binary_mask for invalid values
19:41:34 DEBUG   opendrift.readers.basereader.variables:797: Reader projection is latlon - rotation of vectors is not needed.
19:41:34 DEBUG   opendrift.models.basemodel.environment:762: Obtained data for all elements.
19:41:34 DEBUG   opendrift.models.basemodel.environment:599: ----------------------------------------
19:41:34 DEBUG   opendrift.models.basemodel.environment:600: Variable group ['x_wind', 'y_wind']
19:41:34 DEBUG   opendrift.models.basemodel.environment:601: ----------------------------------------
19:41:34 DEBUG   opendrift.models.basemodel.environment:605: Calling reader cmems_obs-wind_glo_phy_nrt_l4_0.125deg_PT1H
19:41:34 DEBUG   opendrift.models.basemodel.environment:606: ----------------------------------------
19:41:34 DEBUG   opendrift.models.basemodel.environment:626: Data needed for 10 elements
19:41:34 DEBUG   opendrift.readers.basereader.variables:761: Fetching variables from cmems_obs-wind_glo_phy_nrt_l4_0.125deg_PT1H covering 10 elements
19:41:34 DEBUG   opendrift.readers.basereader.structured:208: Shifting coordinates to -180-180
19:41:34 DEBUG   opendrift.readers.basereader.structured:220: Reader time:
		2025-09-25 01:00:00 (before)
		2025-09-25 02:00:00 (after)
19:41:34 DEBUG   opendrift.readers.reader_netCDF_CF_generic:470: Using eastward_wind to retrieve x_wind
19:41:34 DEBUG   opendrift.readers.reader_netCDF_CF_generic:470: Using northward_wind to retrieve y_wind
19:41:34 DEBUG   opendrift.readers.reader_netCDF_CF_generic:592: North is up, no rotation necessary
19:41:34 DEBUG   opendrift.readers.basereader.variables:639: Checking x_wind for invalid values
19:41:34 DEBUG   opendrift.readers.basereader.variables:639: Checking y_wind for invalid values
19:41:34 DEBUG   opendrift.readers.basereader.structured:290: Fetched env-block (size 8x8x1) for time before (2025-09-25 01:00:00)
19:41:34 DEBUG   opendrift.readers.basereader.structured:334: Interpolating before (2025-09-25 01:00:00) in space  (linearNDFast)
19:41:34 DEBUG   opendrift.readers.interpolation.structured:97: Initialising interpolator.
19:41:34 DEBUG   opendrift.readers.basereader.structured:388: No time interpolation needed - right on time.
19:41:34 DEBUG   opendrift.readers.basereader.variables:797: Reader projection is latlon - rotation of vectors is not needed.
19:41:34 DEBUG   opendrift.models.basemodel.environment:762: Obtained data for all elements.
19:41:34 DEBUG   opendrift.models.basemodel.environment:775: ---------------------------------------
19:41:34 DEBUG   opendrift.models.basemodel.environment:776: Finished processing all variable groups
19:41:34 DEBUG   opendrift.models.basemodel.environment:812:       Using fallback value 0 for x_sea_water_velocity for 0 profiles
19:41:34 DEBUG   opendrift.models.basemodel.environment:812:       Using fallback value 0 for y_sea_water_velocity for 0 profiles
19:41:34 DEBUG   opendrift.models.basemodel.environment:812:       Using fallback value 2 for sea_water_temperature for 0 profiles
19:41:34 DEBUG   opendrift.models.basemodel.environment:801:       Using fallback value 35 for sea_water_salinity for all profiles
19:41:34 DEBUG   opendrift.models.basemodel.environment:898: ------------ SUMMARY -------------
19:41:34 DEBUG   opendrift.models.basemodel.environment:900:     x_sea_water_velocity: -0.0434391 (min) 0.0218998 (max)
19:41:34 DEBUG   opendrift.models.basemodel.environment:900:     y_sea_water_velocity: 0.0597436 (min) 0.239367 (max)
19:41:34 DEBUG   opendrift.models.basemodel.environment:900:     sea_floor_depth_below_sea_level: 30.195 (min) 63.5334 (max)
19:41:34 DEBUG   opendrift.models.basemodel.environment:900:     sea_surface_height: -0.38822 (min) -0.365572 (max)
19:41:34 DEBUG   opendrift.models.basemodel.environment:900:     sea_surface_x_slope: 0 (min) 0 (max)
19:41:34 DEBUG   opendrift.models.basemodel.environment:900:     sea_surface_y_slope: 0 (min) 0 (max)
19:41:34 DEBUG   opendrift.models.basemodel.environment:900:     x_wind: -6.99208 (min) -6.3646 (max)
19:41:34 DEBUG   opendrift.models.basemodel.environment:900:     y_wind: 9.59638 (min) 10.2598 (max)
19:41:34 DEBUG   opendrift.models.basemodel.environment:900:     horizontal_diffusivity: 0 (min) 0 (max)
19:41:34 DEBUG   opendrift.models.basemodel.environment:900:     sea_surface_wave_significant_height: 0 (min) 0 (max)
19:41:34 DEBUG   opendrift.models.basemodel.environment:900:     sea_surface_wave_from_direction: 0 (min) 0 (max)
19:41:34 DEBUG   opendrift.models.basemodel.environment:900:     sea_surface_wave_stokes_drift_x_velocity: 0 (min) 0 (max)
19:41:34 DEBUG   opendrift.models.basemodel.environment:900:     sea_surface_wave_stokes_drift_y_velocity: 0 (min) 0 (max)
19:41:34 DEBUG   opendrift.models.basemodel.environment:900:     sea_water_temperature: 2.05094 (min) 2.63004 (max)
19:41:34 DEBUG   opendrift.models.basemodel.environment:900:     sea_water_salinity: 35 (min) 35 (max)
19:41:34 DEBUG   opendrift.models.basemodel.environment:900:     sea_ice_area_fraction: 0 (min) 0 (max)
19:41:34 DEBUG   opendrift.models.basemodel.environment:900:     sea_ice_thickness: 0 (min) 0 (max)
19:41:34 DEBUG   opendrift.models.basemodel.environment:900:     sea_ice_x_velocity: 0 (min) 0 (max)
19:41:34 DEBUG   opendrift.models.basemodel.environment:900:     sea_ice_y_velocity: 0 (min) 0 (max)
19:41:34 DEBUG   opendrift.models.basemodel.environment:900:     land_binary_mask: 0 (min) 0 (max)
19:41:34 DEBUG   opendrift.models.basemodel.environment:902: ---------------------------------
19:41:34 DEBUG   opendrift.models.physics_methods:823: Calculating Hs from wind, min: 3.286482, mean: 3.397788, max: 3.792154
19:41:34 WARNING opendrift.models.physics_methods:832: Setting wave direction equal to wind direction, min: -34.274544, mean: -33.587807, max: -33.050228
19:41:34 DEBUG   opendrift:689: No elements hit coastline.
19:41:34 DEBUG   opendrift:760: No elements hit seafloor.
19:41:34 DEBUG   opendrift:1732: No elements to deactivate
19:41:34 DEBUG   opendrift:2193: Calling OpenBerg.update()
19:41:34 DEBUG   opendrift.models.openberg:507: Advection with surface currents
19:41:34 DEBUG   opendrift.models.openberg:569: Grounding condition: Icebergs grounded = 9
19:41:34 DEBUG   opendrift:1680: Horizontal diffusivity is 0, no random walk.
19:41:34 DEBUG   opendrift:904: to be seeded: 250, already seeded 10
19:41:34 DEBUG   opendrift:926: Released 0 new elements.
19:41:34 DEBUG   opendrift:2135: ======================================================================
19:41:34 INFO    opendrift:2136: 2025-09-25 02:00:00 - step 27 of 1872 - 10 active elements (0 deactivated)
19:41:34 DEBUG   opendrift:2142: 250 elements scheduled.
19:41:34 DEBUG   opendrift:2144: ======================================================================
19:41:34 DEBUG   opendrift:2155: 		74.99825286865234 <- latitude -> 75.26012020591811
19:41:34 DEBUG   opendrift:2155: 		-58.32366095863907 <- longitude -> -58.09977340698242
19:41:34 DEBUG   opendrift:2153: 		z = 0.0
19:41:34 DEBUG   opendrift:2156: ---------------------------------
19:41:34 DEBUG   opendrift.models.basemodel.environment:599: ----------------------------------------
19:41:34 DEBUG   opendrift.models.basemodel.environment:600: Variable group ['sea_floor_depth_below_sea_level', 'sea_water_temperature', 'x_sea_water_velocity', 'y_sea_water_velocity', 'sea_surface_height', 'sea_ice_thickness', 'sea_ice_area_fraction', 'sea_ice_x_velocity', 'sea_ice_y_velocity']
19:41:34 DEBUG   opendrift.models.basemodel.environment:601: ----------------------------------------
19:41:34 DEBUG   opendrift.models.basemodel.environment:605: Calling reader Ensemble reader
19:41:34 DEBUG   opendrift.models.basemodel.environment:606: ----------------------------------------
19:41:34 DEBUG   opendrift.models.basemodel.environment:626: Data needed for 10 elements
19:41:34 DEBUG   opendrift.readers.basereader.variables:761: Fetching variables from Ensemble reader covering 10 elements
19:41:34 DEBUG   opendrift.readers.basereader.structured:220: Reader time:
		2025-09-24 12:00:00 (before)
		2025-09-25 12:00:00 (after)
19:41:34 DEBUG   opendrift.readers.basereader.structured:334: Interpolating before (2025-09-24 12:00:00) in space  (linearNDFast)
19:41:34 DEBUG   opendrift.readers.interpolation.structured:97: Initialising interpolator.
19:41:34 DEBUG   opendrift.readers.interpolation.structured:122: Interpolating 10 ensembles for sea_floor_depth_below_sea_level
19:41:34 DEBUG   opendrift.readers.interpolation.structured:122: Interpolating 10 ensembles for sea_water_temperature
19:41:34 DEBUG   opendrift.readers.interpolation.interpolators:115: Converting masked array to numpy array for interpolation
19:41:34 DEBUG   opendrift.readers.interpolation.interpolators:115: Converting masked array to numpy array for interpolation
19:41:34 DEBUG   opendrift.readers.interpolation.interpolators:115: Converting masked array to numpy array for interpolation
19:41:34 DEBUG   opendrift.readers.interpolation.interpolators:115: Converting masked array to numpy array for interpolation
19:41:34 DEBUG   opendrift.readers.interpolation.interpolators:115: Converting masked array to numpy array for interpolation
19:41:34 DEBUG   opendrift.readers.interpolation.interpolators:115: Converting masked array to numpy array for interpolation
19:41:34 DEBUG   opendrift.readers.interpolation.interpolators:115: Converting masked array to numpy array for interpolation
19:41:34 DEBUG   opendrift.readers.interpolation.interpolators:115: Converting masked array to numpy array for interpolation
19:41:34 DEBUG   opendrift.readers.interpolation.interpolators:115: Converting masked array to numpy array for interpolation
19:41:34 DEBUG   opendrift.readers.interpolation.interpolators:115: Converting masked array to numpy array for interpolation
19:41:34 DEBUG   opendrift.readers.interpolation.interpolators:115: Converting masked array to numpy array for interpolation
19:41:34 DEBUG   opendrift.readers.interpolation.interpolators:115: Converting masked array to numpy array for interpolation
19:41:34 DEBUG   opendrift.readers.interpolation.interpolators:115: Converting masked array to numpy array for interpolation
19:41:34 DEBUG   opendrift.readers.interpolation.interpolators:115: Converting masked array to numpy array for interpolation
19:41:34 DEBUG   opendrift.readers.interpolation.interpolators:115: Converting masked array to numpy array for interpolation
19:41:34 DEBUG   opendrift.readers.interpolation.interpolators:115: Converting masked array to numpy array for interpolation
19:41:34 DEBUG   opendrift.readers.interpolation.interpolators:115: Converting masked array to numpy array for interpolation
19:41:34 DEBUG   opendrift.readers.interpolation.interpolators:115: Converting masked array to numpy array for interpolation
19:41:34 DEBUG   opendrift.readers.interpolation.interpolators:115: Converting masked array to numpy array for interpolation
19:41:34 DEBUG   opendrift.readers.interpolation.interpolators:115: Converting masked array to numpy array for interpolation
19:41:34 DEBUG   opendrift.readers.interpolation.structured:122: Interpolating 10 ensembles for x_sea_water_velocity
19:41:34 DEBUG   opendrift.readers.interpolation.structured:122: Interpolating 10 ensembles for y_sea_water_velocity
19:41:34 DEBUG   opendrift.readers.interpolation.structured:122: Interpolating 10 ensembles for sea_surface_height
19:41:34 DEBUG   opendrift.readers.interpolation.interpolators:115: Converting masked array to numpy array for interpolation
19:41:34 DEBUG   opendrift.readers.interpolation.interpolators:115: Converting masked array to numpy array for interpolation
19:41:34 DEBUG   opendrift.readers.interpolation.interpolators:115: Converting masked array to numpy array for interpolation
19:41:34 DEBUG   opendrift.readers.interpolation.interpolators:115: Converting masked array to numpy array for interpolation
19:41:34 DEBUG   opendrift.readers.interpolation.interpolators:115: Converting masked array to numpy array for interpolation
19:41:34 DEBUG   opendrift.readers.interpolation.interpolators:115: Converting masked array to numpy array for interpolation
19:41:34 DEBUG   opendrift.readers.interpolation.interpolators:115: Converting masked array to numpy array for interpolation
19:41:34 DEBUG   opendrift.readers.interpolation.interpolators:115: Converting masked array to numpy array for interpolation
19:41:34 DEBUG   opendrift.readers.interpolation.interpolators:115: Converting masked array to numpy array for interpolation
19:41:34 DEBUG   opendrift.readers.interpolation.interpolators:115: Converting masked array to numpy array for interpolation
19:41:34 DEBUG   opendrift.readers.interpolation.structured:122: Interpolating 10 ensembles for sea_ice_thickness
19:41:34 DEBUG   opendrift.readers.interpolation.interpolators:115: Converting masked array to numpy array for interpolation
19:41:34 DEBUG   opendrift.readers.interpolation.interpolators:115: Converting masked array to numpy array for interpolation
19:41:34 DEBUG   opendrift.readers.interpolation.interpolators:115: Converting masked array to numpy array for interpolation
19:41:34 DEBUG   opendrift.readers.interpolation.interpolators:115: Converting masked array to numpy array for interpolation
19:41:34 DEBUG   opendrift.readers.interpolation.interpolators:115: Converting masked array to numpy array for interpolation
19:41:34 DEBUG   opendrift.readers.interpolation.interpolators:115: Converting masked array to numpy array for interpolation
19:41:34 DEBUG   opendrift.readers.interpolation.interpolators:115: Converting masked array to numpy array for interpolation
19:41:34 DEBUG   opendrift.readers.interpolation.interpolators:115: Converting masked array to numpy array for interpolation
19:41:34 DEBUG   opendrift.readers.interpolation.interpolators:115: Converting masked array to numpy array for interpolation
19:41:34 DEBUG   opendrift.readers.interpolation.interpolators:115: Converting masked array to numpy array for interpolation
19:41:34 DEBUG   opendrift.readers.interpolation.structured:122: Interpolating 10 ensembles for sea_ice_area_fraction
19:41:34 DEBUG   opendrift.readers.interpolation.interpolators:115: Converting masked array to numpy array for interpolation
19:41:34 DEBUG   opendrift.readers.interpolation.interpolators:115: Converting masked array to numpy array for interpolation
19:41:34 DEBUG   opendrift.readers.interpolation.interpolators:115: Converting masked array to numpy array for interpolation
19:41:34 DEBUG   opendrift.readers.interpolation.interpolators:115: Converting masked array to numpy array for interpolation
19:41:34 DEBUG   opendrift.readers.interpolation.interpolators:115: Converting masked array to numpy array for interpolation
19:41:34 DEBUG   opendrift.readers.interpolation.interpolators:115: Converting masked array to numpy array for interpolation
19:41:34 DEBUG   opendrift.readers.interpolation.interpolators:115: Converting masked array to numpy array for interpolation
19:41:34 DEBUG   opendrift.readers.interpolation.interpolators:115: Converting masked array to numpy array for interpolation
19:41:34 DEBUG   opendrift.readers.interpolation.interpolators:115: Converting masked array to numpy array for interpolation
19:41:34 DEBUG   opendrift.readers.interpolation.interpolators:115: Converting masked array to numpy array for interpolation
19:41:34 DEBUG   opendrift.readers.interpolation.structured:122: Interpolating 10 ensembles for sea_ice_x_velocity
19:41:34 DEBUG   opendrift.readers.interpolation.interpolators:115: Converting masked array to numpy array for interpolation
19:41:34 DEBUG   opendrift.readers.interpolation.interpolators:115: Converting masked array to numpy array for interpolation
19:41:34 DEBUG   opendrift.readers.interpolation.interpolators:115: Converting masked array to numpy array for interpolation
19:41:34 DEBUG   opendrift.readers.interpolation.interpolators:115: Converting masked array to numpy array for interpolation
19:41:34 DEBUG   opendrift.readers.interpolation.interpolators:115: Converting masked array to numpy array for interpolation
19:41:34 DEBUG   opendrift.readers.interpolation.interpolators:115: Converting masked array to numpy array for interpolation
19:41:34 DEBUG   opendrift.readers.interpolation.interpolators:115: Converting masked array to numpy array for interpolation
19:41:34 DEBUG   opendrift.readers.interpolation.interpolators:115: Converting masked array to numpy array for interpolation
19:41:34 DEBUG   opendrift.readers.interpolation.interpolators:115: Converting masked array to numpy array for interpolation
19:41:34 DEBUG   opendrift.readers.interpolation.interpolators:115: Converting masked array to numpy array for interpolation
19:41:34 DEBUG   opendrift.readers.interpolation.structured:122: Interpolating 10 ensembles for sea_ice_y_velocity
19:41:34 DEBUG   opendrift.readers.interpolation.interpolators:115: Converting masked array to numpy array for interpolation
19:41:34 DEBUG   opendrift.readers.interpolation.interpolators:115: Converting masked array to numpy array for interpolation
19:41:34 DEBUG   opendrift.readers.interpolation.interpolators:115: Converting masked array to numpy array for interpolation
19:41:34 DEBUG   opendrift.readers.interpolation.interpolators:115: Converting masked array to numpy array for interpolation
19:41:34 DEBUG   opendrift.readers.interpolation.interpolators:115: Converting masked array to numpy array for interpolation
19:41:34 DEBUG   opendrift.readers.interpolation.interpolators:115: Converting masked array to numpy array for interpolation
19:41:34 DEBUG   opendrift.readers.interpolation.interpolators:115: Converting masked array to numpy array for interpolation
19:41:34 DEBUG   opendrift.readers.interpolation.interpolators:115: Converting masked array to numpy array for interpolation
19:41:34 DEBUG   opendrift.readers.interpolation.interpolators:115: Converting masked array to numpy array for interpolation
19:41:34 DEBUG   opendrift.readers.interpolation.interpolators:115: Converting masked array to numpy array for interpolation
19:41:34 DEBUG   opendrift.readers.basereader.structured:340: Interpolating after (2025-09-25 12:00:00) in space  (linearNDFast)
19:41:34 DEBUG   opendrift.readers.interpolation.structured:97: Initialising interpolator.
19:41:34 DEBUG   opendrift.readers.interpolation.structured:122: Interpolating 10 ensembles for sea_floor_depth_below_sea_level
19:41:34 DEBUG   opendrift.readers.interpolation.structured:122: Interpolating 10 ensembles for sea_water_temperature
19:41:34 DEBUG   opendrift.readers.interpolation.interpolators:115: Converting masked array to numpy array for interpolation
19:41:34 DEBUG   opendrift.readers.interpolation.interpolators:115: Converting masked array to numpy array for interpolation
19:41:34 DEBUG   opendrift.readers.interpolation.interpolators:115: Converting masked array to numpy array for interpolation
19:41:34 DEBUG   opendrift.readers.interpolation.interpolators:115: Converting masked array to numpy array for interpolation
19:41:34 DEBUG   opendrift.readers.interpolation.interpolators:115: Converting masked array to numpy array for interpolation
19:41:34 DEBUG   opendrift.readers.interpolation.interpolators:115: Converting masked array to numpy array for interpolation
19:41:34 DEBUG   opendrift.readers.interpolation.interpolators:115: Converting masked array to numpy array for interpolation
19:41:34 DEBUG   opendrift.readers.interpolation.interpolators:115: Converting masked array to numpy array for interpolation
19:41:34 DEBUG   opendrift.readers.interpolation.interpolators:115: Converting masked array to numpy array for interpolation
19:41:34 DEBUG   opendrift.readers.interpolation.interpolators:115: Converting masked array to numpy array for interpolation
19:41:34 DEBUG   opendrift.readers.interpolation.interpolators:115: Converting masked array to numpy array for interpolation
19:41:34 DEBUG   opendrift.readers.interpolation.interpolators:115: Converting masked array to numpy array for interpolation
19:41:34 DEBUG   opendrift.readers.interpolation.interpolators:115: Converting masked array to numpy array for interpolation
19:41:34 DEBUG   opendrift.readers.interpolation.interpolators:115: Converting masked array to numpy array for interpolation
19:41:34 DEBUG   opendrift.readers.interpolation.interpolators:115: Converting masked array to numpy array for interpolation
19:41:34 DEBUG   opendrift.readers.interpolation.interpolators:115: Converting masked array to numpy array for interpolation
19:41:34 DEBUG   opendrift.readers.interpolation.interpolators:115: Converting masked array to numpy array for interpolation
19:41:34 DEBUG   opendrift.readers.interpolation.interpolators:115: Converting masked array to numpy array for interpolation
19:41:34 DEBUG   opendrift.readers.interpolation.interpolators:115: Converting masked array to numpy array for interpolation
19:41:34 DEBUG   opendrift.readers.interpolation.interpolators:115: Converting masked array to numpy array for interpolation
19:41:34 DEBUG   opendrift.readers.interpolation.structured:122: Interpolating 10 ensembles for x_sea_water_velocity
19:41:34 DEBUG   opendrift.readers.interpolation.structured:122: Interpolating 10 ensembles for y_sea_water_velocity
19:41:34 DEBUG   opendrift.readers.interpolation.structured:122: Interpolating 10 ensembles for sea_surface_height
19:41:34 DEBUG   opendrift.readers.interpolation.interpolators:115: Converting masked array to numpy array for interpolation
19:41:34 DEBUG   opendrift.readers.interpolation.interpolators:115: Converting masked array to numpy array for interpolation
19:41:34 DEBUG   opendrift.readers.interpolation.interpolators:115: Converting masked array to numpy array for interpolation
19:41:34 DEBUG   opendrift.readers.interpolation.interpolators:115: Converting masked array to numpy array for interpolation
19:41:34 DEBUG   opendrift.readers.interpolation.interpolators:115: Converting masked array to numpy array for interpolation
19:41:34 DEBUG   opendrift.readers.interpolation.interpolators:115: Converting masked array to numpy array for interpolation
19:41:34 DEBUG   opendrift.readers.interpolation.interpolators:115: Converting masked array to numpy array for interpolation
19:41:34 DEBUG   opendrift.readers.interpolation.interpolators:115: Converting masked array to numpy array for interpolation
19:41:34 DEBUG   opendrift.readers.interpolation.interpolators:115: Converting masked array to numpy array for interpolation
19:41:34 DEBUG   opendrift.readers.interpolation.interpolators:115: Converting masked array to numpy array for interpolation
19:41:34 DEBUG   opendrift.readers.interpolation.structured:122: Interpolating 10 ensembles for sea_ice_thickness
19:41:34 DEBUG   opendrift.readers.interpolation.interpolators:115: Converting masked array to numpy array for interpolation
19:41:34 DEBUG   opendrift.readers.interpolation.interpolators:115: Converting masked array to numpy array for interpolation
19:41:34 DEBUG   opendrift.readers.interpolation.interpolators:115: Converting masked array to numpy array for interpolation
19:41:34 DEBUG   opendrift.readers.interpolation.interpolators:115: Converting masked array to numpy array for interpolation
19:41:34 DEBUG   opendrift.readers.interpolation.interpolators:115: Converting masked array to numpy array for interpolation
19:41:34 DEBUG   opendrift.readers.interpolation.interpolators:115: Converting masked array to numpy array for interpolation
19:41:34 DEBUG   opendrift.readers.interpolation.interpolators:115: Converting masked array to numpy array for interpolation
19:41:34 DEBUG   opendrift.readers.interpolation.interpolators:115: Converting masked array to numpy array for interpolation
19:41:34 DEBUG   opendrift.readers.interpolation.interpolators:115: Converting masked array to numpy array for interpolation
19:41:34 DEBUG   opendrift.readers.interpolation.interpolators:115: Converting masked array to numpy array for interpolation
19:41:34 DEBUG   opendrift.readers.interpolation.structured:122: Interpolating 10 ensembles for sea_ice_area_fraction
19:41:34 DEBUG   opendrift.readers.interpolation.interpolators:115: Converting masked array to numpy array for interpolation
19:41:34 DEBUG   opendrift.readers.interpolation.interpolators:115: Converting masked array to numpy array for interpolation
19:41:34 DEBUG   opendrift.readers.interpolation.interpolators:115: Converting masked array to numpy array for interpolation
19:41:34 DEBUG   opendrift.readers.interpolation.interpolators:115: Converting masked array to numpy array for interpolation
19:41:34 DEBUG   opendrift.readers.interpolation.interpolators:115: Converting masked array to numpy array for interpolation
19:41:34 DEBUG   opendrift.readers.interpolation.interpolators:115: Converting masked array to numpy array for interpolation
19:41:34 DEBUG   opendrift.readers.interpolation.interpolators:115: Converting masked array to numpy array for interpolation
19:41:34 DEBUG   opendrift.readers.interpolation.interpolators:115: Converting masked array to numpy array for interpolation
19:41:34 DEBUG   opendrift.readers.interpolation.interpolators:115: Converting masked array to numpy array for interpolation
19:41:34 DEBUG   opendrift.readers.interpolation.interpolators:115: Converting masked array to numpy array for interpolation
19:41:34 DEBUG   opendrift.readers.interpolation.structured:122: Interpolating 10 ensembles for sea_ice_x_velocity
19:41:34 DEBUG   opendrift.readers.interpolation.interpolators:115: Converting masked array to numpy array for interpolation
19:41:34 DEBUG   opendrift.readers.interpolation.interpolators:115: Converting masked array to numpy array for interpolation
19:41:34 DEBUG   opendrift.readers.interpolation.interpolators:115: Converting masked array to numpy array for interpolation
19:41:34 DEBUG   opendrift.readers.interpolation.interpolators:115: Converting masked array to numpy array for interpolation
19:41:34 DEBUG   opendrift.readers.interpolation.interpolators:115: Converting masked array to numpy array for interpolation
19:41:34 DEBUG   opendrift.readers.interpolation.interpolators:115: Converting masked array to numpy array for interpolation
19:41:34 DEBUG   opendrift.readers.interpolation.interpolators:115: Converting masked array to numpy array for interpolation
19:41:34 DEBUG   opendrift.readers.interpolation.interpolators:115: Converting masked array to numpy array for interpolation
19:41:34 DEBUG   opendrift.readers.interpolation.interpolators:115: Converting masked array to numpy array for interpolation
19:41:34 DEBUG   opendrift.readers.interpolation.interpolators:115: Converting masked array to numpy array for interpolation
19:41:34 DEBUG   opendrift.readers.interpolation.structured:122: Interpolating 10 ensembles for sea_ice_y_velocity
19:41:34 DEBUG   opendrift.readers.interpolation.interpolators:115: Converting masked array to numpy array for interpolation
19:41:34 DEBUG   opendrift.readers.interpolation.interpolators:115: Converting masked array to numpy array for interpolation
19:41:34 DEBUG   opendrift.readers.interpolation.interpolators:115: Converting masked array to numpy array for interpolation
19:41:34 DEBUG   opendrift.readers.interpolation.interpolators:115: Converting masked array to numpy array for interpolation
19:41:34 DEBUG   opendrift.readers.interpolation.interpolators:115: Converting masked array to numpy array for interpolation
19:41:34 DEBUG   opendrift.readers.interpolation.interpolators:115: Converting masked array to numpy array for interpolation
19:41:34 DEBUG   opendrift.readers.interpolation.interpolators:115: Converting masked array to numpy array for interpolation
19:41:34 DEBUG   opendrift.readers.interpolation.interpolators:115: Converting masked array to numpy array for interpolation
19:41:34 DEBUG   opendrift.readers.interpolation.interpolators:115: Converting masked array to numpy array for interpolation
19:41:34 DEBUG   opendrift.readers.interpolation.interpolators:115: Converting masked array to numpy array for interpolation
19:41:34 DEBUG   opendrift.readers.basereader.structured:355: Interpolating before (2025-09-24 12:00:00, weight 0.42) and
		      after (2025-09-25 12:00:00, weight 0.58) in time
19:41:34 DEBUG   opendrift.readers.basereader.structured:368: Interpolating profiles in time
19:41:34 DEBUG   opendrift.readers.basereader.variables:100: Rotating vectors between -13.329267713900771 and -13.10547946101443 degrees.
19:41:34 DEBUG   opendrift.readers.basereader.variables:100: Rotating vectors between -13.329267713900771 and -13.10547946101443 degrees.
19:41:34 DEBUG   opendrift.readers.basereader.variables:100: Rotating vectors between -13.329267713900771 and -13.10547946101443 degrees.
19:41:34 DEBUG   opendrift.models.basemodel.environment:762: Obtained data for all elements.
19:41:34 DEBUG   opendrift.models.basemodel.environment:599: ----------------------------------------
19:41:34 DEBUG   opendrift.models.basemodel.environment:600: Variable group ['land_binary_mask']
19:41:34 DEBUG   opendrift.models.basemodel.environment:601: ----------------------------------------
19:41:34 DEBUG   opendrift.models.basemodel.environment:605: Calling reader global_landmask
19:41:34 DEBUG   opendrift.models.basemodel.environment:606: ----------------------------------------
19:41:34 DEBUG   opendrift.models.basemodel.environment:626: Data needed for 10 elements
19:41:34 DEBUG   opendrift.readers.basereader.variables:761: Fetching variables from global_landmask covering 10 elements
19:41:34 DEBUG   opendrift.readers.basereader.continuous:37: Fetched env-before
19:41:34 DEBUG   opendrift.readers.basereader.variables:639: Checking land_binary_mask for invalid values
19:41:34 DEBUG   opendrift.readers.basereader.variables:797: Reader projection is latlon - rotation of vectors is not needed.
19:41:34 DEBUG   opendrift.models.basemodel.environment:762: Obtained data for all elements.
19:41:34 DEBUG   opendrift.models.basemodel.environment:599: ----------------------------------------
19:41:34 DEBUG   opendrift.models.basemodel.environment:600: Variable group ['x_wind', 'y_wind']
19:41:34 DEBUG   opendrift.models.basemodel.environment:601: ----------------------------------------
19:41:34 DEBUG   opendrift.models.basemodel.environment:605: Calling reader cmems_obs-wind_glo_phy_nrt_l4_0.125deg_PT1H
19:41:34 DEBUG   opendrift.models.basemodel.environment:606: ----------------------------------------
19:41:34 DEBUG   opendrift.models.basemodel.environment:626: Data needed for 10 elements
19:41:34 DEBUG   opendrift.readers.basereader.variables:761: Fetching variables from cmems_obs-wind_glo_phy_nrt_l4_0.125deg_PT1H covering 10 elements
19:41:34 DEBUG   opendrift.readers.basereader.structured:208: Shifting coordinates to -180-180
19:41:34 DEBUG   opendrift.readers.basereader.structured:220: Reader time:
		2025-09-25 02:00:00 (before)
		2025-09-25 03:00:00 (after)
19:41:34 DEBUG   opendrift.readers.reader_netCDF_CF_generic:470: Using eastward_wind to retrieve x_wind
19:41:34 DEBUG   opendrift.readers.reader_netCDF_CF_generic:470: Using northward_wind to retrieve y_wind
19:41:34 DEBUG   opendrift.readers.reader_netCDF_CF_generic:592: North is up, no rotation necessary
19:41:34 DEBUG   opendrift.readers.basereader.variables:639: Checking x_wind for invalid values
19:41:34 DEBUG   opendrift.readers.basereader.variables:639: Checking y_wind for invalid values
19:41:34 DEBUG   opendrift.readers.basereader.structured:290: Fetched env-block (size 9x8x1) for time before (2025-09-25 02:00:00)
19:41:34 DEBUG   opendrift.readers.basereader.structured:334: Interpolating before (2025-09-25 02:00:00) in space  (linearNDFast)
19:41:34 DEBUG   opendrift.readers.interpolation.structured:97: Initialising interpolator.
19:41:34 DEBUG   opendrift.readers.basereader.structured:388: No time interpolation needed - right on time.
19:41:34 DEBUG   opendrift.readers.basereader.variables:797: Reader projection is latlon - rotation of vectors is not needed.
19:41:34 DEBUG   opendrift.models.basemodel.environment:762: Obtained data for all elements.
19:41:34 DEBUG   opendrift.models.basemodel.environment:775: ---------------------------------------
19:41:34 DEBUG   opendrift.models.basemodel.environment:776: Finished processing all variable groups
19:41:34 DEBUG   opendrift.models.basemodel.environment:812:       Using fallback value 0 for x_sea_water_velocity for 0 profiles
19:41:34 DEBUG   opendrift.models.basemodel.environment:812:       Using fallback value 0 for y_sea_water_velocity for 0 profiles
19:41:34 DEBUG   opendrift.models.basemodel.environment:812:       Using fallback value 2 for sea_water_temperature for 0 profiles
19:41:34 DEBUG   opendrift.models.basemodel.environment:801:       Using fallback value 35 for sea_water_salinity for all profiles
19:41:34 DEBUG   opendrift.models.basemodel.environment:898: ------------ SUMMARY -------------
19:41:34 DEBUG   opendrift.models.basemodel.environment:900:     x_sea_water_velocity: -0.0438263 (min) 0.0225832 (max)
19:41:34 DEBUG   opendrift.models.basemodel.environment:900:     y_sea_water_velocity: 0.0750211 (min) 0.239172 (max)
19:41:34 DEBUG   opendrift.models.basemodel.environment:900:     sea_floor_depth_below_sea_level: 35.3056 (min) 63.5334 (max)
19:41:34 DEBUG   opendrift.models.basemodel.environment:900:     sea_surface_height: -0.386558 (min) -0.364745 (max)
19:41:34 DEBUG   opendrift.models.basemodel.environment:900:     sea_surface_x_slope: 0 (min) 0 (max)
19:41:34 DEBUG   opendrift.models.basemodel.environment:900:     sea_surface_y_slope: 0 (min) 0 (max)
19:41:34 DEBUG   opendrift.models.basemodel.environment:900:     x_wind: -6.79415 (min) -6.50467 (max)
19:41:34 DEBUG   opendrift.models.basemodel.environment:900:     y_wind: 9.10417 (min) 9.77246 (max)
19:41:34 DEBUG   opendrift.models.basemodel.environment:900:     horizontal_diffusivity: 0 (min) 0 (max)
19:41:34 DEBUG   opendrift.models.basemodel.environment:900:     sea_surface_wave_significant_height: 0 (min) 0 (max)
19:41:34 DEBUG   opendrift.models.basemodel.environment:900:     sea_surface_wave_from_direction: 0 (min) 0 (max)
19:41:34 DEBUG   opendrift.models.basemodel.environment:900:     sea_surface_wave_stokes_drift_x_velocity: 0 (min) 0 (max)
19:41:34 DEBUG   opendrift.models.basemodel.environment:900:     sea_surface_wave_stokes_drift_y_velocity: 0 (min) 0 (max)
19:41:34 DEBUG   opendrift.models.basemodel.environment:900:     sea_water_temperature: 2.04897 (min) 2.64589 (max)
19:41:34 DEBUG   opendrift.models.basemodel.environment:900:     sea_water_salinity: 35 (min) 35 (max)
19:41:34 DEBUG   opendrift.models.basemodel.environment:900:     sea_ice_area_fraction: 0 (min) 0 (max)
19:41:34 DEBUG   opendrift.models.basemodel.environment:900:     sea_ice_thickness: 0 (min) 0 (max)
19:41:34 DEBUG   opendrift.models.basemodel.environment:900:     sea_ice_x_velocity: 0 (min) 0 (max)
19:41:34 DEBUG   opendrift.models.basemodel.environment:900:     sea_ice_y_velocity: 0 (min) 0 (max)
19:41:34 DEBUG   opendrift.models.basemodel.environment:900:     land_binary_mask: 0 (min) 0 (max)
19:41:34 DEBUG   opendrift.models.basemodel.environment:902: ---------------------------------
19:41:34 DEBUG   opendrift.models.physics_methods:823: Calculating Hs from wind, min: 3.099850, mean: 3.199419, max: 3.484874
19:41:34 WARNING opendrift.models.physics_methods:832: Setting wave direction equal to wind direction, min: -35.803230, mean: -35.335926, max: -34.808350
19:41:34 DEBUG   opendrift:689: No elements hit coastline.
19:41:34 DEBUG   opendrift:760: No elements hit seafloor.
19:41:34 DEBUG   opendrift:1732: No elements to deactivate
19:41:34 DEBUG   opendrift:2193: Calling OpenBerg.update()
19:41:34 DEBUG   opendrift.models.openberg:507: Advection with surface currents
19:41:34 DEBUG   opendrift.models.openberg:569: Grounding condition: Icebergs grounded = 9
19:41:34 DEBUG   opendrift:1680: Horizontal diffusivity is 0, no random walk.
19:41:34 DEBUG   opendrift:904: to be seeded: 250, already seeded 10
19:41:34 DEBUG   opendrift:926: Released 0 new elements.
19:41:34 DEBUG   opendrift:2135: ======================================================================
19:41:34 INFO    opendrift:2136: 2025-09-25 03:00:00 - step 28 of 1872 - 10 active elements (0 deactivated)
19:41:34 DEBUG   opendrift:2142: 250 elements scheduled.
19:41:34 DEBUG   opendrift:2144: ======================================================================
19:41:34 DEBUG   opendrift:2155: 		74.99825286865234 <- latitude -> 75.26955496525161
19:41:34 DEBUG   opendrift:2155: 		-58.336110594690524 <- longitude -> -58.09977340698242
19:41:34 DEBUG   opendrift:2153: 		z = 0.0
19:41:34 DEBUG   opendrift:2156: ---------------------------------
19:41:34 DEBUG   opendrift.models.basemodel.environment:599: ----------------------------------------
19:41:34 DEBUG   opendrift.models.basemodel.environment:600: Variable group ['sea_floor_depth_below_sea_level', 'sea_water_temperature', 'x_sea_water_velocity', 'y_sea_water_velocity', 'sea_surface_height', 'sea_ice_thickness', 'sea_ice_area_fraction', 'sea_ice_x_velocity', 'sea_ice_y_velocity']
19:41:34 DEBUG   opendrift.models.basemodel.environment:601: ----------------------------------------
19:41:34 DEBUG   opendrift.models.basemodel.environment:605: Calling reader Ensemble reader
19:41:34 DEBUG   opendrift.models.basemodel.environment:606: ----------------------------------------
19:41:34 DEBUG   opendrift.models.basemodel.environment:626: Data needed for 10 elements
19:41:34 DEBUG   opendrift.readers.basereader.variables:761: Fetching variables from Ensemble reader covering 10 elements
19:41:34 DEBUG   opendrift.readers.basereader.structured:220: Reader time:
		2025-09-24 12:00:00 (before)
		2025-09-25 12:00:00 (after)
19:41:34 DEBUG   opendrift.readers.basereader.structured:334: Interpolating before (2025-09-24 12:00:00) in space  (linearNDFast)
19:41:34 DEBUG   opendrift.readers.interpolation.structured:97: Initialising interpolator.
19:41:34 DEBUG   opendrift.readers.interpolation.structured:122: Interpolating 10 ensembles for sea_floor_depth_below_sea_level
19:41:34 DEBUG   opendrift.readers.interpolation.structured:122: Interpolating 10 ensembles for sea_water_temperature
19:41:34 DEBUG   opendrift.readers.interpolation.interpolators:115: Converting masked array to numpy array for interpolation
19:41:34 DEBUG   opendrift.readers.interpolation.interpolators:115: Converting masked array to numpy array for interpolation
19:41:34 DEBUG   opendrift.readers.interpolation.interpolators:115: Converting masked array to numpy array for interpolation
19:41:34 DEBUG   opendrift.readers.interpolation.interpolators:115: Converting masked array to numpy array for interpolation
19:41:34 DEBUG   opendrift.readers.interpolation.interpolators:115: Converting masked array to numpy array for interpolation
19:41:34 DEBUG   opendrift.readers.interpolation.interpolators:115: Converting masked array to numpy array for interpolation
19:41:34 DEBUG   opendrift.readers.interpolation.interpolators:115: Converting masked array to numpy array for interpolation
19:41:34 DEBUG   opendrift.readers.interpolation.interpolators:115: Converting masked array to numpy array for interpolation
19:41:34 DEBUG   opendrift.readers.interpolation.interpolators:115: Converting masked array to numpy array for interpolation
19:41:34 DEBUG   opendrift.readers.interpolation.interpolators:115: Converting masked array to numpy array for interpolation
19:41:34 DEBUG   opendrift.readers.interpolation.interpolators:115: Converting masked array to numpy array for interpolation
19:41:34 DEBUG   opendrift.readers.interpolation.interpolators:115: Converting masked array to numpy array for interpolation
19:41:34 DEBUG   opendrift.readers.interpolation.interpolators:115: Converting masked array to numpy array for interpolation
19:41:34 DEBUG   opendrift.readers.interpolation.interpolators:115: Converting masked array to numpy array for interpolation
19:41:34 DEBUG   opendrift.readers.interpolation.interpolators:115: Converting masked array to numpy array for interpolation
19:41:34 DEBUG   opendrift.readers.interpolation.interpolators:115: Converting masked array to numpy array for interpolation
19:41:34 DEBUG   opendrift.readers.interpolation.interpolators:115: Converting masked array to numpy array for interpolation
19:41:34 DEBUG   opendrift.readers.interpolation.interpolators:115: Converting masked array to numpy array for interpolation
19:41:34 DEBUG   opendrift.readers.interpolation.interpolators:115: Converting masked array to numpy array for interpolation
19:41:34 DEBUG   opendrift.readers.interpolation.interpolators:115: Converting masked array to numpy array for interpolation
19:41:34 DEBUG   opendrift.readers.interpolation.structured:122: Interpolating 10 ensembles for x_sea_water_velocity
19:41:34 DEBUG   opendrift.readers.interpolation.structured:122: Interpolating 10 ensembles for y_sea_water_velocity
19:41:34 DEBUG   opendrift.readers.interpolation.structured:122: Interpolating 10 ensembles for sea_surface_height
19:41:34 DEBUG   opendrift.readers.interpolation.interpolators:115: Converting masked array to numpy array for interpolation
19:41:34 DEBUG   opendrift.readers.interpolation.interpolators:115: Converting masked array to numpy array for interpolation
19:41:34 DEBUG   opendrift.readers.interpolation.interpolators:115: Converting masked array to numpy array for interpolation
19:41:34 DEBUG   opendrift.readers.interpolation.interpolators:115: Converting masked array to numpy array for interpolation
19:41:34 DEBUG   opendrift.readers.interpolation.interpolators:115: Converting masked array to numpy array for interpolation
19:41:34 DEBUG   opendrift.readers.interpolation.interpolators:115: Converting masked array to numpy array for interpolation
19:41:34 DEBUG   opendrift.readers.interpolation.interpolators:115: Converting masked array to numpy array for interpolation
19:41:34 DEBUG   opendrift.readers.interpolation.interpolators:115: Converting masked array to numpy array for interpolation
19:41:34 DEBUG   opendrift.readers.interpolation.interpolators:115: Converting masked array to numpy array for interpolation
19:41:34 DEBUG   opendrift.readers.interpolation.interpolators:115: Converting masked array to numpy array for interpolation
19:41:34 DEBUG   opendrift.readers.interpolation.structured:122: Interpolating 10 ensembles for sea_ice_thickness
19:41:34 DEBUG   opendrift.readers.interpolation.interpolators:115: Converting masked array to numpy array for interpolation
19:41:34 DEBUG   opendrift.readers.interpolation.interpolators:115: Converting masked array to numpy array for interpolation
19:41:34 DEBUG   opendrift.readers.interpolation.interpolators:115: Converting masked array to numpy array for interpolation
19:41:34 DEBUG   opendrift.readers.interpolation.interpolators:115: Converting masked array to numpy array for interpolation
19:41:34 DEBUG   opendrift.readers.interpolation.interpolators:115: Converting masked array to numpy array for interpolation
19:41:34 DEBUG   opendrift.readers.interpolation.interpolators:115: Converting masked array to numpy array for interpolation
19:41:34 DEBUG   opendrift.readers.interpolation.interpolators:115: Converting masked array to numpy array for interpolation
19:41:34 DEBUG   opendrift.readers.interpolation.interpolators:115: Converting masked array to numpy array for interpolation
19:41:34 DEBUG   opendrift.readers.interpolation.interpolators:115: Converting masked array to numpy array for interpolation
19:41:34 DEBUG   opendrift.readers.interpolation.interpolators:115: Converting masked array to numpy array for interpolation
19:41:34 DEBUG   opendrift.readers.interpolation.structured:122: Interpolating 10 ensembles for sea_ice_area_fraction
19:41:34 DEBUG   opendrift.readers.interpolation.interpolators:115: Converting masked array to numpy array for interpolation
19:41:34 DEBUG   opendrift.readers.interpolation.interpolators:115: Converting masked array to numpy array for interpolation
19:41:34 DEBUG   opendrift.readers.interpolation.interpolators:115: Converting masked array to numpy array for interpolation
19:41:34 DEBUG   opendrift.readers.interpolation.interpolators:115: Converting masked array to numpy array for interpolation
19:41:34 DEBUG   opendrift.readers.interpolation.interpolators:115: Converting masked array to numpy array for interpolation
19:41:34 DEBUG   opendrift.readers.interpolation.interpolators:115: Converting masked array to numpy array for interpolation
19:41:34 DEBUG   opendrift.readers.interpolation.interpolators:115: Converting masked array to numpy array for interpolation
19:41:34 DEBUG   opendrift.readers.interpolation.interpolators:115: Converting masked array to numpy array for interpolation
19:41:34 DEBUG   opendrift.readers.interpolation.interpolators:115: Converting masked array to numpy array for interpolation
19:41:34 DEBUG   opendrift.readers.interpolation.interpolators:115: Converting masked array to numpy array for interpolation
19:41:34 DEBUG   opendrift.readers.interpolation.structured:122: Interpolating 10 ensembles for sea_ice_x_velocity
19:41:34 DEBUG   opendrift.readers.interpolation.interpolators:115: Converting masked array to numpy array for interpolation
19:41:34 DEBUG   opendrift.readers.interpolation.interpolators:115: Converting masked array to numpy array for interpolation
19:41:34 DEBUG   opendrift.readers.interpolation.interpolators:115: Converting masked array to numpy array for interpolation
19:41:34 DEBUG   opendrift.readers.interpolation.interpolators:115: Converting masked array to numpy array for interpolation
19:41:34 DEBUG   opendrift.readers.interpolation.interpolators:115: Converting masked array to numpy array for interpolation
19:41:34 DEBUG   opendrift.readers.interpolation.interpolators:115: Converting masked array to numpy array for interpolation
19:41:34 DEBUG   opendrift.readers.interpolation.interpolators:115: Converting masked array to numpy array for interpolation
19:41:34 DEBUG   opendrift.readers.interpolation.interpolators:115: Converting masked array to numpy array for interpolation
19:41:34 DEBUG   opendrift.readers.interpolation.interpolators:115: Converting masked array to numpy array for interpolation
19:41:34 DEBUG   opendrift.readers.interpolation.interpolators:115: Converting masked array to numpy array for interpolation
19:41:34 DEBUG   opendrift.readers.interpolation.structured:122: Interpolating 10 ensembles for sea_ice_y_velocity
19:41:34 DEBUG   opendrift.readers.interpolation.interpolators:115: Converting masked array to numpy array for interpolation
19:41:34 DEBUG   opendrift.readers.interpolation.interpolators:115: Converting masked array to numpy array for interpolation
19:41:34 DEBUG   opendrift.readers.interpolation.interpolators:115: Converting masked array to numpy array for interpolation
19:41:34 DEBUG   opendrift.readers.interpolation.interpolators:115: Converting masked array to numpy array for interpolation
19:41:34 DEBUG   opendrift.readers.interpolation.interpolators:115: Converting masked array to numpy array for interpolation
19:41:34 DEBUG   opendrift.readers.interpolation.interpolators:115: Converting masked array to numpy array for interpolation
19:41:34 DEBUG   opendrift.readers.interpolation.interpolators:115: Converting masked array to numpy array for interpolation
19:41:34 DEBUG   opendrift.readers.interpolation.interpolators:115: Converting masked array to numpy array for interpolation
19:41:34 DEBUG   opendrift.readers.interpolation.interpolators:115: Converting masked array to numpy array for interpolation
19:41:34 DEBUG   opendrift.readers.interpolation.interpolators:115: Converting masked array to numpy array for interpolation
19:41:34 DEBUG   opendrift.readers.basereader.structured:340: Interpolating after (2025-09-25 12:00:00) in space  (linearNDFast)
19:41:34 DEBUG   opendrift.readers.interpolation.structured:97: Initialising interpolator.
19:41:34 DEBUG   opendrift.readers.interpolation.structured:122: Interpolating 10 ensembles for sea_floor_depth_below_sea_level
19:41:34 DEBUG   opendrift.readers.interpolation.structured:122: Interpolating 10 ensembles for sea_water_temperature
19:41:34 DEBUG   opendrift.readers.interpolation.interpolators:115: Converting masked array to numpy array for interpolation
19:41:34 DEBUG   opendrift.readers.interpolation.interpolators:115: Converting masked array to numpy array for interpolation
19:41:34 DEBUG   opendrift.readers.interpolation.interpolators:115: Converting masked array to numpy array for interpolation
19:41:34 DEBUG   opendrift.readers.interpolation.interpolators:115: Converting masked array to numpy array for interpolation
19:41:34 DEBUG   opendrift.readers.interpolation.interpolators:115: Converting masked array to numpy array for interpolation
19:41:34 DEBUG   opendrift.readers.interpolation.interpolators:115: Converting masked array to numpy array for interpolation
19:41:34 DEBUG   opendrift.readers.interpolation.interpolators:115: Converting masked array to numpy array for interpolation
19:41:34 DEBUG   opendrift.readers.interpolation.interpolators:115: Converting masked array to numpy array for interpolation
19:41:34 DEBUG   opendrift.readers.interpolation.interpolators:115: Converting masked array to numpy array for interpolation
19:41:34 DEBUG   opendrift.readers.interpolation.interpolators:115: Converting masked array to numpy array for interpolation
19:41:34 DEBUG   opendrift.readers.interpolation.interpolators:115: Converting masked array to numpy array for interpolation
19:41:34 DEBUG   opendrift.readers.interpolation.interpolators:115: Converting masked array to numpy array for interpolation
19:41:34 DEBUG   opendrift.readers.interpolation.interpolators:115: Converting masked array to numpy array for interpolation
19:41:34 DEBUG   opendrift.readers.interpolation.interpolators:115: Converting masked array to numpy array for interpolation
19:41:34 DEBUG   opendrift.readers.interpolation.interpolators:115: Converting masked array to numpy array for interpolation
19:41:34 DEBUG   opendrift.readers.interpolation.interpolators:115: Converting masked array to numpy array for interpolation
19:41:34 DEBUG   opendrift.readers.interpolation.interpolators:115: Converting masked array to numpy array for interpolation
19:41:34 DEBUG   opendrift.readers.interpolation.interpolators:115: Converting masked array to numpy array for interpolation
19:41:34 DEBUG   opendrift.readers.interpolation.interpolators:115: Converting masked array to numpy array for interpolation
19:41:34 DEBUG   opendrift.readers.interpolation.interpolators:115: Converting masked array to numpy array for interpolation
19:41:34 DEBUG   opendrift.readers.interpolation.structured:122: Interpolating 10 ensembles for x_sea_water_velocity
19:41:34 DEBUG   opendrift.readers.interpolation.structured:122: Interpolating 10 ensembles for y_sea_water_velocity
19:41:34 DEBUG   opendrift.readers.interpolation.structured:122: Interpolating 10 ensembles for sea_surface_height
19:41:34 DEBUG   opendrift.readers.interpolation.interpolators:115: Converting masked array to numpy array for interpolation
19:41:34 DEBUG   opendrift.readers.interpolation.interpolators:115: Converting masked array to numpy array for interpolation
19:41:34 DEBUG   opendrift.readers.interpolation.interpolators:115: Converting masked array to numpy array for interpolation
19:41:34 DEBUG   opendrift.readers.interpolation.interpolators:115: Converting masked array to numpy array for interpolation
19:41:34 DEBUG   opendrift.readers.interpolation.interpolators:115: Converting masked array to numpy array for interpolation
19:41:34 DEBUG   opendrift.readers.interpolation.interpolators:115: Converting masked array to numpy array for interpolation
19:41:34 DEBUG   opendrift.readers.interpolation.interpolators:115: Converting masked array to numpy array for interpolation
19:41:34 DEBUG   opendrift.readers.interpolation.interpolators:115: Converting masked array to numpy array for interpolation
19:41:34 DEBUG   opendrift.readers.interpolation.interpolators:115: Converting masked array to numpy array for interpolation
19:41:34 DEBUG   opendrift.readers.interpolation.interpolators:115: Converting masked array to numpy array for interpolation
19:41:34 DEBUG   opendrift.readers.interpolation.structured:122: Interpolating 10 ensembles for sea_ice_thickness
19:41:34 DEBUG   opendrift.readers.interpolation.interpolators:115: Converting masked array to numpy array for interpolation
19:41:34 DEBUG   opendrift.readers.interpolation.interpolators:115: Converting masked array to numpy array for interpolation
19:41:34 DEBUG   opendrift.readers.interpolation.interpolators:115: Converting masked array to numpy array for interpolation
19:41:34 DEBUG   opendrift.readers.interpolation.interpolators:115: Converting masked array to numpy array for interpolation
19:41:34 DEBUG   opendrift.readers.interpolation.interpolators:115: Converting masked array to numpy array for interpolation
19:41:34 DEBUG   opendrift.readers.interpolation.interpolators:115: Converting masked array to numpy array for interpolation
19:41:34 DEBUG   opendrift.readers.interpolation.interpolators:115: Converting masked array to numpy array for interpolation
19:41:34 DEBUG   opendrift.readers.interpolation.interpolators:115: Converting masked array to numpy array for interpolation
19:41:34 DEBUG   opendrift.readers.interpolation.interpolators:115: Converting masked array to numpy array for interpolation
19:41:34 DEBUG   opendrift.readers.interpolation.interpolators:115: Converting masked array to numpy array for interpolation
19:41:34 DEBUG   opendrift.readers.interpolation.structured:122: Interpolating 10 ensembles for sea_ice_area_fraction
19:41:34 DEBUG   opendrift.readers.interpolation.interpolators:115: Converting masked array to numpy array for interpolation
19:41:34 DEBUG   opendrift.readers.interpolation.interpolators:115: Converting masked array to numpy array for interpolation
19:41:34 DEBUG   opendrift.readers.interpolation.interpolators:115: Converting masked array to numpy array for interpolation
19:41:34 DEBUG   opendrift.readers.interpolation.interpolators:115: Converting masked array to numpy array for interpolation
19:41:34 DEBUG   opendrift.readers.interpolation.interpolators:115: Converting masked array to numpy array for interpolation
19:41:34 DEBUG   opendrift.readers.interpolation.interpolators:115: Converting masked array to numpy array for interpolation
19:41:34 DEBUG   opendrift.readers.interpolation.interpolators:115: Converting masked array to numpy array for interpolation
19:41:34 DEBUG   opendrift.readers.interpolation.interpolators:115: Converting masked array to numpy array for interpolation
19:41:34 DEBUG   opendrift.readers.interpolation.interpolators:115: Converting masked array to numpy array for interpolation
19:41:34 DEBUG   opendrift.readers.interpolation.interpolators:115: Converting masked array to numpy array for interpolation
19:41:34 DEBUG   opendrift.readers.interpolation.structured:122: Interpolating 10 ensembles for sea_ice_x_velocity
19:41:34 DEBUG   opendrift.readers.interpolation.interpolators:115: Converting masked array to numpy array for interpolation
19:41:34 DEBUG   opendrift.readers.interpolation.interpolators:115: Converting masked array to numpy array for interpolation
19:41:34 DEBUG   opendrift.readers.interpolation.interpolators:115: Converting masked array to numpy array for interpolation
19:41:34 DEBUG   opendrift.readers.interpolation.interpolators:115: Converting masked array to numpy array for interpolation
19:41:34 DEBUG   opendrift.readers.interpolation.interpolators:115: Converting masked array to numpy array for interpolation
19:41:34 DEBUG   opendrift.readers.interpolation.interpolators:115: Converting masked array to numpy array for interpolation
19:41:34 DEBUG   opendrift.readers.interpolation.interpolators:115: Converting masked array to numpy array for interpolation
19:41:34 DEBUG   opendrift.readers.interpolation.interpolators:115: Converting masked array to numpy array for interpolation
19:41:34 DEBUG   opendrift.readers.interpolation.interpolators:115: Converting masked array to numpy array for interpolation
19:41:34 DEBUG   opendrift.readers.interpolation.interpolators:115: Converting masked array to numpy array for interpolation
19:41:34 DEBUG   opendrift.readers.interpolation.structured:122: Interpolating 10 ensembles for sea_ice_y_velocity
19:41:34 DEBUG   opendrift.readers.interpolation.interpolators:115: Converting masked array to numpy array for interpolation
19:41:34 DEBUG   opendrift.readers.interpolation.interpolators:115: Converting masked array to numpy array for interpolation
19:41:34 DEBUG   opendrift.readers.interpolation.interpolators:115: Converting masked array to numpy array for interpolation
19:41:34 DEBUG   opendrift.readers.interpolation.interpolators:115: Converting masked array to numpy array for interpolation
19:41:34 DEBUG   opendrift.readers.interpolation.interpolators:115: Converting masked array to numpy array for interpolation
19:41:34 DEBUG   opendrift.readers.interpolation.interpolators:115: Converting masked array to numpy array for interpolation
19:41:34 DEBUG   opendrift.readers.interpolation.interpolators:115: Converting masked array to numpy array for interpolation
19:41:34 DEBUG   opendrift.readers.interpolation.interpolators:115: Converting masked array to numpy array for interpolation
19:41:34 DEBUG   opendrift.readers.interpolation.interpolators:115: Converting masked array to numpy array for interpolation
19:41:34 DEBUG   opendrift.readers.interpolation.interpolators:115: Converting masked array to numpy array for interpolation
19:41:34 DEBUG   opendrift.readers.basereader.structured:355: Interpolating before (2025-09-24 12:00:00, weight 0.38) and
		      after (2025-09-25 12:00:00, weight 0.62) in time
19:41:34 DEBUG   opendrift.readers.basereader.structured:368: Interpolating profiles in time
19:41:34 DEBUG   opendrift.readers.basereader.variables:100: Rotating vectors between -13.341715175700966 and -13.10547946101443 degrees.
19:41:34 DEBUG   opendrift.readers.basereader.variables:100: Rotating vectors between -13.341715175700966 and -13.10547946101443 degrees.
19:41:34 DEBUG   opendrift.readers.basereader.variables:100: Rotating vectors between -13.341715175700966 and -13.10547946101443 degrees.
19:41:34 DEBUG   opendrift.models.basemodel.environment:762: Obtained data for all elements.
19:41:34 DEBUG   opendrift.models.basemodel.environment:599: ----------------------------------------
19:41:34 DEBUG   opendrift.models.basemodel.environment:600: Variable group ['land_binary_mask']
19:41:34 DEBUG   opendrift.models.basemodel.environment:601: ----------------------------------------
19:41:34 DEBUG   opendrift.models.basemodel.environment:605: Calling reader global_landmask
19:41:34 DEBUG   opendrift.models.basemodel.environment:606: ----------------------------------------
19:41:34 DEBUG   opendrift.models.basemodel.environment:626: Data needed for 10 elements
19:41:34 DEBUG   opendrift.readers.basereader.variables:761: Fetching variables from global_landmask covering 10 elements
19:41:34 DEBUG   opendrift.readers.basereader.continuous:37: Fetched env-before
19:41:34 DEBUG   opendrift.readers.basereader.variables:639: Checking land_binary_mask for invalid values
19:41:34 DEBUG   opendrift.readers.basereader.variables:797: Reader projection is latlon - rotation of vectors is not needed.
19:41:34 DEBUG   opendrift.models.basemodel.environment:762: Obtained data for all elements.
19:41:34 DEBUG   opendrift.models.basemodel.environment:599: ----------------------------------------
19:41:34 DEBUG   opendrift.models.basemodel.environment:600: Variable group ['x_wind', 'y_wind']
19:41:34 DEBUG   opendrift.models.basemodel.environment:601: ----------------------------------------
19:41:34 DEBUG   opendrift.models.basemodel.environment:605: Calling reader cmems_obs-wind_glo_phy_nrt_l4_0.125deg_PT1H
19:41:34 DEBUG   opendrift.models.basemodel.environment:606: ----------------------------------------
19:41:34 DEBUG   opendrift.models.basemodel.environment:626: Data needed for 10 elements
19:41:34 DEBUG   opendrift.readers.basereader.variables:761: Fetching variables from cmems_obs-wind_glo_phy_nrt_l4_0.125deg_PT1H covering 10 elements
19:41:34 DEBUG   opendrift.readers.basereader.structured:208: Shifting coordinates to -180-180
19:41:34 DEBUG   opendrift.readers.basereader.structured:220: Reader time:
		2025-09-25 03:00:00 (before)
		2025-09-25 04:00:00 (after)
19:41:34 DEBUG   opendrift.readers.reader_netCDF_CF_generic:470: Using eastward_wind to retrieve x_wind
19:41:35 DEBUG   opendrift.readers.reader_netCDF_CF_generic:470: Using northward_wind to retrieve y_wind
19:41:35 DEBUG   opendrift.readers.reader_netCDF_CF_generic:592: North is up, no rotation necessary
19:41:35 DEBUG   opendrift.readers.basereader.variables:639: Checking x_wind for invalid values
19:41:35 DEBUG   opendrift.readers.basereader.variables:639: Checking y_wind for invalid values
19:41:35 DEBUG   opendrift.readers.basereader.structured:290: Fetched env-block (size 9x8x1) for time before (2025-09-25 03:00:00)
19:41:35 DEBUG   opendrift.readers.basereader.structured:334: Interpolating before (2025-09-25 03:00:00) in space  (linearNDFast)
19:41:35 DEBUG   opendrift.readers.interpolation.structured:97: Initialising interpolator.
19:41:35 DEBUG   opendrift.readers.basereader.structured:388: No time interpolation needed - right on time.
19:41:35 DEBUG   opendrift.readers.basereader.variables:797: Reader projection is latlon - rotation of vectors is not needed.
19:41:35 DEBUG   opendrift.models.basemodel.environment:762: Obtained data for all elements.
19:41:35 DEBUG   opendrift.models.basemodel.environment:775: ---------------------------------------
19:41:35 DEBUG   opendrift.models.basemodel.environment:776: Finished processing all variable groups
19:41:35 DEBUG   opendrift.models.basemodel.environment:812:       Using fallback value 0 for x_sea_water_velocity for 0 profiles
19:41:35 DEBUG   opendrift.models.basemodel.environment:812:       Using fallback value 0 for y_sea_water_velocity for 0 profiles
19:41:35 DEBUG   opendrift.models.basemodel.environment:812:       Using fallback value 2 for sea_water_temperature for 0 profiles
19:41:35 DEBUG   opendrift.models.basemodel.environment:801:       Using fallback value 35 for sea_water_salinity for all profiles
19:41:35 DEBUG   opendrift.models.basemodel.environment:898: ------------ SUMMARY -------------
19:41:35 DEBUG   opendrift.models.basemodel.environment:900:     x_sea_water_velocity: -0.0454298 (min) 0.0232666 (max)
19:41:35 DEBUG   opendrift.models.basemodel.environment:900:     y_sea_water_velocity: 0.103584 (min) 0.238977 (max)
19:41:35 DEBUG   opendrift.models.basemodel.environment:900:     sea_floor_depth_below_sea_level: 43.8488 (min) 63.5334 (max)
19:41:35 DEBUG   opendrift.models.basemodel.environment:900:     sea_surface_height: -0.384895 (min) -0.363918 (max)
19:41:35 DEBUG   opendrift.models.basemodel.environment:900:     sea_surface_x_slope: 0 (min) 0 (max)
19:41:35 DEBUG   opendrift.models.basemodel.environment:900:     sea_surface_y_slope: 0 (min) 0 (max)
19:41:35 DEBUG   opendrift.models.basemodel.environment:900:     x_wind: -6.67809 (min) -6.5523 (max)
19:41:35 DEBUG   opendrift.models.basemodel.environment:900:     y_wind: 7.89708 (min) 8.78513 (max)
19:41:35 DEBUG   opendrift.models.basemodel.environment:900:     horizontal_diffusivity: 0 (min) 0 (max)
19:41:35 DEBUG   opendrift.models.basemodel.environment:900:     sea_surface_wave_significant_height: 0 (min) 0 (max)
19:41:35 DEBUG   opendrift.models.basemodel.environment:900:     sea_surface_wave_from_direction: 0 (min) 0 (max)
19:41:35 DEBUG   opendrift.models.basemodel.environment:900:     sea_surface_wave_stokes_drift_x_velocity: 0 (min) 0 (max)
19:41:35 DEBUG   opendrift.models.basemodel.environment:900:     sea_surface_wave_stokes_drift_y_velocity: 0 (min) 0 (max)
19:41:35 DEBUG   opendrift.models.basemodel.environment:900:     sea_water_temperature: 2.04701 (min) 2.66174 (max)
19:41:35 DEBUG   opendrift.models.basemodel.environment:900:     sea_water_salinity: 35 (min) 35 (max)
19:41:35 DEBUG   opendrift.models.basemodel.environment:900:     sea_ice_area_fraction: 0 (min) 0 (max)
19:41:35 DEBUG   opendrift.models.basemodel.environment:900:     sea_ice_thickness: 0 (min) 0 (max)
19:41:35 DEBUG   opendrift.models.basemodel.environment:900:     sea_ice_x_velocity: 0 (min) 0 (max)
19:41:35 DEBUG   opendrift.models.basemodel.environment:900:     sea_ice_y_velocity: 0 (min) 0 (max)
19:41:35 DEBUG   opendrift.models.basemodel.environment:900:     land_binary_mask: 0 (min) 0 (max)
19:41:35 DEBUG   opendrift.models.basemodel.environment:902: ---------------------------------
19:41:35 DEBUG   opendrift.models.physics_methods:823: Calculating Hs from wind, min: 2.607258, mean: 2.707645, max: 2.954736
19:41:35 WARNING opendrift.models.physics_methods:832: Setting wave direction equal to wind direction, min: -39.907402, mean: -39.209587, max: -36.717049
19:41:35 DEBUG   opendrift:689: No elements hit coastline.
19:41:35 DEBUG   opendrift:760: No elements hit seafloor.
19:41:35 DEBUG   opendrift:1732: No elements to deactivate
19:41:35 DEBUG   opendrift:2193: Calling OpenBerg.update()
19:41:35 DEBUG   opendrift.models.openberg:507: Advection with surface currents
19:41:35 DEBUG   opendrift.models.openberg:569: Grounding condition: Icebergs grounded = 9
19:41:35 DEBUG   opendrift:1680: Horizontal diffusivity is 0, no random walk.
19:41:35 DEBUG   opendrift:904: to be seeded: 250, already seeded 10
19:41:35 DEBUG   opendrift:926: Released 0 new elements.
19:41:35 DEBUG   opendrift:2135: ======================================================================
19:41:35 INFO    opendrift:2136: 2025-09-25 04:00:00 - step 29 of 1872 - 10 active elements (0 deactivated)
19:41:35 DEBUG   opendrift:2142: 250 elements scheduled.
19:41:35 DEBUG   opendrift:2144: ======================================================================
19:41:35 DEBUG   opendrift:2155: 		74.99825286865234 <- latitude -> 75.27931442893065
19:41:35 DEBUG   opendrift:2155: 		-58.34742886967107 <- longitude -> -58.09977340698242
19:41:35 DEBUG   opendrift:2153: 		z = 0.0
19:41:35 DEBUG   opendrift:2156: ---------------------------------
19:41:35 DEBUG   opendrift.models.basemodel.environment:599: ----------------------------------------
19:41:35 DEBUG   opendrift.models.basemodel.environment:600: Variable group ['sea_floor_depth_below_sea_level', 'sea_water_temperature', 'x_sea_water_velocity', 'y_sea_water_velocity', 'sea_surface_height', 'sea_ice_thickness', 'sea_ice_area_fraction', 'sea_ice_x_velocity', 'sea_ice_y_velocity']
19:41:35 DEBUG   opendrift.models.basemodel.environment:601: ----------------------------------------
19:41:35 DEBUG   opendrift.models.basemodel.environment:605: Calling reader Ensemble reader
19:41:35 DEBUG   opendrift.models.basemodel.environment:606: ----------------------------------------
19:41:35 DEBUG   opendrift.models.basemodel.environment:626: Data needed for 10 elements
19:41:35 DEBUG   opendrift.readers.basereader.variables:761: Fetching variables from Ensemble reader covering 10 elements
19:41:35 DEBUG   opendrift.readers.basereader.structured:220: Reader time:
		2025-09-24 12:00:00 (before)
		2025-09-25 12:00:00 (after)
19:41:35 DEBUG   opendrift.readers.basereader.structured:334: Interpolating before (2025-09-24 12:00:00) in space  (linearNDFast)
19:41:35 DEBUG   opendrift.readers.interpolation.structured:97: Initialising interpolator.
19:41:35 DEBUG   opendrift.readers.interpolation.structured:122: Interpolating 10 ensembles for sea_floor_depth_below_sea_level
19:41:35 DEBUG   opendrift.readers.interpolation.structured:122: Interpolating 10 ensembles for sea_water_temperature
19:41:35 DEBUG   opendrift.readers.interpolation.interpolators:115: Converting masked array to numpy array for interpolation
19:41:35 DEBUG   opendrift.readers.interpolation.interpolators:115: Converting masked array to numpy array for interpolation
19:41:35 DEBUG   opendrift.readers.interpolation.interpolators:115: Converting masked array to numpy array for interpolation
19:41:35 DEBUG   opendrift.readers.interpolation.interpolators:115: Converting masked array to numpy array for interpolation
19:41:35 DEBUG   opendrift.readers.interpolation.interpolators:115: Converting masked array to numpy array for interpolation
19:41:35 DEBUG   opendrift.readers.interpolation.interpolators:115: Converting masked array to numpy array for interpolation
19:41:35 DEBUG   opendrift.readers.interpolation.interpolators:115: Converting masked array to numpy array for interpolation
19:41:35 DEBUG   opendrift.readers.interpolation.interpolators:115: Converting masked array to numpy array for interpolation
19:41:35 DEBUG   opendrift.readers.interpolation.interpolators:115: Converting masked array to numpy array for interpolation
19:41:35 DEBUG   opendrift.readers.interpolation.interpolators:115: Converting masked array to numpy array for interpolation
19:41:35 DEBUG   opendrift.readers.interpolation.interpolators:115: Converting masked array to numpy array for interpolation
19:41:35 DEBUG   opendrift.readers.interpolation.interpolators:115: Converting masked array to numpy array for interpolation
19:41:35 DEBUG   opendrift.readers.interpolation.interpolators:115: Converting masked array to numpy array for interpolation
19:41:35 DEBUG   opendrift.readers.interpolation.interpolators:115: Converting masked array to numpy array for interpolation
19:41:35 DEBUG   opendrift.readers.interpolation.interpolators:115: Converting masked array to numpy array for interpolation
19:41:35 DEBUG   opendrift.readers.interpolation.interpolators:115: Converting masked array to numpy array for interpolation
19:41:35 DEBUG   opendrift.readers.interpolation.interpolators:115: Converting masked array to numpy array for interpolation
19:41:35 DEBUG   opendrift.readers.interpolation.interpolators:115: Converting masked array to numpy array for interpolation
19:41:35 DEBUG   opendrift.readers.interpolation.interpolators:115: Converting masked array to numpy array for interpolation
19:41:35 DEBUG   opendrift.readers.interpolation.interpolators:115: Converting masked array to numpy array for interpolation
19:41:35 DEBUG   opendrift.readers.interpolation.structured:122: Interpolating 10 ensembles for x_sea_water_velocity
19:41:35 DEBUG   opendrift.readers.interpolation.structured:122: Interpolating 10 ensembles for y_sea_water_velocity
19:41:35 DEBUG   opendrift.readers.interpolation.structured:122: Interpolating 10 ensembles for sea_surface_height
19:41:35 DEBUG   opendrift.readers.interpolation.interpolators:115: Converting masked array to numpy array for interpolation
19:41:35 DEBUG   opendrift.readers.interpolation.interpolators:115: Converting masked array to numpy array for interpolation
19:41:35 DEBUG   opendrift.readers.interpolation.interpolators:115: Converting masked array to numpy array for interpolation
19:41:35 DEBUG   opendrift.readers.interpolation.interpolators:115: Converting masked array to numpy array for interpolation
19:41:35 DEBUG   opendrift.readers.interpolation.interpolators:115: Converting masked array to numpy array for interpolation
19:41:35 DEBUG   opendrift.readers.interpolation.interpolators:115: Converting masked array to numpy array for interpolation
19:41:35 DEBUG   opendrift.readers.interpolation.interpolators:115: Converting masked array to numpy array for interpolation
19:41:35 DEBUG   opendrift.readers.interpolation.interpolators:115: Converting masked array to numpy array for interpolation
19:41:35 DEBUG   opendrift.readers.interpolation.interpolators:115: Converting masked array to numpy array for interpolation
19:41:35 DEBUG   opendrift.readers.interpolation.interpolators:115: Converting masked array to numpy array for interpolation
19:41:35 DEBUG   opendrift.readers.interpolation.structured:122: Interpolating 10 ensembles for sea_ice_thickness
19:41:35 DEBUG   opendrift.readers.interpolation.interpolators:115: Converting masked array to numpy array for interpolation
19:41:35 DEBUG   opendrift.readers.interpolation.interpolators:115: Converting masked array to numpy array for interpolation
19:41:35 DEBUG   opendrift.readers.interpolation.interpolators:115: Converting masked array to numpy array for interpolation
19:41:35 DEBUG   opendrift.readers.interpolation.interpolators:115: Converting masked array to numpy array for interpolation
19:41:35 DEBUG   opendrift.readers.interpolation.interpolators:115: Converting masked array to numpy array for interpolation
19:41:35 DEBUG   opendrift.readers.interpolation.interpolators:115: Converting masked array to numpy array for interpolation
19:41:35 DEBUG   opendrift.readers.interpolation.interpolators:115: Converting masked array to numpy array for interpolation
19:41:35 DEBUG   opendrift.readers.interpolation.interpolators:115: Converting masked array to numpy array for interpolation
19:41:35 DEBUG   opendrift.readers.interpolation.interpolators:115: Converting masked array to numpy array for interpolation
19:41:35 DEBUG   opendrift.readers.interpolation.interpolators:115: Converting masked array to numpy array for interpolation
19:41:35 DEBUG   opendrift.readers.interpolation.structured:122: Interpolating 10 ensembles for sea_ice_area_fraction
19:41:35 DEBUG   opendrift.readers.interpolation.interpolators:115: Converting masked array to numpy array for interpolation
19:41:35 DEBUG   opendrift.readers.interpolation.interpolators:115: Converting masked array to numpy array for interpolation
19:41:35 DEBUG   opendrift.readers.interpolation.interpolators:115: Converting masked array to numpy array for interpolation
19:41:35 DEBUG   opendrift.readers.interpolation.interpolators:115: Converting masked array to numpy array for interpolation
19:41:35 DEBUG   opendrift.readers.interpolation.interpolators:115: Converting masked array to numpy array for interpolation
19:41:35 DEBUG   opendrift.readers.interpolation.interpolators:115: Converting masked array to numpy array for interpolation
19:41:35 DEBUG   opendrift.readers.interpolation.interpolators:115: Converting masked array to numpy array for interpolation
19:41:35 DEBUG   opendrift.readers.interpolation.interpolators:115: Converting masked array to numpy array for interpolation
19:41:35 DEBUG   opendrift.readers.interpolation.interpolators:115: Converting masked array to numpy array for interpolation
19:41:35 DEBUG   opendrift.readers.interpolation.interpolators:115: Converting masked array to numpy array for interpolation
19:41:35 DEBUG   opendrift.readers.interpolation.structured:122: Interpolating 10 ensembles for sea_ice_x_velocity
19:41:35 DEBUG   opendrift.readers.interpolation.interpolators:115: Converting masked array to numpy array for interpolation
19:41:35 DEBUG   opendrift.readers.interpolation.interpolators:115: Converting masked array to numpy array for interpolation
19:41:35 DEBUG   opendrift.readers.interpolation.interpolators:115: Converting masked array to numpy array for interpolation
19:41:35 DEBUG   opendrift.readers.interpolation.interpolators:115: Converting masked array to numpy array for interpolation
19:41:35 DEBUG   opendrift.readers.interpolation.interpolators:115: Converting masked array to numpy array for interpolation
19:41:35 DEBUG   opendrift.readers.interpolation.interpolators:115: Converting masked array to numpy array for interpolation
19:41:35 DEBUG   opendrift.readers.interpolation.interpolators:115: Converting masked array to numpy array for interpolation
19:41:35 DEBUG   opendrift.readers.interpolation.interpolators:115: Converting masked array to numpy array for interpolation
19:41:35 DEBUG   opendrift.readers.interpolation.interpolators:115: Converting masked array to numpy array for interpolation
19:41:35 DEBUG   opendrift.readers.interpolation.interpolators:115: Converting masked array to numpy array for interpolation
19:41:35 DEBUG   opendrift.readers.interpolation.structured:122: Interpolating 10 ensembles for sea_ice_y_velocity
19:41:35 DEBUG   opendrift.readers.interpolation.interpolators:115: Converting masked array to numpy array for interpolation
19:41:35 DEBUG   opendrift.readers.interpolation.interpolators:115: Converting masked array to numpy array for interpolation
19:41:35 DEBUG   opendrift.readers.interpolation.interpolators:115: Converting masked array to numpy array for interpolation
19:41:35 DEBUG   opendrift.readers.interpolation.interpolators:115: Converting masked array to numpy array for interpolation
19:41:35 DEBUG   opendrift.readers.interpolation.interpolators:115: Converting masked array to numpy array for interpolation
19:41:35 DEBUG   opendrift.readers.interpolation.interpolators:115: Converting masked array to numpy array for interpolation
19:41:35 DEBUG   opendrift.readers.interpolation.interpolators:115: Converting masked array to numpy array for interpolation
19:41:35 DEBUG   opendrift.readers.interpolation.interpolators:115: Converting masked array to numpy array for interpolation
19:41:35 DEBUG   opendrift.readers.interpolation.interpolators:115: Converting masked array to numpy array for interpolation
19:41:35 DEBUG   opendrift.readers.interpolation.interpolators:115: Converting masked array to numpy array for interpolation
19:41:35 DEBUG   opendrift.readers.basereader.structured:340: Interpolating after (2025-09-25 12:00:00) in space  (linearNDFast)
19:41:35 DEBUG   opendrift.readers.interpolation.structured:97: Initialising interpolator.
19:41:35 DEBUG   opendrift.readers.interpolation.structured:122: Interpolating 10 ensembles for sea_floor_depth_below_sea_level
19:41:35 DEBUG   opendrift.readers.interpolation.structured:122: Interpolating 10 ensembles for sea_water_temperature
19:41:35 DEBUG   opendrift.readers.interpolation.interpolators:115: Converting masked array to numpy array for interpolation
19:41:35 DEBUG   opendrift.readers.interpolation.interpolators:115: Converting masked array to numpy array for interpolation
19:41:35 DEBUG   opendrift.readers.interpolation.interpolators:115: Converting masked array to numpy array for interpolation
19:41:35 DEBUG   opendrift.readers.interpolation.interpolators:115: Converting masked array to numpy array for interpolation
19:41:35 DEBUG   opendrift.readers.interpolation.interpolators:115: Converting masked array to numpy array for interpolation
19:41:35 DEBUG   opendrift.readers.interpolation.interpolators:115: Converting masked array to numpy array for interpolation
19:41:35 DEBUG   opendrift.readers.interpolation.interpolators:115: Converting masked array to numpy array for interpolation
19:41:35 DEBUG   opendrift.readers.interpolation.interpolators:115: Converting masked array to numpy array for interpolation
19:41:35 DEBUG   opendrift.readers.interpolation.interpolators:115: Converting masked array to numpy array for interpolation
19:41:35 DEBUG   opendrift.readers.interpolation.interpolators:115: Converting masked array to numpy array for interpolation
19:41:35 DEBUG   opendrift.readers.interpolation.interpolators:115: Converting masked array to numpy array for interpolation
19:41:35 DEBUG   opendrift.readers.interpolation.interpolators:115: Converting masked array to numpy array for interpolation
19:41:35 DEBUG   opendrift.readers.interpolation.interpolators:115: Converting masked array to numpy array for interpolation
19:41:35 DEBUG   opendrift.readers.interpolation.interpolators:115: Converting masked array to numpy array for interpolation
19:41:35 DEBUG   opendrift.readers.interpolation.interpolators:115: Converting masked array to numpy array for interpolation
19:41:35 DEBUG   opendrift.readers.interpolation.interpolators:115: Converting masked array to numpy array for interpolation
19:41:35 DEBUG   opendrift.readers.interpolation.interpolators:115: Converting masked array to numpy array for interpolation
19:41:35 DEBUG   opendrift.readers.interpolation.interpolators:115: Converting masked array to numpy array for interpolation
19:41:35 DEBUG   opendrift.readers.interpolation.interpolators:115: Converting masked array to numpy array for interpolation
19:41:35 DEBUG   opendrift.readers.interpolation.interpolators:115: Converting masked array to numpy array for interpolation
19:41:35 DEBUG   opendrift.readers.interpolation.structured:122: Interpolating 10 ensembles for x_sea_water_velocity
19:41:35 DEBUG   opendrift.readers.interpolation.structured:122: Interpolating 10 ensembles for y_sea_water_velocity
19:41:35 DEBUG   opendrift.readers.interpolation.structured:122: Interpolating 10 ensembles for sea_surface_height
19:41:35 DEBUG   opendrift.readers.interpolation.interpolators:115: Converting masked array to numpy array for interpolation
19:41:35 DEBUG   opendrift.readers.interpolation.interpolators:115: Converting masked array to numpy array for interpolation
19:41:35 DEBUG   opendrift.readers.interpolation.interpolators:115: Converting masked array to numpy array for interpolation
19:41:35 DEBUG   opendrift.readers.interpolation.interpolators:115: Converting masked array to numpy array for interpolation
19:41:35 DEBUG   opendrift.readers.interpolation.interpolators:115: Converting masked array to numpy array for interpolation
19:41:35 DEBUG   opendrift.readers.interpolation.interpolators:115: Converting masked array to numpy array for interpolation
19:41:35 DEBUG   opendrift.readers.interpolation.interpolators:115: Converting masked array to numpy array for interpolation
19:41:35 DEBUG   opendrift.readers.interpolation.interpolators:115: Converting masked array to numpy array for interpolation
19:41:35 DEBUG   opendrift.readers.interpolation.interpolators:115: Converting masked array to numpy array for interpolation
19:41:35 DEBUG   opendrift.readers.interpolation.interpolators:115: Converting masked array to numpy array for interpolation
19:41:35 DEBUG   opendrift.readers.interpolation.structured:122: Interpolating 10 ensembles for sea_ice_thickness
19:41:35 DEBUG   opendrift.readers.interpolation.interpolators:115: Converting masked array to numpy array for interpolation
19:41:35 DEBUG   opendrift.readers.interpolation.interpolators:115: Converting masked array to numpy array for interpolation
19:41:35 DEBUG   opendrift.readers.interpolation.interpolators:115: Converting masked array to numpy array for interpolation
19:41:35 DEBUG   opendrift.readers.interpolation.interpolators:115: Converting masked array to numpy array for interpolation
19:41:35 DEBUG   opendrift.readers.interpolation.interpolators:115: Converting masked array to numpy array for interpolation
19:41:35 DEBUG   opendrift.readers.interpolation.interpolators:115: Converting masked array to numpy array for interpolation
19:41:35 DEBUG   opendrift.readers.interpolation.interpolators:115: Converting masked array to numpy array for interpolation
19:41:35 DEBUG   opendrift.readers.interpolation.interpolators:115: Converting masked array to numpy array for interpolation
19:41:35 DEBUG   opendrift.readers.interpolation.interpolators:115: Converting masked array to numpy array for interpolation
19:41:35 DEBUG   opendrift.readers.interpolation.interpolators:115: Converting masked array to numpy array for interpolation
19:41:35 DEBUG   opendrift.readers.interpolation.structured:122: Interpolating 10 ensembles for sea_ice_area_fraction
19:41:35 DEBUG   opendrift.readers.interpolation.interpolators:115: Converting masked array to numpy array for interpolation
19:41:35 DEBUG   opendrift.readers.interpolation.interpolators:115: Converting masked array to numpy array for interpolation
19:41:35 DEBUG   opendrift.readers.interpolation.interpolators:115: Converting masked array to numpy array for interpolation
19:41:35 DEBUG   opendrift.readers.interpolation.interpolators:115: Converting masked array to numpy array for interpolation
19:41:35 DEBUG   opendrift.readers.interpolation.interpolators:115: Converting masked array to numpy array for interpolation
19:41:35 DEBUG   opendrift.readers.interpolation.interpolators:115: Converting masked array to numpy array for interpolation
19:41:35 DEBUG   opendrift.readers.interpolation.interpolators:115: Converting masked array to numpy array for interpolation
19:41:35 DEBUG   opendrift.readers.interpolation.interpolators:115: Converting masked array to numpy array for interpolation
19:41:35 DEBUG   opendrift.readers.interpolation.interpolators:115: Converting masked array to numpy array for interpolation
19:41:35 DEBUG   opendrift.readers.interpolation.interpolators:115: Converting masked array to numpy array for interpolation
19:41:35 DEBUG   opendrift.readers.interpolation.structured:122: Interpolating 10 ensembles for sea_ice_x_velocity
19:41:35 DEBUG   opendrift.readers.interpolation.interpolators:115: Converting masked array to numpy array for interpolation
19:41:35 DEBUG   opendrift.readers.interpolation.interpolators:115: Converting masked array to numpy array for interpolation
19:41:35 DEBUG   opendrift.readers.interpolation.interpolators:115: Converting masked array to numpy array for interpolation
19:41:35 DEBUG   opendrift.readers.interpolation.interpolators:115: Converting masked array to numpy array for interpolation
19:41:35 DEBUG   opendrift.readers.interpolation.interpolators:115: Converting masked array to numpy array for interpolation
19:41:35 DEBUG   opendrift.readers.interpolation.interpolators:115: Converting masked array to numpy array for interpolation
19:41:35 DEBUG   opendrift.readers.interpolation.interpolators:115: Converting masked array to numpy array for interpolation
19:41:35 DEBUG   opendrift.readers.interpolation.interpolators:115: Converting masked array to numpy array for interpolation
19:41:35 DEBUG   opendrift.readers.interpolation.interpolators:115: Converting masked array to numpy array for interpolation
19:41:35 DEBUG   opendrift.readers.interpolation.interpolators:115: Converting masked array to numpy array for interpolation
19:41:35 DEBUG   opendrift.readers.interpolation.structured:122: Interpolating 10 ensembles for sea_ice_y_velocity
19:41:35 DEBUG   opendrift.readers.interpolation.interpolators:115: Converting masked array to numpy array for interpolation
19:41:35 DEBUG   opendrift.readers.interpolation.interpolators:115: Converting masked array to numpy array for interpolation
19:41:35 DEBUG   opendrift.readers.interpolation.interpolators:115: Converting masked array to numpy array for interpolation
19:41:35 DEBUG   opendrift.readers.interpolation.interpolators:115: Converting masked array to numpy array for interpolation
19:41:35 DEBUG   opendrift.readers.interpolation.interpolators:115: Converting masked array to numpy array for interpolation
19:41:35 DEBUG   opendrift.readers.interpolation.interpolators:115: Converting masked array to numpy array for interpolation
19:41:35 DEBUG   opendrift.readers.interpolation.interpolators:115: Converting masked array to numpy array for interpolation
19:41:35 DEBUG   opendrift.readers.interpolation.interpolators:115: Converting masked array to numpy array for interpolation
19:41:35 DEBUG   opendrift.readers.interpolation.interpolators:115: Converting masked array to numpy array for interpolation
19:41:35 DEBUG   opendrift.readers.interpolation.interpolators:115: Converting masked array to numpy array for interpolation
19:41:35 DEBUG   opendrift.readers.basereader.structured:355: Interpolating before (2025-09-24 12:00:00, weight 0.33) and
		      after (2025-09-25 12:00:00, weight 0.67) in time
19:41:35 DEBUG   opendrift.readers.basereader.structured:368: Interpolating profiles in time
19:41:35 DEBUG   opendrift.readers.basereader.variables:100: Rotating vectors between -13.353030596195687 and -13.10547946101443 degrees.
19:41:35 DEBUG   opendrift.readers.basereader.variables:100: Rotating vectors between -13.353030596195687 and -13.10547946101443 degrees.
19:41:35 DEBUG   opendrift.readers.basereader.variables:100: Rotating vectors between -13.353030596195687 and -13.10547946101443 degrees.
19:41:35 DEBUG   opendrift.models.basemodel.environment:762: Obtained data for all elements.
19:41:35 DEBUG   opendrift.models.basemodel.environment:599: ----------------------------------------
19:41:35 DEBUG   opendrift.models.basemodel.environment:600: Variable group ['land_binary_mask']
19:41:35 DEBUG   opendrift.models.basemodel.environment:601: ----------------------------------------
19:41:35 DEBUG   opendrift.models.basemodel.environment:605: Calling reader global_landmask
19:41:35 DEBUG   opendrift.models.basemodel.environment:606: ----------------------------------------
19:41:35 DEBUG   opendrift.models.basemodel.environment:626: Data needed for 10 elements
19:41:35 DEBUG   opendrift.readers.basereader.variables:761: Fetching variables from global_landmask covering 10 elements
19:41:35 DEBUG   opendrift.readers.basereader.continuous:37: Fetched env-before
19:41:35 DEBUG   opendrift.readers.basereader.variables:639: Checking land_binary_mask for invalid values
19:41:35 DEBUG   opendrift.readers.basereader.variables:797: Reader projection is latlon - rotation of vectors is not needed.
19:41:35 DEBUG   opendrift.models.basemodel.environment:762: Obtained data for all elements.
19:41:35 DEBUG   opendrift.models.basemodel.environment:599: ----------------------------------------
19:41:35 DEBUG   opendrift.models.basemodel.environment:600: Variable group ['x_wind', 'y_wind']
19:41:35 DEBUG   opendrift.models.basemodel.environment:601: ----------------------------------------
19:41:35 DEBUG   opendrift.models.basemodel.environment:605: Calling reader cmems_obs-wind_glo_phy_nrt_l4_0.125deg_PT1H
19:41:35 DEBUG   opendrift.models.basemodel.environment:606: ----------------------------------------
19:41:35 DEBUG   opendrift.models.basemodel.environment:626: Data needed for 10 elements
19:41:35 DEBUG   opendrift.readers.basereader.variables:761: Fetching variables from cmems_obs-wind_glo_phy_nrt_l4_0.125deg_PT1H covering 10 elements
19:41:35 DEBUG   opendrift.readers.basereader.structured:208: Shifting coordinates to -180-180
19:41:35 DEBUG   opendrift.readers.basereader.structured:220: Reader time:
		2025-09-25 04:00:00 (before)
		2025-09-25 05:00:00 (after)
19:41:35 DEBUG   opendrift.readers.reader_netCDF_CF_generic:470: Using eastward_wind to retrieve x_wind
19:41:35 DEBUG   opendrift.readers.reader_netCDF_CF_generic:470: Using northward_wind to retrieve y_wind
19:41:35 DEBUG   opendrift.readers.reader_netCDF_CF_generic:592: North is up, no rotation necessary
19:41:35 DEBUG   opendrift.readers.basereader.variables:639: Checking x_wind for invalid values
19:41:35 DEBUG   opendrift.readers.basereader.variables:639: Checking y_wind for invalid values
19:41:35 DEBUG   opendrift.readers.basereader.structured:290: Fetched env-block (size 9x8x1) for time before (2025-09-25 04:00:00)
19:41:35 DEBUG   opendrift.readers.basereader.structured:334: Interpolating before (2025-09-25 04:00:00) in space  (linearNDFast)
19:41:35 DEBUG   opendrift.readers.interpolation.structured:97: Initialising interpolator.
19:41:35 DEBUG   opendrift.readers.basereader.structured:388: No time interpolation needed - right on time.
19:41:35 DEBUG   opendrift.readers.basereader.variables:797: Reader projection is latlon - rotation of vectors is not needed.
19:41:35 DEBUG   opendrift.models.basemodel.environment:762: Obtained data for all elements.
19:41:35 DEBUG   opendrift.models.basemodel.environment:775: ---------------------------------------
19:41:35 DEBUG   opendrift.models.basemodel.environment:776: Finished processing all variable groups
19:41:35 DEBUG   opendrift.models.basemodel.environment:812:       Using fallback value 0 for x_sea_water_velocity for 0 profiles
19:41:35 DEBUG   opendrift.models.basemodel.environment:812:       Using fallback value 0 for y_sea_water_velocity for 0 profiles
19:41:35 DEBUG   opendrift.models.basemodel.environment:812:       Using fallback value 2 for sea_water_temperature for 0 profiles
19:41:35 DEBUG   opendrift.models.basemodel.environment:801:       Using fallback value 35 for sea_water_salinity for all profiles
19:41:35 DEBUG   opendrift.models.basemodel.environment:898: ------------ SUMMARY -------------
19:41:35 DEBUG   opendrift.models.basemodel.environment:900:     x_sea_water_velocity: -0.0478774 (min) 0.0239499 (max)
19:41:35 DEBUG   opendrift.models.basemodel.environment:900:     y_sea_water_velocity: 0.134157 (min) 0.238782 (max)
19:41:35 DEBUG   opendrift.models.basemodel.environment:900:     sea_floor_depth_below_sea_level: 46.3656 (min) 63.5334 (max)
19:41:35 DEBUG   opendrift.models.basemodel.environment:900:     sea_surface_height: -0.383233 (min) -0.36309 (max)
19:41:35 DEBUG   opendrift.models.basemodel.environment:900:     sea_surface_x_slope: 0 (min) 0 (max)
19:41:35 DEBUG   opendrift.models.basemodel.environment:900:     sea_surface_y_slope: 0 (min) 0 (max)
19:41:35 DEBUG   opendrift.models.basemodel.environment:900:     x_wind: -6.75698 (min) -6.34326 (max)
19:41:35 DEBUG   opendrift.models.basemodel.environment:900:     y_wind: 7.09857 (min) 8.49372 (max)
19:41:35 DEBUG   opendrift.models.basemodel.environment:900:     horizontal_diffusivity: 0 (min) 0 (max)
19:41:35 DEBUG   opendrift.models.basemodel.environment:900:     sea_surface_wave_significant_height: 0 (min) 0 (max)
19:41:35 DEBUG   opendrift.models.basemodel.environment:900:     sea_surface_wave_from_direction: 0 (min) 0 (max)
19:41:35 DEBUG   opendrift.models.basemodel.environment:900:     sea_surface_wave_stokes_drift_x_velocity: 0 (min) 0 (max)
19:41:35 DEBUG   opendrift.models.basemodel.environment:900:     sea_surface_wave_stokes_drift_y_velocity: 0 (min) 0 (max)
19:41:35 DEBUG   opendrift.models.basemodel.environment:900:     sea_water_temperature: 2.04504 (min) 2.67759 (max)
19:41:35 DEBUG   opendrift.models.basemodel.environment:900:     sea_water_salinity: 35 (min) 35 (max)
19:41:35 DEBUG   opendrift.models.basemodel.environment:900:     sea_ice_area_fraction: 0 (min) 0 (max)
19:41:35 DEBUG   opendrift.models.basemodel.environment:900:     sea_ice_thickness: 0 (min) 0 (max)
19:41:35 DEBUG   opendrift.models.basemodel.environment:900:     sea_ice_x_velocity: 0 (min) 0 (max)
19:41:35 DEBUG   opendrift.models.basemodel.environment:900:     sea_ice_y_velocity: 0 (min) 0 (max)
19:41:35 DEBUG   opendrift.models.basemodel.environment:900:     land_binary_mask: 0 (min) 1 (max)
19:41:35 DEBUG   opendrift.models.basemodel.environment:902: ---------------------------------
19:41:35 DEBUG   opendrift.models.physics_methods:823: Calculating Hs from wind, min: 2.340793, mean: 2.446202, max: 2.764555
19:41:35 WARNING opendrift.models.physics_methods:832: Setting wave direction equal to wind direction, min: -43.305431, mean: -42.214058, max: -36.753006
19:41:35 DEBUG   opendrift:692: 1 elements hit land, moving them to the coastline.
19:41:35 DEBUG   opendrift:1705: Added status stranded
19:41:35 DEBUG   opendrift:1716: 1 elements scheduled for deactivation (stranded)
19:41:35 DEBUG   opendrift:1718: 	(z: 0.000000 to 0.000000)
