19:11:33 DEBUG   opendrift.config:168: Adding 17 config items from __init__
19:11:33 DEBUG   opendrift.config:178:   Overwriting config item readers:max_number_of_fails
19:11:33 DEBUG   opendrift.config:168: Adding 14 config items from __init__
19:11:33 INFO    opendrift:568: OpenDriftSimulation initialised (version 1.14.9)
19:11:33 DEBUG   opendrift.config:168: Adding 15 config items from openberg
19:11:33 DEBUG   opendrift.readers.reader_lazy:37: Delaying initialisation of LazyReader: dataset-wam-arctic-1hr3km-be
19:11:33 DEBUG   opendrift.models.basemodel.environment:313: Added reader LazyReader: dataset-wam-arctic-1hr3km-be
19:11:33 INFO    opendrift.models.basemodel.environment:203: Adding a global landmask from GSHHG
19:11:33 DEBUG   opendrift.readers.basereader:188: Variable mapping: ['sea_floor_depth_below_sea_level'] -> ['land_binary_mask'] is not activated
19:11:40 DEBUG   opendrift.models.basemodel.environment:313: Added reader global_landmask
19:11:40 INFO    opendrift.models.basemodel.environment:227: Fallback values will be used for the following variables which have no readers: 
19:11:40 INFO    opendrift.models.basemodel.environment:230: 	x_sea_water_velocity: 0.000000
19:11:40 INFO    opendrift.models.basemodel.environment:230: 	y_sea_water_velocity: 0.000000
19:11:40 INFO    opendrift.models.basemodel.environment:230: 	sea_floor_depth_below_sea_level: 10000.000000
19:11:40 INFO    opendrift.models.basemodel.environment:230: 	sea_surface_height: 0.000000
19:11:40 INFO    opendrift.models.basemodel.environment:230: 	sea_surface_x_slope: 0.000000
19:11:40 INFO    opendrift.models.basemodel.environment:230: 	sea_surface_y_slope: 0.000000
19:11:40 INFO    opendrift.models.basemodel.environment:230: 	x_wind: 0.000000
19:11:40 INFO    opendrift.models.basemodel.environment:230: 	y_wind: 0.000000
19:11:40 INFO    opendrift.models.basemodel.environment:230: 	horizontal_diffusivity: 0.000000
19:11:40 INFO    opendrift.models.basemodel.environment:230: 	sea_surface_wave_significant_height: 0.000000
19:11:40 INFO    opendrift.models.basemodel.environment:230: 	sea_surface_wave_from_direction: 0.000000
19:11:40 INFO    opendrift.models.basemodel.environment:230: 	sea_surface_wave_stokes_drift_x_velocity: 0.000000
19:11:40 INFO    opendrift.models.basemodel.environment:230: 	sea_surface_wave_stokes_drift_y_velocity: 0.000000
19:11:40 INFO    opendrift.models.basemodel.environment:230: 	sea_water_temperature: 2.000000
19:11:40 INFO    opendrift.models.basemodel.environment:230: 	sea_water_salinity: 35.000000
19:11:40 INFO    opendrift.models.basemodel.environment:230: 	sea_ice_area_fraction: 0.000000
19:11:40 INFO    opendrift.models.basemodel.environment:230: 	sea_ice_thickness: 0.000000
19:11:40 INFO    opendrift.models.basemodel.environment:230: 	sea_ice_x_velocity: 0.000000
19:11:40 INFO    opendrift.models.basemodel.environment:230: 	sea_ice_y_velocity: 0.000000
19:11:40 DEBUG   opendrift:164: Changed mode from Mode.Config to Mode.Ready
19:11:40 DEBUG   opendrift:164: Changed mode from Mode.Ready to Mode.Run
19:11:40 DEBUG   opendrift:1800: 
------------------------------------------------------
Software and hardware:
  OpenDrift version 1.14.9
  Platform: Linux, 5.17.4-200.fc35.x86_64
  31.349506378173828 GB memory
  8 processors (x86_64)
  NumPy version 2.4.6
  SciPy version 1.17.1
  Matplotlib version 3.10.9
  NetCDF4 version 1.7.4
  Xarray version 2026.4.0
  ADIOS (adios_db) version 1.2.7
  Copernicusmarine version 2.4.1
  Python version 3.12.11 | packaged by conda-forge | (main, Jun  4 2025, 14:45:31) [GCC 13.3.0]
------------------------------------------------------

19:11:40 INFO    opendrift:1839: Storing previous values of element property lon because of condition (('general:coastline_action', 'in', ['stranding', 'previous']), 'or', ('general:seafloor_action', 'in', ['previous']))
19:11:40 INFO    opendrift:1839: Storing previous values of element property lat because of condition (('general:coastline_action', 'in', ['stranding', 'previous']), 'or', ('general:seafloor_action', 'in', ['previous']))
19:11:40 DEBUG   opendrift:1962: Finalizing environment and preparing readers for simulation coverage ([-312.90592091   11.6425427   179.19912236   89.        ]) and time (2025-09-24 00:00:00 to 2025-12-11 00:00:00)
19:11:40 DEBUG   opendrift.models.basemodel.environment:166: 	Preparing LazyReader: dataset-wam-arctic-1hr3km-be for extent [-312.90592091   11.6425427   179.19912236   89.        ]
19:11:40 DEBUG   opendrift.models.basemodel.environment:166: 	Preparing global_landmask for extent [-312.90592091   11.6425427   179.19912236   89.        ]
19:11:40 DEBUG   opendrift.readers.basereader.variables:555: Nothing more to prepare for global_landmask
19:11:40 DEBUG   opendrift:2059: Initial self.result, size Frozen({'trajectory': 260, 'time': 100})
19:11:40 DEBUG   opendrift.export.io_netcdf:24: Initialising output netCDF file {self.outfile_name}
19:11:40 INFO    opendrift:947: Using existing reader for land_binary_mask to move elements to ocean
19:11:40 DEBUG   opendrift.models.basemodel.environment:599: ----------------------------------------
19:11:40 DEBUG   opendrift.models.basemodel.environment:600: Variable group ['land_binary_mask']
19:11:40 DEBUG   opendrift.models.basemodel.environment:601: ----------------------------------------
19:11:40 DEBUG   opendrift.models.basemodel.environment:605: Calling reader global_landmask
19:11:40 DEBUG   opendrift.models.basemodel.environment:606: ----------------------------------------
19:11:40 DEBUG   opendrift.models.basemodel.environment:626: Data needed for 260 elements
19:11:40 DEBUG   opendrift.readers.basereader.variables:761: Fetching variables from global_landmask covering 260 elements
19:11:41 DEBUG   opendrift.readers.basereader.continuous:37: Fetched env-before
19:11:41 DEBUG   opendrift.readers.basereader.variables:639: Checking land_binary_mask for invalid values
19:11:41 DEBUG   opendrift.readers.basereader.variables:797: Reader projection is latlon - rotation of vectors is not needed.
19:11:41 DEBUG   opendrift.models.basemodel.environment:762: Obtained data for all elements.
19:11:41 DEBUG   opendrift.models.basemodel.environment:775: ---------------------------------------
19:11:41 DEBUG   opendrift.models.basemodel.environment:776: Finished processing all variable groups
19:11:41 DEBUG   opendrift.models.basemodel.environment:898: ------------ SUMMARY -------------
19:11:41 DEBUG   opendrift.models.basemodel.environment:900:     land_binary_mask: 0 (min) 0 (max)
19:11:41 DEBUG   opendrift.models.basemodel.environment:902: ---------------------------------
19:11:41 INFO    opendrift:978: All points are in ocean
19:11:41 DEBUG   opendrift:904: to be seeded: 260, already seeded 0
19:11:41 DEBUG   opendrift:926: Released 10 new elements.
19:11:41 DEBUG   opendrift:2135: ======================================================================
19:11:41 INFO    opendrift:2136: 2025-09-24 00:00:00 - step 1 of 1872 - 10 active elements (0 deactivated)
19:11:41 DEBUG   opendrift:2142: 250 elements scheduled.
19:11:41 DEBUG   opendrift:2144: ======================================================================
19:11:41 DEBUG   opendrift:2155: 		74.99825286865234 <- latitude -> 75.019287109375
19:11:41 DEBUG   opendrift:2155: 		-58.211177825927734 <- longitude -> -58.09977340698242
19:11:41 DEBUG   opendrift:2153: 		z = 0.0
19:11:41 DEBUG   opendrift:2156: ---------------------------------
19:11:41 DEBUG   opendrift.models.basemodel.environment:574: Variables not covered by any reader: ['sea_water_salinity', 'x_sea_water_velocity', 'sea_surface_wave_from_direction', 'y_wind', 'y_sea_water_velocity', 'sea_ice_thickness', 'sea_floor_depth_below_sea_level', 'x_wind', 'sea_ice_area_fraction', 'sea_water_temperature', 'sea_surface_wave_significant_height']
19:11:41 DEBUG   opendrift.readers.reader_lazy:56: Initialising: LazyReader: dataset-wam-arctic-1hr3km-be
19:11:41 DEBUG   opendrift.readers:189: Testing reader <module 'opendrift.readers.reader_copernicusmarine' from '/opt/conda/lib/python3.12/site-packages/opendrift/readers/reader_copernicusmarine.py'>
19:11:41 INFO    opendrift.readers.reader_copernicusmarine:39: Using CMEMS password for user lherrmannsdoerf from environment variables COPERNICUSMARINE_SERVICE_USERNAME and COPERNICUSMARINE_SERVICE_PASSWORD
19:11:42 DEBUG   opendrift.readers.reader_netCDF_CF_generic:131: Finding coordinate variables.
19:11:42 DEBUG   opendrift.readers.reader_netCDF_CF_generic:270: Lon and lat are 1D arrays - using as projection coordinates
19:11:42 INFO    opendrift.readers.reader_netCDF_CF_generic:340: Detected dimensions: {'time': 'time', 'x': 'longitude', 'y': 'latitude'}
19:11:42 DEBUG   opendrift.readers.basereader.variables:614: Setting buffer size 8 for reader dataset-wam-arctic-1hr3km-be, assuming a maximum average speed of 5 m/s and time span of 1:00:00
19:11:42 DEBUG   opendrift.readers.basereader:188: Variable mapping: ['sea_floor_depth_below_sea_level'] -> ['land_binary_mask'] is not activated
19:11:42 DEBUG   opendrift.readers.basereader.variables:569: Adding variable mapping: ['sea_water_speed', 'sea_water_to_direction'] -> x_sea_water_velocity
19:11:42 DEBUG   opendrift.readers.basereader.variables:569: Adding variable mapping: ['sea_water_speed', 'sea_water_to_direction'] -> y_sea_water_velocity
19:11:42 DEBUG   opendrift.readers.basereader.variables:569: Adding variable mapping: ['sea_surface_wave_stokes_drift_x_velocity', 'sea_surface_wave_stokes_drift_y_velocity'] -> sea_surface_wave_stokes_drift_speed
19:11:42 DEBUG   opendrift.readers.basereader.structured:151: Clearing cache for reader dataset-wam-arctic-1hr3km-be before starting new simulation
19:11:42 DEBUG   opendrift.readers.basereader.variables:614: Setting buffer size 4 for reader dataset-wam-arctic-1hr3km-be, assuming a maximum average speed of 1 m/s and time span of 1:00:00
19:11:42 DEBUG   opendrift.readers.basereader.variables:555: Nothing more to prepare for dataset-wam-arctic-1hr3km-be
19:11:42 DEBUG   opendrift.readers.reader_lazy:71: Reader initialised: dataset-wam-arctic-1hr3km-be
19:11:42 DEBUG   opendrift.readers.basereader.variables:614: Setting buffer size 4 for reader dataset-wam-arctic-1hr3km-be, assuming a maximum average speed of 1 m/s and time span of 1:00:00
19:11:42 DEBUG   opendrift.models.basemodel.environment:599: ----------------------------------------
19:11:42 DEBUG   opendrift.models.basemodel.environment:600: Variable group ['land_binary_mask']
19:11:42 DEBUG   opendrift.models.basemodel.environment:601: ----------------------------------------
19:11:42 DEBUG   opendrift.models.basemodel.environment:605: Calling reader global_landmask
19:11:42 DEBUG   opendrift.models.basemodel.environment:606: ----------------------------------------
19:11:42 DEBUG   opendrift.models.basemodel.environment:626: Data needed for 10 elements
19:11:42 DEBUG   opendrift.readers.basereader.variables:761: Fetching variables from global_landmask covering 10 elements
19:11:42 DEBUG   opendrift.readers.basereader.continuous:37: Fetched env-before
19:11:42 DEBUG   opendrift.readers.basereader.variables:639: Checking land_binary_mask for invalid values
19:11:42 DEBUG   opendrift.readers.basereader.variables:797: Reader projection is latlon - rotation of vectors is not needed.
19:11:42 DEBUG   opendrift.models.basemodel.environment:762: Obtained data for all elements.
19:11:42 DEBUG   opendrift.models.basemodel.environment:599: ----------------------------------------
19:11:42 DEBUG   opendrift.models.basemodel.environment:600: Variable group ['sea_ice_area_fraction', 'sea_ice_thickness', 'sea_surface_wave_significant_height', 'sea_surface_wave_from_direction', 'sea_surface_wave_stokes_drift_x_velocity', 'sea_surface_wave_stokes_drift_y_velocity', 'sea_floor_depth_below_sea_level', 'x_sea_water_velocity', 'y_sea_water_velocity']
19:11:42 DEBUG   opendrift.models.basemodel.environment:601: ----------------------------------------
19:11:42 DEBUG   opendrift.models.basemodel.environment:605: Calling reader dataset-wam-arctic-1hr3km-be
19:11:42 DEBUG   opendrift.models.basemodel.environment:606: ----------------------------------------
19:11:42 DEBUG   opendrift.models.basemodel.environment:626: Data needed for 10 elements
19:11:42 DEBUG   opendrift.readers.basereader.variables:761: Fetching variables from dataset-wam-arctic-1hr3km-be covering 10 elements
19:11:42 DEBUG   opendrift.readers.basereader.variables:770: Scheduling x_sea_water_velocity to be derived from ['sea_water_speed', 'sea_water_to_direction']
19:11:42 DEBUG   opendrift.readers.basereader.variables:770: Scheduling y_sea_water_velocity to be derived from ['sea_water_speed', 'sea_water_to_direction']
19:11:42 DEBUG   opendrift.readers.basereader.structured:208: Shifting coordinates to -180-180
19:11:42 DEBUG   opendrift.readers.basereader.structured:220: Reader time:
		2025-09-24 00:00:00 (before)
		2025-09-24 01:00:00 (after)
19:11:43 DEBUG   opendrift.readers.basereader.variables:639: Checking sea_floor_depth_below_sea_level for invalid values
19:11:43 DEBUG   opendrift.readers.basereader.structured:290: Fetched env-block (size 12x9x1) for time before (2025-09-24 00:00:00)
19:11:43 DEBUG   opendrift.readers.basereader.structured:334: Interpolating before (2025-09-24 00:00:00) in space  (linearNDFast)
19:11:43 DEBUG   opendrift.readers.interpolation.structured:97: Initialising interpolator.
19:11:43 DEBUG   opendrift.readers.basereader.structured:388: No time interpolation needed - right on time.
19:11:43 DEBUG   opendrift.readers.basereader.variables:581: Calculating variable mapping: ['sea_water_speed', 'sea_water_to_direction'] -> x_sea_water_velocity
19:11:43 DEBUG   opendrift.readers.basereader.variables:581: Calculating variable mapping: ['sea_water_speed', 'sea_water_to_direction'] -> y_sea_water_velocity
19:11:43 DEBUG   opendrift.readers.basereader.variables:581: Calculating variable mapping: ['x_sea_water_velocity', 'y_sea_water_velocity'] -> sea_water_speed
19:11:43 DEBUG   opendrift.readers.basereader.variables:581: Calculating variable mapping: ['sea_surface_wave_stokes_drift_x_velocity', 'sea_surface_wave_stokes_drift_y_velocity'] -> sea_surface_wave_stokes_drift_speed
19:11:43 DEBUG   opendrift.readers.basereader.variables:797: Reader projection is latlon - rotation of vectors is not needed.
19:11:43 DEBUG   opendrift.models.basemodel.environment:762: Obtained data for all elements.
19:11:43 DEBUG   opendrift.models.basemodel.environment:775: ---------------------------------------
19:11:43 DEBUG   opendrift.models.basemodel.environment:776: Finished processing all variable groups
19:11:43 DEBUG   opendrift.models.basemodel.environment:801:       Using fallback value 0 for x_sea_water_velocity for all profiles
19:11:43 DEBUG   opendrift.models.basemodel.environment:801:       Using fallback value 0 for y_sea_water_velocity for all profiles
19:11:43 DEBUG   opendrift.models.basemodel.environment:801:       Using fallback value 2 for sea_water_temperature for all profiles
19:11:43 DEBUG   opendrift.models.basemodel.environment:801:       Using fallback value 35 for sea_water_salinity for all profiles
19:11:43 DEBUG   opendrift.models.basemodel.environment:898: ------------ SUMMARY -------------
19:11:43 DEBUG   opendrift.models.basemodel.environment:900:     x_sea_water_velocity: 0.00110209 (min) 0.00561152 (max)
19:11:43 DEBUG   opendrift.models.basemodel.environment:900:     y_sea_water_velocity: 0.00658775 (min) 0.0085696 (max)
19:11:43 DEBUG   opendrift.models.basemodel.environment:900:     sea_floor_depth_below_sea_level: 40.5437 (min) 70.4407 (max)
19:11:43 DEBUG   opendrift.models.basemodel.environment:900:     sea_surface_height: 0 (min) 0 (max)
19:11:43 DEBUG   opendrift.models.basemodel.environment:900:     sea_surface_x_slope: 0 (min) 0 (max)
19:11:43 DEBUG   opendrift.models.basemodel.environment:900:     sea_surface_y_slope: 0 (min) 0 (max)
19:11:43 DEBUG   opendrift.models.basemodel.environment:900:     x_wind: 0 (min) 0 (max)
19:11:43 DEBUG   opendrift.models.basemodel.environment:900:     y_wind: 0 (min) 0 (max)
19:11:43 DEBUG   opendrift.models.basemodel.environment:900:     horizontal_diffusivity: 0 (min) 0 (max)
19:11:43 DEBUG   opendrift.models.basemodel.environment:900:     sea_surface_wave_significant_height: 0.366063 (min) 0.37581 (max)
19:11:43 DEBUG   opendrift.models.basemodel.environment:900:     sea_surface_wave_from_direction: 139.898 (min) 144.96 (max)
19:11:43 DEBUG   opendrift.models.basemodel.environment:900:     sea_surface_wave_stokes_drift_x_velocity: -0.0332764 (min) -0.0248358 (max)
19:11:43 DEBUG   opendrift.models.basemodel.environment:900:     sea_surface_wave_stokes_drift_y_velocity: 0.0432453 (min) 0.0548377 (max)
19:11:43 DEBUG   opendrift.models.basemodel.environment:900:     sea_water_temperature: 2 (min) 2 (max)
19:11:43 DEBUG   opendrift.models.basemodel.environment:900:     sea_water_salinity: 35 (min) 35 (max)
19:11:43 DEBUG   opendrift.models.basemodel.environment:900:     sea_ice_area_fraction: 0 (min) 0 (max)
19:11:43 DEBUG   opendrift.models.basemodel.environment:900:     sea_ice_thickness: 0 (min) 0 (max)
19:11:43 DEBUG   opendrift.models.basemodel.environment:900:     sea_ice_x_velocity: 0 (min) 0 (max)
19:11:43 DEBUG   opendrift.models.basemodel.environment:900:     sea_ice_y_velocity: 0 (min) 0 (max)
19:11:43 DEBUG   opendrift.models.basemodel.environment:900:     land_binary_mask: 0 (min) 0 (max)
19:11:43 DEBUG   opendrift.models.basemodel.environment:902: ---------------------------------
19:11:43 DEBUG   opendrift:689: No elements hit coastline.
19:11:43 DEBUG   opendrift:760: No elements hit seafloor.
19:11:43 DEBUG   opendrift:1732: No elements to deactivate
19:11:43 DEBUG   opendrift:2193: Calling OpenBerg.update()
19:11:43 DEBUG   opendrift:1680: Horizontal diffusivity is 0, no random walk.
19:11:43 DEBUG   opendrift:904: to be seeded: 250, already seeded 10
19:11:43 DEBUG   opendrift:926: Released 0 new elements.
19:11:43 DEBUG   opendrift:2135: ======================================================================
19:11:43 INFO    opendrift:2136: 2025-09-24 01:00:00 - step 2 of 1872 - 10 active elements (0 deactivated)
19:11:43 DEBUG   opendrift:2142: 250 elements scheduled.
19:11:43 DEBUG   opendrift:2144: ======================================================================
19:11:43 DEBUG   opendrift:2155: 		74.99825286865234 <- latitude -> 75.019287109375
19:11:43 DEBUG   opendrift:2155: 		-58.211177825927734 <- longitude -> -58.09977340698242
19:11:43 DEBUG   opendrift:2153: 		z = 0.0
19:11:43 DEBUG   opendrift:2156: ---------------------------------
19:11:43 DEBUG   opendrift.models.basemodel.environment:599: ----------------------------------------
19:11:43 DEBUG   opendrift.models.basemodel.environment:600: Variable group ['land_binary_mask']
19:11:43 DEBUG   opendrift.models.basemodel.environment:601: ----------------------------------------
19:11:43 DEBUG   opendrift.models.basemodel.environment:605: Calling reader global_landmask
19:11:43 DEBUG   opendrift.models.basemodel.environment:606: ----------------------------------------
19:11:43 DEBUG   opendrift.models.basemodel.environment:626: Data needed for 10 elements
19:11:43 DEBUG   opendrift.readers.basereader.variables:761: Fetching variables from global_landmask covering 10 elements
19:11:43 DEBUG   opendrift.readers.basereader.continuous:37: Fetched env-before
19:11:43 DEBUG   opendrift.readers.basereader.variables:639: Checking land_binary_mask for invalid values
19:11:43 DEBUG   opendrift.readers.basereader.variables:797: Reader projection is latlon - rotation of vectors is not needed.
19:11:43 DEBUG   opendrift.models.basemodel.environment:762: Obtained data for all elements.
19:11:43 DEBUG   opendrift.models.basemodel.environment:599: ----------------------------------------
19:11:43 DEBUG   opendrift.models.basemodel.environment:600: Variable group ['sea_ice_area_fraction', 'sea_ice_thickness', 'sea_surface_wave_significant_height', 'sea_surface_wave_from_direction', 'sea_surface_wave_stokes_drift_x_velocity', 'sea_surface_wave_stokes_drift_y_velocity', 'sea_floor_depth_below_sea_level', 'x_sea_water_velocity', 'y_sea_water_velocity']
19:11:43 DEBUG   opendrift.models.basemodel.environment:601: ----------------------------------------
19:11:43 DEBUG   opendrift.models.basemodel.environment:605: Calling reader dataset-wam-arctic-1hr3km-be
19:11:43 DEBUG   opendrift.models.basemodel.environment:606: ----------------------------------------
19:11:43 DEBUG   opendrift.models.basemodel.environment:626: Data needed for 10 elements
19:11:43 DEBUG   opendrift.readers.basereader.variables:761: Fetching variables from dataset-wam-arctic-1hr3km-be covering 10 elements
19:11:43 DEBUG   opendrift.readers.basereader.variables:770: Scheduling x_sea_water_velocity to be derived from ['sea_water_speed', 'sea_water_to_direction']
19:11:43 DEBUG   opendrift.readers.basereader.variables:770: Scheduling y_sea_water_velocity to be derived from ['sea_water_speed', 'sea_water_to_direction']
19:11:43 DEBUG   opendrift.readers.basereader.structured:208: Shifting coordinates to -180-180
19:11:43 DEBUG   opendrift.readers.basereader.structured:220: Reader time:
		2025-09-24 01:00:00 (before)
		2025-09-24 02:00:00 (after)
19:11:43 DEBUG   opendrift.readers.basereader.variables:639: Checking sea_floor_depth_below_sea_level for invalid values
19:11:43 DEBUG   opendrift.readers.basereader.structured:290: Fetched env-block (size 12x9x1) for time before (2025-09-24 01:00:00)
19:11:43 DEBUG   opendrift.readers.basereader.structured:334: Interpolating before (2025-09-24 01:00:00) in space  (linearNDFast)
19:11:43 DEBUG   opendrift.readers.interpolation.structured:97: Initialising interpolator.
19:11:43 DEBUG   opendrift.readers.basereader.structured:388: No time interpolation needed - right on time.
19:11:43 DEBUG   opendrift.readers.basereader.variables:581: Calculating variable mapping: ['sea_water_speed', 'sea_water_to_direction'] -> x_sea_water_velocity
19:11:43 DEBUG   opendrift.readers.basereader.variables:581: Calculating variable mapping: ['sea_water_speed', 'sea_water_to_direction'] -> y_sea_water_velocity
19:11:43 DEBUG   opendrift.readers.basereader.variables:581: Calculating variable mapping: ['x_sea_water_velocity', 'y_sea_water_velocity'] -> sea_water_speed
19:11:43 DEBUG   opendrift.readers.basereader.variables:581: Calculating variable mapping: ['sea_surface_wave_stokes_drift_x_velocity', 'sea_surface_wave_stokes_drift_y_velocity'] -> sea_surface_wave_stokes_drift_speed
19:11:43 DEBUG   opendrift.readers.basereader.variables:797: Reader projection is latlon - rotation of vectors is not needed.
19:11:43 DEBUG   opendrift.models.basemodel.environment:762: Obtained data for all elements.
19:11:43 DEBUG   opendrift.models.basemodel.environment:775: ---------------------------------------
19:11:43 DEBUG   opendrift.models.basemodel.environment:776: Finished processing all variable groups
19:11:43 DEBUG   opendrift.models.basemodel.environment:801:       Using fallback value 0 for x_sea_water_velocity for all profiles
19:11:43 DEBUG   opendrift.models.basemodel.environment:801:       Using fallback value 0 for y_sea_water_velocity for all profiles
19:11:43 DEBUG   opendrift.models.basemodel.environment:801:       Using fallback value 2 for sea_water_temperature for all profiles
19:11:43 DEBUG   opendrift.models.basemodel.environment:801:       Using fallback value 35 for sea_water_salinity for all profiles
19:11:43 DEBUG   opendrift.models.basemodel.environment:898: ------------ SUMMARY -------------
19:11:43 DEBUG   opendrift.models.basemodel.environment:900:     x_sea_water_velocity: 0.0332175 (min) 0.0374071 (max)
19:11:43 DEBUG   opendrift.models.basemodel.environment:900:     y_sea_water_velocity: 0.0141993 (min) 0.0164839 (max)
19:11:43 DEBUG   opendrift.models.basemodel.environment:900:     sea_floor_depth_below_sea_level: 40.5431 (min) 70.4393 (max)
19:11:43 DEBUG   opendrift.models.basemodel.environment:900:     sea_surface_height: 0 (min) 0 (max)
19:11:43 DEBUG   opendrift.models.basemodel.environment:900:     sea_surface_x_slope: 0 (min) 0 (max)
19:11:43 DEBUG   opendrift.models.basemodel.environment:900:     sea_surface_y_slope: 0 (min) 0 (max)
19:11:43 DEBUG   opendrift.models.basemodel.environment:900:     x_wind: 0 (min) 0 (max)
19:11:43 DEBUG   opendrift.models.basemodel.environment:900:     y_wind: 0 (min) 0 (max)
19:11:43 DEBUG   opendrift.models.basemodel.environment:900:     horizontal_diffusivity: 0 (min) 0 (max)
19:11:43 DEBUG   opendrift.models.basemodel.environment:900:     sea_surface_wave_significant_height: 0.39023 (min) 0.414984 (max)
19:11:43 DEBUG   opendrift.models.basemodel.environment:900:     sea_surface_wave_from_direction: 150.55 (min) 157.829 (max)
19:11:43 DEBUG   opendrift.models.basemodel.environment:900:     sea_surface_wave_stokes_drift_x_velocity: -0.0207933 (min) -0.0172817 (max)
19:11:43 DEBUG   opendrift.models.basemodel.environment:900:     sea_surface_wave_stokes_drift_y_velocity: 0.0398565 (min) 0.0446681 (max)
19:11:43 DEBUG   opendrift.models.basemodel.environment:900:     sea_water_temperature: 2 (min) 2 (max)
19:11:43 DEBUG   opendrift.models.basemodel.environment:900:     sea_water_salinity: 35 (min) 35 (max)
19:11:43 DEBUG   opendrift.models.basemodel.environment:900:     sea_ice_area_fraction: 0 (min) 0 (max)
19:11:43 DEBUG   opendrift.models.basemodel.environment:900:     sea_ice_thickness: 0 (min) 0 (max)
19:11:43 DEBUG   opendrift.models.basemodel.environment:900:     sea_ice_x_velocity: 0 (min) 0 (max)
19:11:43 DEBUG   opendrift.models.basemodel.environment:900:     sea_ice_y_velocity: 0 (min) 0 (max)
19:11:43 DEBUG   opendrift.models.basemodel.environment:900:     land_binary_mask: 0 (min) 0 (max)
19:11:43 DEBUG   opendrift.models.basemodel.environment:902: ---------------------------------
19:11:43 DEBUG   opendrift:689: No elements hit coastline.
19:11:43 DEBUG   opendrift:760: No elements hit seafloor.
19:11:43 DEBUG   opendrift:1732: No elements to deactivate
19:11:43 DEBUG   opendrift:2193: Calling OpenBerg.update()
19:11:43 DEBUG   opendrift:1680: Horizontal diffusivity is 0, no random walk.
19:11:43 DEBUG   opendrift:904: to be seeded: 250, already seeded 10
19:11:43 DEBUG   opendrift:926: Released 0 new elements.
19:11:43 DEBUG   opendrift:2135: ======================================================================
19:11:43 INFO    opendrift:2136: 2025-09-24 02:00:00 - step 3 of 1872 - 10 active elements (0 deactivated)
19:11:43 DEBUG   opendrift:2142: 250 elements scheduled.
19:11:43 DEBUG   opendrift:2144: ======================================================================
19:11:43 DEBUG   opendrift:2155: 		74.99825286865234 <- latitude -> 75.019287109375
19:11:43 DEBUG   opendrift:2155: 		-58.211177825927734 <- longitude -> -58.09977340698242
19:11:43 DEBUG   opendrift:2153: 		z = 0.0
19:11:43 DEBUG   opendrift:2156: ---------------------------------
19:11:43 DEBUG   opendrift.models.basemodel.environment:599: ----------------------------------------
19:11:43 DEBUG   opendrift.models.basemodel.environment:600: Variable group ['land_binary_mask']
19:11:43 DEBUG   opendrift.models.basemodel.environment:601: ----------------------------------------
19:11:43 DEBUG   opendrift.models.basemodel.environment:605: Calling reader global_landmask
19:11:43 DEBUG   opendrift.models.basemodel.environment:606: ----------------------------------------
19:11:43 DEBUG   opendrift.models.basemodel.environment:626: Data needed for 10 elements
19:11:43 DEBUG   opendrift.readers.basereader.variables:761: Fetching variables from global_landmask covering 10 elements
19:11:43 DEBUG   opendrift.readers.basereader.continuous:37: Fetched env-before
19:11:43 DEBUG   opendrift.readers.basereader.variables:639: Checking land_binary_mask for invalid values
19:11:43 DEBUG   opendrift.readers.basereader.variables:797: Reader projection is latlon - rotation of vectors is not needed.
19:11:43 DEBUG   opendrift.models.basemodel.environment:762: Obtained data for all elements.
19:11:43 DEBUG   opendrift.models.basemodel.environment:599: ----------------------------------------
19:11:43 DEBUG   opendrift.models.basemodel.environment:600: Variable group ['sea_ice_area_fraction', 'sea_ice_thickness', 'sea_surface_wave_significant_height', 'sea_surface_wave_from_direction', 'sea_surface_wave_stokes_drift_x_velocity', 'sea_surface_wave_stokes_drift_y_velocity', 'sea_floor_depth_below_sea_level', 'x_sea_water_velocity', 'y_sea_water_velocity']
19:11:43 DEBUG   opendrift.models.basemodel.environment:601: ----------------------------------------
19:11:43 DEBUG   opendrift.models.basemodel.environment:605: Calling reader dataset-wam-arctic-1hr3km-be
19:11:43 DEBUG   opendrift.models.basemodel.environment:606: ----------------------------------------
19:11:43 DEBUG   opendrift.models.basemodel.environment:626: Data needed for 10 elements
19:11:43 DEBUG   opendrift.readers.basereader.variables:761: Fetching variables from dataset-wam-arctic-1hr3km-be covering 10 elements
19:11:43 DEBUG   opendrift.readers.basereader.variables:770: Scheduling x_sea_water_velocity to be derived from ['sea_water_speed', 'sea_water_to_direction']
19:11:43 DEBUG   opendrift.readers.basereader.variables:770: Scheduling y_sea_water_velocity to be derived from ['sea_water_speed', 'sea_water_to_direction']
19:11:43 DEBUG   opendrift.readers.basereader.structured:208: Shifting coordinates to -180-180
19:11:43 DEBUG   opendrift.readers.basereader.structured:220: Reader time:
		2025-09-24 02:00:00 (before)
		2025-09-24 03:00:00 (after)
19:11:43 DEBUG   opendrift.readers.basereader.variables:639: Checking sea_floor_depth_below_sea_level for invalid values
19:11:43 DEBUG   opendrift.readers.basereader.structured:290: Fetched env-block (size 12x9x1) for time before (2025-09-24 02:00:00)
19:11:43 DEBUG   opendrift.readers.basereader.structured:334: Interpolating before (2025-09-24 02:00:00) in space  (linearNDFast)
19:11:43 DEBUG   opendrift.readers.interpolation.structured:97: Initialising interpolator.
19:11:43 DEBUG   opendrift.readers.basereader.structured:388: No time interpolation needed - right on time.
19:11:43 DEBUG   opendrift.readers.basereader.variables:581: Calculating variable mapping: ['sea_water_speed', 'sea_water_to_direction'] -> x_sea_water_velocity
19:11:43 DEBUG   opendrift.readers.basereader.variables:581: Calculating variable mapping: ['sea_water_speed', 'sea_water_to_direction'] -> y_sea_water_velocity
19:11:43 DEBUG   opendrift.readers.basereader.variables:581: Calculating variable mapping: ['x_sea_water_velocity', 'y_sea_water_velocity'] -> sea_water_speed
19:11:43 DEBUG   opendrift.readers.basereader.variables:581: Calculating variable mapping: ['sea_surface_wave_stokes_drift_x_velocity', 'sea_surface_wave_stokes_drift_y_velocity'] -> sea_surface_wave_stokes_drift_speed
19:11:43 DEBUG   opendrift.readers.basereader.variables:797: Reader projection is latlon - rotation of vectors is not needed.
19:11:43 DEBUG   opendrift.models.basemodel.environment:762: Obtained data for all elements.
19:11:43 DEBUG   opendrift.models.basemodel.environment:775: ---------------------------------------
19:11:43 DEBUG   opendrift.models.basemodel.environment:776: Finished processing all variable groups
19:11:43 DEBUG   opendrift.models.basemodel.environment:801:       Using fallback value 0 for x_sea_water_velocity for all profiles
19:11:43 DEBUG   opendrift.models.basemodel.environment:801:       Using fallback value 0 for y_sea_water_velocity for all profiles
19:11:43 DEBUG   opendrift.models.basemodel.environment:801:       Using fallback value 2 for sea_water_temperature for all profiles
19:11:43 DEBUG   opendrift.models.basemodel.environment:801:       Using fallback value 35 for sea_water_salinity for all profiles
19:11:43 DEBUG   opendrift.models.basemodel.environment:898: ------------ SUMMARY -------------
19:11:43 DEBUG   opendrift.models.basemodel.environment:900:     x_sea_water_velocity: 0.0660747 (min) 0.0716785 (max)
19:11:43 DEBUG   opendrift.models.basemodel.environment:900:     y_sea_water_velocity: 0.0230445 (min) 0.024986 (max)
19:11:43 DEBUG   opendrift.models.basemodel.environment:900:     sea_floor_depth_below_sea_level: 40.5431 (min) 70.4393 (max)
19:11:43 DEBUG   opendrift.models.basemodel.environment:900:     sea_surface_height: 0 (min) 0 (max)
19:11:43 DEBUG   opendrift.models.basemodel.environment:900:     sea_surface_x_slope: 0 (min) 0 (max)
19:11:43 DEBUG   opendrift.models.basemodel.environment:900:     sea_surface_y_slope: 0 (min) 0 (max)
19:11:43 DEBUG   opendrift.models.basemodel.environment:900:     x_wind: 0 (min) 0 (max)
19:11:43 DEBUG   opendrift.models.basemodel.environment:900:     y_wind: 0 (min) 0 (max)
19:11:43 DEBUG   opendrift.models.basemodel.environment:900:     horizontal_diffusivity: 0 (min) 0 (max)
19:11:43 DEBUG   opendrift.models.basemodel.environment:900:     sea_surface_wave_significant_height: 0.459288 (min) 0.493048 (max)
19:11:43 DEBUG   opendrift.models.basemodel.environment:900:     sea_surface_wave_from_direction: 156.154 (min) 162.424 (max)
19:11:43 DEBUG   opendrift.models.basemodel.environment:900:     sea_surface_wave_stokes_drift_x_velocity: -0.0214567 (min) -0.0200402 (max)
19:11:43 DEBUG   opendrift.models.basemodel.environment:900:     sea_surface_wave_stokes_drift_y_velocity: 0.0478239 (min) 0.0511688 (max)
19:11:43 DEBUG   opendrift.models.basemodel.environment:900:     sea_water_temperature: 2 (min) 2 (max)
19:11:43 DEBUG   opendrift.models.basemodel.environment:900:     sea_water_salinity: 35 (min) 35 (max)
19:11:43 DEBUG   opendrift.models.basemodel.environment:900:     sea_ice_area_fraction: 0 (min) 0 (max)
19:11:43 DEBUG   opendrift.models.basemodel.environment:900:     sea_ice_thickness: 0 (min) 0 (max)
19:11:43 DEBUG   opendrift.models.basemodel.environment:900:     sea_ice_x_velocity: 0 (min) 0 (max)
19:11:43 DEBUG   opendrift.models.basemodel.environment:900:     sea_ice_y_velocity: 0 (min) 0 (max)
19:11:43 DEBUG   opendrift.models.basemodel.environment:900:     land_binary_mask: 0 (min) 0 (max)
19:11:43 DEBUG   opendrift.models.basemodel.environment:902: ---------------------------------
19:11:43 DEBUG   opendrift:689: No elements hit coastline.
19:11:43 DEBUG   opendrift:760: No elements hit seafloor.
19:11:43 DEBUG   opendrift:1732: No elements to deactivate
19:11:43 DEBUG   opendrift:2193: Calling OpenBerg.update()
19:11:43 DEBUG   opendrift:1680: Horizontal diffusivity is 0, no random walk.
19:11:43 DEBUG   opendrift:904: to be seeded: 250, already seeded 10
19:11:43 DEBUG   opendrift:926: Released 0 new elements.
19:11:43 DEBUG   opendrift:2135: ======================================================================
19:11:43 INFO    opendrift:2136: 2025-09-24 03:00:00 - step 4 of 1872 - 10 active elements (0 deactivated)
19:11:43 DEBUG   opendrift:2142: 250 elements scheduled.
19:11:43 DEBUG   opendrift:2144: ======================================================================
19:11:43 DEBUG   opendrift:2155: 		74.99825286865234 <- latitude -> 75.019287109375
19:11:43 DEBUG   opendrift:2155: 		-58.211177825927734 <- longitude -> -58.09977340698242
19:11:43 DEBUG   opendrift:2153: 		z = 0.0
19:11:43 DEBUG   opendrift:2156: ---------------------------------
19:11:43 DEBUG   opendrift.models.basemodel.environment:599: ----------------------------------------
19:11:43 DEBUG   opendrift.models.basemodel.environment:600: Variable group ['land_binary_mask']
19:11:43 DEBUG   opendrift.models.basemodel.environment:601: ----------------------------------------
19:11:43 DEBUG   opendrift.models.basemodel.environment:605: Calling reader global_landmask
19:11:43 DEBUG   opendrift.models.basemodel.environment:606: ----------------------------------------
19:11:43 DEBUG   opendrift.models.basemodel.environment:626: Data needed for 10 elements
19:11:43 DEBUG   opendrift.readers.basereader.variables:761: Fetching variables from global_landmask covering 10 elements
19:11:43 DEBUG   opendrift.readers.basereader.continuous:37: Fetched env-before
19:11:43 DEBUG   opendrift.readers.basereader.variables:639: Checking land_binary_mask for invalid values
19:11:43 DEBUG   opendrift.readers.basereader.variables:797: Reader projection is latlon - rotation of vectors is not needed.
19:11:43 DEBUG   opendrift.models.basemodel.environment:762: Obtained data for all elements.
19:11:43 DEBUG   opendrift.models.basemodel.environment:599: ----------------------------------------
19:11:43 DEBUG   opendrift.models.basemodel.environment:600: Variable group ['sea_ice_area_fraction', 'sea_ice_thickness', 'sea_surface_wave_significant_height', 'sea_surface_wave_from_direction', 'sea_surface_wave_stokes_drift_x_velocity', 'sea_surface_wave_stokes_drift_y_velocity', 'sea_floor_depth_below_sea_level', 'x_sea_water_velocity', 'y_sea_water_velocity']
19:11:43 DEBUG   opendrift.models.basemodel.environment:601: ----------------------------------------
19:11:43 DEBUG   opendrift.models.basemodel.environment:605: Calling reader dataset-wam-arctic-1hr3km-be
19:11:43 DEBUG   opendrift.models.basemodel.environment:606: ----------------------------------------
19:11:43 DEBUG   opendrift.models.basemodel.environment:626: Data needed for 10 elements
19:11:43 DEBUG   opendrift.readers.basereader.variables:761: Fetching variables from dataset-wam-arctic-1hr3km-be covering 10 elements
19:11:43 DEBUG   opendrift.readers.basereader.variables:770: Scheduling x_sea_water_velocity to be derived from ['sea_water_speed', 'sea_water_to_direction']
19:11:43 DEBUG   opendrift.readers.basereader.variables:770: Scheduling y_sea_water_velocity to be derived from ['sea_water_speed', 'sea_water_to_direction']
19:11:43 DEBUG   opendrift.readers.basereader.structured:208: Shifting coordinates to -180-180
19:11:43 DEBUG   opendrift.readers.basereader.structured:220: Reader time:
		2025-09-24 03:00:00 (before)
		2025-09-24 04:00:00 (after)
19:11:44 DEBUG   opendrift.readers.basereader.variables:639: Checking sea_floor_depth_below_sea_level for invalid values
19:11:44 DEBUG   opendrift.readers.basereader.structured:290: Fetched env-block (size 12x9x1) for time before (2025-09-24 03:00:00)
19:11:44 DEBUG   opendrift.readers.basereader.structured:334: Interpolating before (2025-09-24 03:00:00) in space  (linearNDFast)
19:11:44 DEBUG   opendrift.readers.interpolation.structured:97: Initialising interpolator.
19:11:44 DEBUG   opendrift.readers.basereader.structured:388: No time interpolation needed - right on time.
19:11:44 DEBUG   opendrift.readers.basereader.variables:581: Calculating variable mapping: ['sea_water_speed', 'sea_water_to_direction'] -> x_sea_water_velocity
19:11:44 DEBUG   opendrift.readers.basereader.variables:581: Calculating variable mapping: ['sea_water_speed', 'sea_water_to_direction'] -> y_sea_water_velocity
19:11:44 DEBUG   opendrift.readers.basereader.variables:581: Calculating variable mapping: ['x_sea_water_velocity', 'y_sea_water_velocity'] -> sea_water_speed
19:11:44 DEBUG   opendrift.readers.basereader.variables:581: Calculating variable mapping: ['sea_surface_wave_stokes_drift_x_velocity', 'sea_surface_wave_stokes_drift_y_velocity'] -> sea_surface_wave_stokes_drift_speed
19:11:44 DEBUG   opendrift.readers.basereader.variables:797: Reader projection is latlon - rotation of vectors is not needed.
19:11:44 DEBUG   opendrift.models.basemodel.environment:762: Obtained data for all elements.
19:11:44 DEBUG   opendrift.models.basemodel.environment:775: ---------------------------------------
19:11:44 DEBUG   opendrift.models.basemodel.environment:776: Finished processing all variable groups
19:11:44 DEBUG   opendrift.models.basemodel.environment:801:       Using fallback value 0 for x_sea_water_velocity for all profiles
19:11:44 DEBUG   opendrift.models.basemodel.environment:801:       Using fallback value 0 for y_sea_water_velocity for all profiles
19:11:44 DEBUG   opendrift.models.basemodel.environment:801:       Using fallback value 2 for sea_water_temperature for all profiles
19:11:44 DEBUG   opendrift.models.basemodel.environment:801:       Using fallback value 35 for sea_water_salinity for all profiles
19:11:44 DEBUG   opendrift.models.basemodel.environment:898: ------------ SUMMARY -------------
19:11:44 DEBUG   opendrift.models.basemodel.environment:900:     x_sea_water_velocity: 0.0928498 (min) 0.103271 (max)
19:11:44 DEBUG   opendrift.models.basemodel.environment:900:     y_sea_water_velocity: 0.032288 (min) 0.0343409 (max)
19:11:44 DEBUG   opendrift.models.basemodel.environment:900:     sea_floor_depth_below_sea_level: 39.3532 (min) 70.4393 (max)
19:11:44 DEBUG   opendrift.models.basemodel.environment:900:     sea_surface_height: 0 (min) 0 (max)
19:11:44 DEBUG   opendrift.models.basemodel.environment:900:     sea_surface_x_slope: 0 (min) 0 (max)
19:11:44 DEBUG   opendrift.models.basemodel.environment:900:     sea_surface_y_slope: 0 (min) 0 (max)
19:11:44 DEBUG   opendrift.models.basemodel.environment:900:     x_wind: 0 (min) 0 (max)
19:11:44 DEBUG   opendrift.models.basemodel.environment:900:     y_wind: 0 (min) 0 (max)
19:11:44 DEBUG   opendrift.models.basemodel.environment:900:     horizontal_diffusivity: 0 (min) 0 (max)
19:11:44 DEBUG   opendrift.models.basemodel.environment:900:     sea_surface_wave_significant_height: 0.585791 (min) 0.658257 (max)
19:11:44 DEBUG   opendrift.models.basemodel.environment:900:     sea_surface_wave_from_direction: 164.179 (min) 170.209 (max)
19:11:44 DEBUG   opendrift.models.basemodel.environment:900:     sea_surface_wave_stokes_drift_x_velocity: -0.025747 (min) -0.0238138 (max)
19:11:44 DEBUG   opendrift.models.basemodel.environment:900:     sea_surface_wave_stokes_drift_y_velocity: 0.0655982 (min) 0.0770395 (max)
19:11:44 DEBUG   opendrift.models.basemodel.environment:900:     sea_water_temperature: 2 (min) 2 (max)
19:11:44 DEBUG   opendrift.models.basemodel.environment:900:     sea_water_salinity: 35 (min) 35 (max)
19:11:44 DEBUG   opendrift.models.basemodel.environment:900:     sea_ice_area_fraction: 0 (min) 0 (max)
19:11:44 DEBUG   opendrift.models.basemodel.environment:900:     sea_ice_thickness: 0 (min) 0 (max)
19:11:44 DEBUG   opendrift.models.basemodel.environment:900:     sea_ice_x_velocity: 0 (min) 0 (max)
19:11:44 DEBUG   opendrift.models.basemodel.environment:900:     sea_ice_y_velocity: 0 (min) 0 (max)
19:11:44 DEBUG   opendrift.models.basemodel.environment:900:     land_binary_mask: 0 (min) 0 (max)
19:11:44 DEBUG   opendrift.models.basemodel.environment:902: ---------------------------------
19:11:44 DEBUG   opendrift:689: No elements hit coastline.
19:11:44 DEBUG   opendrift:760: No elements hit seafloor.
19:11:44 DEBUG   opendrift:1732: No elements to deactivate
19:11:44 DEBUG   opendrift:2193: Calling OpenBerg.update()
19:11:44 DEBUG   opendrift:1680: Horizontal diffusivity is 0, no random walk.
19:11:44 DEBUG   opendrift:904: to be seeded: 250, already seeded 10
19:11:44 DEBUG   opendrift:926: Released 0 new elements.
19:11:44 DEBUG   opendrift:2135: ======================================================================
19:11:44 INFO    opendrift:2136: 2025-09-24 04:00:00 - step 5 of 1872 - 10 active elements (0 deactivated)
19:11:44 DEBUG   opendrift:2142: 250 elements scheduled.
19:11:44 DEBUG   opendrift:2144: ======================================================================
19:11:44 DEBUG   opendrift:2155: 		74.99825286865234 <- latitude -> 75.019287109375
19:11:44 DEBUG   opendrift:2155: 		-58.211177825927734 <- longitude -> -58.0895947996966
19:11:44 DEBUG   opendrift:2153: 		z = 0.0
19:11:44 DEBUG   opendrift:2156: ---------------------------------
19:11:44 DEBUG   opendrift.models.basemodel.environment:599: ----------------------------------------
19:11:44 DEBUG   opendrift.models.basemodel.environment:600: Variable group ['land_binary_mask']
19:11:44 DEBUG   opendrift.models.basemodel.environment:601: ----------------------------------------
19:11:44 DEBUG   opendrift.models.basemodel.environment:605: Calling reader global_landmask
19:11:44 DEBUG   opendrift.models.basemodel.environment:606: ----------------------------------------
19:11:44 DEBUG   opendrift.models.basemodel.environment:626: Data needed for 10 elements
19:11:44 DEBUG   opendrift.readers.basereader.variables:761: Fetching variables from global_landmask covering 10 elements
19:11:44 DEBUG   opendrift.readers.basereader.continuous:37: Fetched env-before
19:11:44 DEBUG   opendrift.readers.basereader.variables:639: Checking land_binary_mask for invalid values
19:11:44 DEBUG   opendrift.readers.basereader.variables:797: Reader projection is latlon - rotation of vectors is not needed.
19:11:44 DEBUG   opendrift.models.basemodel.environment:762: Obtained data for all elements.
19:11:44 DEBUG   opendrift.models.basemodel.environment:599: ----------------------------------------
19:11:44 DEBUG   opendrift.models.basemodel.environment:600: Variable group ['sea_ice_area_fraction', 'sea_ice_thickness', 'sea_surface_wave_significant_height', 'sea_surface_wave_from_direction', 'sea_surface_wave_stokes_drift_x_velocity', 'sea_surface_wave_stokes_drift_y_velocity', 'sea_floor_depth_below_sea_level', 'x_sea_water_velocity', 'y_sea_water_velocity']
19:11:44 DEBUG   opendrift.models.basemodel.environment:601: ----------------------------------------
19:11:44 DEBUG   opendrift.models.basemodel.environment:605: Calling reader dataset-wam-arctic-1hr3km-be
19:11:44 DEBUG   opendrift.models.basemodel.environment:606: ----------------------------------------
19:11:44 DEBUG   opendrift.models.basemodel.environment:626: Data needed for 10 elements
19:11:44 DEBUG   opendrift.readers.basereader.variables:761: Fetching variables from dataset-wam-arctic-1hr3km-be covering 10 elements
19:11:44 DEBUG   opendrift.readers.basereader.variables:770: Scheduling x_sea_water_velocity to be derived from ['sea_water_speed', 'sea_water_to_direction']
19:11:44 DEBUG   opendrift.readers.basereader.variables:770: Scheduling y_sea_water_velocity to be derived from ['sea_water_speed', 'sea_water_to_direction']
19:11:44 DEBUG   opendrift.readers.basereader.structured:208: Shifting coordinates to -180-180
19:11:44 DEBUG   opendrift.readers.basereader.structured:220: Reader time:
		2025-09-24 04:00:00 (before)
		2025-09-24 05:00:00 (after)
19:11:44 DEBUG   opendrift.readers.basereader.variables:639: Checking sea_floor_depth_below_sea_level for invalid values
19:11:44 DEBUG   opendrift.readers.basereader.structured:290: Fetched env-block (size 13x9x1) for time before (2025-09-24 04:00:00)
19:11:44 DEBUG   opendrift.readers.basereader.structured:334: Interpolating before (2025-09-24 04:00:00) in space  (linearNDFast)
19:11:44 DEBUG   opendrift.readers.interpolation.structured:97: Initialising interpolator.
19:11:44 DEBUG   opendrift.readers.basereader.structured:388: No time interpolation needed - right on time.
19:11:44 DEBUG   opendrift.readers.basereader.variables:581: Calculating variable mapping: ['sea_water_speed', 'sea_water_to_direction'] -> x_sea_water_velocity
19:11:44 DEBUG   opendrift.readers.basereader.variables:581: Calculating variable mapping: ['sea_water_speed', 'sea_water_to_direction'] -> y_sea_water_velocity
19:11:44 DEBUG   opendrift.readers.basereader.variables:581: Calculating variable mapping: ['x_sea_water_velocity', 'y_sea_water_velocity'] -> sea_water_speed
19:11:44 DEBUG   opendrift.readers.basereader.variables:581: Calculating variable mapping: ['sea_surface_wave_stokes_drift_x_velocity', 'sea_surface_wave_stokes_drift_y_velocity'] -> sea_surface_wave_stokes_drift_speed
19:11:44 DEBUG   opendrift.readers.basereader.variables:797: Reader projection is latlon - rotation of vectors is not needed.
19:11:44 DEBUG   opendrift.models.basemodel.environment:762: Obtained data for all elements.
19:11:44 DEBUG   opendrift.models.basemodel.environment:775: ---------------------------------------
19:11:44 DEBUG   opendrift.models.basemodel.environment:776: Finished processing all variable groups
19:11:44 DEBUG   opendrift.models.basemodel.environment:801:       Using fallback value 0 for x_sea_water_velocity for all profiles
19:11:44 DEBUG   opendrift.models.basemodel.environment:801:       Using fallback value 0 for y_sea_water_velocity for all profiles
19:11:44 DEBUG   opendrift.models.basemodel.environment:801:       Using fallback value 2 for sea_water_temperature for all profiles
19:11:44 DEBUG   opendrift.models.basemodel.environment:801:       Using fallback value 35 for sea_water_salinity for all profiles
19:11:44 DEBUG   opendrift.models.basemodel.environment:898: ------------ SUMMARY -------------
19:11:44 DEBUG   opendrift.models.basemodel.environment:900:     x_sea_water_velocity: 0.107337 (min) 0.123928 (max)
19:11:44 DEBUG   opendrift.models.basemodel.environment:900:     y_sea_water_velocity: 0.0383749 (min) 0.0418175 (max)
19:11:44 DEBUG   opendrift.models.basemodel.environment:900:     sea_floor_depth_below_sea_level: 37.1457 (min) 70.4396 (max)
19:11:44 DEBUG   opendrift.models.basemodel.environment:900:     sea_surface_height: 0 (min) 0 (max)
19:11:44 DEBUG   opendrift.models.basemodel.environment:900:     sea_surface_x_slope: 0 (min) 0 (max)
19:11:44 DEBUG   opendrift.models.basemodel.environment:900:     sea_surface_y_slope: 0 (min) 0 (max)
19:11:44 DEBUG   opendrift.models.basemodel.environment:900:     x_wind: 0 (min) 0 (max)
19:11:44 DEBUG   opendrift.models.basemodel.environment:900:     y_wind: 0 (min) 0 (max)
19:11:44 DEBUG   opendrift.models.basemodel.environment:900:     horizontal_diffusivity: 0 (min) 0 (max)
19:11:44 DEBUG   opendrift.models.basemodel.environment:900:     sea_surface_wave_significant_height: 0.813883 (min) 0.947143 (max)
19:11:44 DEBUG   opendrift.models.basemodel.environment:900:     sea_surface_wave_from_direction: 175.214 (min) 178.793 (max)
19:11:44 DEBUG   opendrift.models.basemodel.environment:900:     sea_surface_wave_stokes_drift_x_velocity: -0.0331045 (min) -0.0292545 (max)
19:11:44 DEBUG   opendrift.models.basemodel.environment:900:     sea_surface_wave_stokes_drift_y_velocity: 0.102056 (min) 0.126119 (max)
19:11:44 DEBUG   opendrift.models.basemodel.environment:900:     sea_water_temperature: 2 (min) 2 (max)
19:11:44 DEBUG   opendrift.models.basemodel.environment:900:     sea_water_salinity: 35 (min) 35 (max)
19:11:44 DEBUG   opendrift.models.basemodel.environment:900:     sea_ice_area_fraction: 0 (min) 0 (max)
19:11:44 DEBUG   opendrift.models.basemodel.environment:900:     sea_ice_thickness: 0 (min) 0 (max)
19:11:44 DEBUG   opendrift.models.basemodel.environment:900:     sea_ice_x_velocity: 0 (min) 0 (max)
19:11:44 DEBUG   opendrift.models.basemodel.environment:900:     sea_ice_y_velocity: 0 (min) 0 (max)
19:11:44 DEBUG   opendrift.models.basemodel.environment:900:     land_binary_mask: 0 (min) 0 (max)
19:11:44 DEBUG   opendrift.models.basemodel.environment:902: ---------------------------------
19:11:44 DEBUG   opendrift:689: No elements hit coastline.
19:11:44 DEBUG   opendrift:760: No elements hit seafloor.
19:11:44 DEBUG   opendrift:1732: No elements to deactivate
19:11:44 DEBUG   opendrift:2193: Calling OpenBerg.update()
19:11:44 DEBUG   opendrift:1680: Horizontal diffusivity is 0, no random walk.
19:11:44 DEBUG   opendrift:904: to be seeded: 250, already seeded 10
19:11:44 DEBUG   opendrift:926: Released 0 new elements.
19:11:44 DEBUG   opendrift:2135: ======================================================================
19:11:44 INFO    opendrift:2136: 2025-09-24 05:00:00 - step 6 of 1872 - 10 active elements (0 deactivated)
19:11:44 DEBUG   opendrift:2142: 250 elements scheduled.
19:11:44 DEBUG   opendrift:2144: ======================================================================
19:11:44 DEBUG   opendrift:2155: 		74.99825286865234 <- latitude -> 75.019287109375
19:11:44 DEBUG   opendrift:2155: 		-58.211177825927734 <- longitude -> -58.073903647298906
19:11:44 DEBUG   opendrift:2153: 		z = 0.0
19:11:44 DEBUG   opendrift:2156: ---------------------------------
19:11:44 DEBUG   opendrift.models.basemodel.environment:599: ----------------------------------------
19:11:44 DEBUG   opendrift.models.basemodel.environment:600: Variable group ['land_binary_mask']
19:11:44 DEBUG   opendrift.models.basemodel.environment:601: ----------------------------------------
19:11:44 DEBUG   opendrift.models.basemodel.environment:605: Calling reader global_landmask
19:11:44 DEBUG   opendrift.models.basemodel.environment:606: ----------------------------------------
19:11:44 DEBUG   opendrift.models.basemodel.environment:626: Data needed for 10 elements
19:11:44 DEBUG   opendrift.readers.basereader.variables:761: Fetching variables from global_landmask covering 10 elements
19:11:44 DEBUG   opendrift.readers.basereader.continuous:37: Fetched env-before
19:11:44 DEBUG   opendrift.readers.basereader.variables:639: Checking land_binary_mask for invalid values
19:11:44 DEBUG   opendrift.readers.basereader.variables:797: Reader projection is latlon - rotation of vectors is not needed.
19:11:44 DEBUG   opendrift.models.basemodel.environment:762: Obtained data for all elements.
19:11:44 DEBUG   opendrift.models.basemodel.environment:599: ----------------------------------------
19:11:44 DEBUG   opendrift.models.basemodel.environment:600: Variable group ['sea_ice_area_fraction', 'sea_ice_thickness', 'sea_surface_wave_significant_height', 'sea_surface_wave_from_direction', 'sea_surface_wave_stokes_drift_x_velocity', 'sea_surface_wave_stokes_drift_y_velocity', 'sea_floor_depth_below_sea_level', 'x_sea_water_velocity', 'y_sea_water_velocity']
19:11:44 DEBUG   opendrift.models.basemodel.environment:601: ----------------------------------------
19:11:44 DEBUG   opendrift.models.basemodel.environment:605: Calling reader dataset-wam-arctic-1hr3km-be
19:11:44 DEBUG   opendrift.models.basemodel.environment:606: ----------------------------------------
19:11:44 DEBUG   opendrift.models.basemodel.environment:626: Data needed for 10 elements
19:11:44 DEBUG   opendrift.readers.basereader.variables:761: Fetching variables from dataset-wam-arctic-1hr3km-be covering 10 elements
19:11:44 DEBUG   opendrift.readers.basereader.variables:770: Scheduling x_sea_water_velocity to be derived from ['sea_water_speed', 'sea_water_to_direction']
19:11:44 DEBUG   opendrift.readers.basereader.variables:770: Scheduling y_sea_water_velocity to be derived from ['sea_water_speed', 'sea_water_to_direction']
19:11:44 DEBUG   opendrift.readers.basereader.structured:208: Shifting coordinates to -180-180
19:11:44 DEBUG   opendrift.readers.basereader.structured:220: Reader time:
		2025-09-24 05:00:00 (before)
		2025-09-24 06:00:00 (after)
19:11:44 DEBUG   opendrift.readers.basereader.variables:639: Checking sea_floor_depth_below_sea_level for invalid values
19:11:44 DEBUG   opendrift.readers.basereader.structured:290: Fetched env-block (size 13x9x1) for time before (2025-09-24 05:00:00)
19:11:44 DEBUG   opendrift.readers.basereader.structured:334: Interpolating before (2025-09-24 05:00:00) in space  (linearNDFast)
19:11:44 DEBUG   opendrift.readers.interpolation.structured:97: Initialising interpolator.
19:11:44 DEBUG   opendrift.readers.basereader.structured:388: No time interpolation needed - right on time.
19:11:44 DEBUG   opendrift.readers.basereader.variables:581: Calculating variable mapping: ['sea_water_speed', 'sea_water_to_direction'] -> x_sea_water_velocity
19:11:44 DEBUG   opendrift.readers.basereader.variables:581: Calculating variable mapping: ['sea_water_speed', 'sea_water_to_direction'] -> y_sea_water_velocity
19:11:44 DEBUG   opendrift.readers.basereader.variables:581: Calculating variable mapping: ['x_sea_water_velocity', 'y_sea_water_velocity'] -> sea_water_speed
19:11:44 DEBUG   opendrift.readers.basereader.variables:581: Calculating variable mapping: ['sea_surface_wave_stokes_drift_x_velocity', 'sea_surface_wave_stokes_drift_y_velocity'] -> sea_surface_wave_stokes_drift_speed
19:11:44 DEBUG   opendrift.readers.basereader.variables:797: Reader projection is latlon - rotation of vectors is not needed.
19:11:44 DEBUG   opendrift.models.basemodel.environment:762: Obtained data for all elements.
19:11:44 DEBUG   opendrift.models.basemodel.environment:775: ---------------------------------------
19:11:44 DEBUG   opendrift.models.basemodel.environment:776: Finished processing all variable groups
19:11:44 DEBUG   opendrift.models.basemodel.environment:801:       Using fallback value 0 for x_sea_water_velocity for all profiles
19:11:44 DEBUG   opendrift.models.basemodel.environment:801:       Using fallback value 0 for y_sea_water_velocity for all profiles
19:11:44 DEBUG   opendrift.models.basemodel.environment:801:       Using fallback value 2 for sea_water_temperature for all profiles
19:11:44 DEBUG   opendrift.models.basemodel.environment:801:       Using fallback value 35 for sea_water_salinity for all profiles
19:11:44 DEBUG   opendrift.models.basemodel.environment:898: ------------ SUMMARY -------------
19:11:44 DEBUG   opendrift.models.basemodel.environment:900:     x_sea_water_velocity: 0.131439 (min) 0.150732 (max)
19:11:44 DEBUG   opendrift.models.basemodel.environment:900:     y_sea_water_velocity: 0.0448679 (min) 0.0505278 (max)
19:11:44 DEBUG   opendrift.models.basemodel.environment:900:     sea_floor_depth_below_sea_level: 34.1311 (min) 70.4396 (max)
19:11:44 DEBUG   opendrift.models.basemodel.environment:900:     sea_surface_height: 0 (min) 0 (max)
19:11:44 DEBUG   opendrift.models.basemodel.environment:900:     sea_surface_x_slope: 0 (min) 0 (max)
19:11:44 DEBUG   opendrift.models.basemodel.environment:900:     sea_surface_y_slope: 0 (min) 0 (max)
19:11:44 DEBUG   opendrift.models.basemodel.environment:900:     x_wind: 0 (min) 0 (max)
19:11:44 DEBUG   opendrift.models.basemodel.environment:900:     y_wind: 0 (min) 0 (max)
19:11:44 DEBUG   opendrift.models.basemodel.environment:900:     horizontal_diffusivity: 0 (min) 0 (max)
19:11:44 DEBUG   opendrift.models.basemodel.environment:900:     sea_surface_wave_significant_height: 1.09816 (min) 1.26916 (max)
19:11:44 DEBUG   opendrift.models.basemodel.environment:900:     sea_surface_wave_from_direction: 176.647 (min) 178.823 (max)
19:11:44 DEBUG   opendrift.models.basemodel.environment:900:     sea_surface_wave_stokes_drift_x_velocity: -0.0504205 (min) -0.0455798 (max)
19:11:44 DEBUG   opendrift.models.basemodel.environment:900:     sea_surface_wave_stokes_drift_y_velocity: 0.156903 (min) 0.182398 (max)
19:11:44 DEBUG   opendrift.models.basemodel.environment:900:     sea_water_temperature: 2 (min) 2 (max)
19:11:44 DEBUG   opendrift.models.basemodel.environment:900:     sea_water_salinity: 35 (min) 35 (max)
19:11:44 DEBUG   opendrift.models.basemodel.environment:900:     sea_ice_area_fraction: 0 (min) 0 (max)
19:11:44 DEBUG   opendrift.models.basemodel.environment:900:     sea_ice_thickness: 0 (min) 0 (max)
19:11:44 DEBUG   opendrift.models.basemodel.environment:900:     sea_ice_x_velocity: 0 (min) 0 (max)
19:11:44 DEBUG   opendrift.models.basemodel.environment:900:     sea_ice_y_velocity: 0 (min) 0 (max)
19:11:44 DEBUG   opendrift.models.basemodel.environment:900:     land_binary_mask: 0 (min) 0 (max)
19:11:44 DEBUG   opendrift.models.basemodel.environment:902: ---------------------------------
19:11:44 DEBUG   opendrift:689: No elements hit coastline.
19:11:44 DEBUG   opendrift:760: No elements hit seafloor.
19:11:44 DEBUG   opendrift:1732: No elements to deactivate
19:11:44 DEBUG   opendrift:2193: Calling OpenBerg.update()
19:11:44 DEBUG   opendrift:1680: Horizontal diffusivity is 0, no random walk.
19:11:44 DEBUG   opendrift:904: to be seeded: 250, already seeded 10
19:11:44 DEBUG   opendrift:926: Released 0 new elements.
19:11:44 DEBUG   opendrift:2135: ======================================================================
19:11:44 INFO    opendrift:2136: 2025-09-24 06:00:00 - step 7 of 1872 - 10 active elements (0 deactivated)
19:11:44 DEBUG   opendrift:2142: 250 elements scheduled.
19:11:44 DEBUG   opendrift:2144: ======================================================================
19:11:44 DEBUG   opendrift:2155: 		74.99825286865234 <- latitude -> 75.02150783328932
19:11:44 DEBUG   opendrift:2155: 		-58.211177825927734 <- longitude -> -58.0547386905395
19:11:44 DEBUG   opendrift:2153: 		z = 0.0
19:11:44 DEBUG   opendrift:2156: ---------------------------------
19:11:44 DEBUG   opendrift.models.basemodel.environment:599: ----------------------------------------
19:11:44 DEBUG   opendrift.models.basemodel.environment:600: Variable group ['land_binary_mask']
19:11:44 DEBUG   opendrift.models.basemodel.environment:601: ----------------------------------------
19:11:44 DEBUG   opendrift.models.basemodel.environment:605: Calling reader global_landmask
19:11:44 DEBUG   opendrift.models.basemodel.environment:606: ----------------------------------------
19:11:44 DEBUG   opendrift.models.basemodel.environment:626: Data needed for 10 elements
19:11:44 DEBUG   opendrift.readers.basereader.variables:761: Fetching variables from global_landmask covering 10 elements
19:11:44 DEBUG   opendrift.readers.basereader.continuous:37: Fetched env-before
19:11:44 DEBUG   opendrift.readers.basereader.variables:639: Checking land_binary_mask for invalid values
19:11:44 DEBUG   opendrift.readers.basereader.variables:797: Reader projection is latlon - rotation of vectors is not needed.
19:11:44 DEBUG   opendrift.models.basemodel.environment:762: Obtained data for all elements.
19:11:44 DEBUG   opendrift.models.basemodel.environment:599: ----------------------------------------
19:11:44 DEBUG   opendrift.models.basemodel.environment:600: Variable group ['sea_ice_area_fraction', 'sea_ice_thickness', 'sea_surface_wave_significant_height', 'sea_surface_wave_from_direction', 'sea_surface_wave_stokes_drift_x_velocity', 'sea_surface_wave_stokes_drift_y_velocity', 'sea_floor_depth_below_sea_level', 'x_sea_water_velocity', 'y_sea_water_velocity']
19:11:44 DEBUG   opendrift.models.basemodel.environment:601: ----------------------------------------
19:11:44 DEBUG   opendrift.models.basemodel.environment:605: Calling reader dataset-wam-arctic-1hr3km-be
19:11:44 DEBUG   opendrift.models.basemodel.environment:606: ----------------------------------------
19:11:44 DEBUG   opendrift.models.basemodel.environment:626: Data needed for 10 elements
19:11:44 DEBUG   opendrift.readers.basereader.variables:761: Fetching variables from dataset-wam-arctic-1hr3km-be covering 10 elements
19:11:44 DEBUG   opendrift.readers.basereader.variables:770: Scheduling x_sea_water_velocity to be derived from ['sea_water_speed', 'sea_water_to_direction']
19:11:44 DEBUG   opendrift.readers.basereader.variables:770: Scheduling y_sea_water_velocity to be derived from ['sea_water_speed', 'sea_water_to_direction']
19:11:44 DEBUG   opendrift.readers.basereader.structured:208: Shifting coordinates to -180-180
19:11:44 DEBUG   opendrift.readers.basereader.structured:220: Reader time:
		2025-09-24 06:00:00 (before)
		2025-09-24 07:00:00 (after)
19:11:44 DEBUG   opendrift.readers.basereader.variables:639: Checking sea_floor_depth_below_sea_level for invalid values
19:11:44 DEBUG   opendrift.readers.basereader.structured:290: Fetched env-block (size 14x9x1) for time before (2025-09-24 06:00:00)
19:11:44 DEBUG   opendrift.readers.basereader.structured:334: Interpolating before (2025-09-24 06:00:00) in space  (linearNDFast)
19:11:44 DEBUG   opendrift.readers.interpolation.structured:97: Initialising interpolator.
19:11:44 DEBUG   opendrift.readers.interpolation.interpolators:131: Linear2DInterpolator informational: NaN values for 1 elements, expanding data 1
19:11:44 DEBUG   opendrift.readers.interpolation.interpolators:131: Linear2DInterpolator informational: NaN values for 1 elements, expanding data 1
19:11:44 DEBUG   opendrift.readers.interpolation.interpolators:131: Linear2DInterpolator informational: NaN values for 1 elements, expanding data 1
19:11:44 DEBUG   opendrift.readers.interpolation.interpolators:131: Linear2DInterpolator informational: NaN values for 1 elements, expanding data 1
19:11:44 DEBUG   opendrift.readers.interpolation.interpolators:131: Linear2DInterpolator informational: NaN values for 1 elements, expanding data 1
19:11:44 DEBUG   opendrift.readers.interpolation.interpolators:131: Linear2DInterpolator informational: NaN values for 1 elements, expanding data 1
19:11:44 DEBUG   opendrift.readers.basereader.structured:388: No time interpolation needed - right on time.
19:11:44 DEBUG   opendrift.readers.basereader.variables:581: Calculating variable mapping: ['sea_water_speed', 'sea_water_to_direction'] -> x_sea_water_velocity
19:11:44 DEBUG   opendrift.readers.basereader.variables:581: Calculating variable mapping: ['sea_water_speed', 'sea_water_to_direction'] -> y_sea_water_velocity
19:11:44 DEBUG   opendrift.readers.basereader.variables:581: Calculating variable mapping: ['x_sea_water_velocity', 'y_sea_water_velocity'] -> sea_water_speed
19:11:44 DEBUG   opendrift.readers.basereader.variables:581: Calculating variable mapping: ['sea_surface_wave_stokes_drift_x_velocity', 'sea_surface_wave_stokes_drift_y_velocity'] -> sea_surface_wave_stokes_drift_speed
19:11:44 DEBUG   opendrift.readers.basereader.variables:797: Reader projection is latlon - rotation of vectors is not needed.
19:11:44 DEBUG   opendrift.models.basemodel.environment:762: Obtained data for all elements.
19:11:44 DEBUG   opendrift.models.basemodel.environment:775: ---------------------------------------
19:11:44 DEBUG   opendrift.models.basemodel.environment:776: Finished processing all variable groups
19:11:44 DEBUG   opendrift.models.basemodel.environment:801:       Using fallback value 0 for x_sea_water_velocity for all profiles
19:11:44 DEBUG   opendrift.models.basemodel.environment:801:       Using fallback value 0 for y_sea_water_velocity for all profiles
19:11:44 DEBUG   opendrift.models.basemodel.environment:801:       Using fallback value 2 for sea_water_temperature for all profiles
19:11:44 DEBUG   opendrift.models.basemodel.environment:801:       Using fallback value 35 for sea_water_salinity for all profiles
19:11:44 DEBUG   opendrift.models.basemodel.environment:898: ------------ SUMMARY -------------
19:11:44 DEBUG   opendrift.models.basemodel.environment:900:     x_sea_water_velocity: 0.151176 (min) 0.175307 (max)
19:11:44 DEBUG   opendrift.models.basemodel.environment:900:     y_sea_water_velocity: 0.0505548 (min) 0.0581054 (max)
19:11:44 DEBUG   opendrift.models.basemodel.environment:900:     sea_floor_depth_below_sea_level: 30.7468 (min) 70.4395 (max)
19:11:44 DEBUG   opendrift.models.basemodel.environment:900:     sea_surface_height: 0 (min) 0 (max)
19:11:44 DEBUG   opendrift.models.basemodel.environment:900:     sea_surface_x_slope: 0 (min) 0 (max)
19:11:44 DEBUG   opendrift.models.basemodel.environment:900:     sea_surface_y_slope: 0 (min) 0 (max)
19:11:44 DEBUG   opendrift.models.basemodel.environment:900:     x_wind: 0 (min) 0 (max)
19:11:44 DEBUG   opendrift.models.basemodel.environment:900:     y_wind: 0 (min) 0 (max)
19:11:44 DEBUG   opendrift.models.basemodel.environment:900:     horizontal_diffusivity: 0 (min) 0 (max)
19:11:44 DEBUG   opendrift.models.basemodel.environment:900:     sea_surface_wave_significant_height: 1.30781 (min) 1.46823 (max)
19:11:44 DEBUG   opendrift.models.basemodel.environment:900:     sea_surface_wave_from_direction: 176.813 (min) 178.394 (max)
19:11:44 DEBUG   opendrift.models.basemodel.environment:900:     sea_surface_wave_stokes_drift_x_velocity: -0.0546642 (min) -0.0508558 (max)
19:11:44 DEBUG   opendrift.models.basemodel.environment:900:     sea_surface_wave_stokes_drift_y_velocity: 0.183078 (min) 0.201998 (max)
19:11:44 DEBUG   opendrift.models.basemodel.environment:900:     sea_water_temperature: 2 (min) 2 (max)
19:11:44 DEBUG   opendrift.models.basemodel.environment:900:     sea_water_salinity: 35 (min) 35 (max)
19:11:44 DEBUG   opendrift.models.basemodel.environment:900:     sea_ice_area_fraction: 0 (min) 0 (max)
19:11:44 DEBUG   opendrift.models.basemodel.environment:900:     sea_ice_thickness: 0 (min) 0 (max)
19:11:44 DEBUG   opendrift.models.basemodel.environment:900:     sea_ice_x_velocity: 0 (min) 0 (max)
19:11:44 DEBUG   opendrift.models.basemodel.environment:900:     sea_ice_y_velocity: 0 (min) 0 (max)
19:11:44 DEBUG   opendrift.models.basemodel.environment:900:     land_binary_mask: 0 (min) 0 (max)
19:11:44 DEBUG   opendrift.models.basemodel.environment:902: ---------------------------------
19:11:44 DEBUG   opendrift:689: No elements hit coastline.
19:11:44 DEBUG   opendrift:760: No elements hit seafloor.
19:11:44 DEBUG   opendrift:1732: No elements to deactivate
19:11:44 DEBUG   opendrift:2193: Calling OpenBerg.update()
19:11:44 DEBUG   opendrift:1680: Horizontal diffusivity is 0, no random walk.
19:11:44 DEBUG   opendrift:904: to be seeded: 250, already seeded 10
19:11:44 DEBUG   opendrift:926: Released 0 new elements.
19:11:44 DEBUG   opendrift:2135: ======================================================================
19:11:44 INFO    opendrift:2136: 2025-09-24 07:00:00 - step 8 of 1872 - 10 active elements (0 deactivated)
19:11:44 DEBUG   opendrift:2142: 250 elements scheduled.
19:11:44 DEBUG   opendrift:2144: ======================================================================
19:11:44 DEBUG   opendrift:2155: 		74.99825286865234 <- latitude -> 75.02717859418883
19:11:44 DEBUG   opendrift:2155: 		-58.211177825927734 <- longitude -> -58.03221456459443
19:11:44 DEBUG   opendrift:2153: 		z = 0.0
19:11:44 DEBUG   opendrift:2156: ---------------------------------
19:11:44 DEBUG   opendrift.models.basemodel.environment:599: ----------------------------------------
19:11:44 DEBUG   opendrift.models.basemodel.environment:600: Variable group ['land_binary_mask']
19:11:44 DEBUG   opendrift.models.basemodel.environment:601: ----------------------------------------
19:11:44 DEBUG   opendrift.models.basemodel.environment:605: Calling reader global_landmask
19:11:44 DEBUG   opendrift.models.basemodel.environment:606: ----------------------------------------
19:11:44 DEBUG   opendrift.models.basemodel.environment:626: Data needed for 10 elements
19:11:44 DEBUG   opendrift.readers.basereader.variables:761: Fetching variables from global_landmask covering 10 elements
19:11:44 DEBUG   opendrift.readers.basereader.continuous:37: Fetched env-before
19:11:44 DEBUG   opendrift.readers.basereader.variables:639: Checking land_binary_mask for invalid values
19:11:44 DEBUG   opendrift.readers.basereader.variables:797: Reader projection is latlon - rotation of vectors is not needed.
19:11:44 DEBUG   opendrift.models.basemodel.environment:762: Obtained data for all elements.
19:11:44 DEBUG   opendrift.models.basemodel.environment:599: ----------------------------------------
19:11:44 DEBUG   opendrift.models.basemodel.environment:600: Variable group ['sea_ice_area_fraction', 'sea_ice_thickness', 'sea_surface_wave_significant_height', 'sea_surface_wave_from_direction', 'sea_surface_wave_stokes_drift_x_velocity', 'sea_surface_wave_stokes_drift_y_velocity', 'sea_floor_depth_below_sea_level', 'x_sea_water_velocity', 'y_sea_water_velocity']
19:11:44 DEBUG   opendrift.models.basemodel.environment:601: ----------------------------------------
19:11:44 DEBUG   opendrift.models.basemodel.environment:605: Calling reader dataset-wam-arctic-1hr3km-be
19:11:44 DEBUG   opendrift.models.basemodel.environment:606: ----------------------------------------
19:11:44 DEBUG   opendrift.models.basemodel.environment:626: Data needed for 10 elements
19:11:44 DEBUG   opendrift.readers.basereader.variables:761: Fetching variables from dataset-wam-arctic-1hr3km-be covering 10 elements
19:11:44 DEBUG   opendrift.readers.basereader.variables:770: Scheduling x_sea_water_velocity to be derived from ['sea_water_speed', 'sea_water_to_direction']
19:11:44 DEBUG   opendrift.readers.basereader.variables:770: Scheduling y_sea_water_velocity to be derived from ['sea_water_speed', 'sea_water_to_direction']
19:11:44 DEBUG   opendrift.readers.basereader.structured:208: Shifting coordinates to -180-180
19:11:44 DEBUG   opendrift.readers.basereader.structured:220: Reader time:
		2025-09-24 07:00:00 (before)
		2025-09-24 08:00:00 (after)
19:11:45 DEBUG   opendrift.readers.basereader.variables:639: Checking sea_floor_depth_below_sea_level for invalid values
19:11:45 DEBUG   opendrift.readers.basereader.structured:290: Fetched env-block (size 15x9x1) for time before (2025-09-24 07:00:00)
19:11:45 DEBUG   opendrift.readers.basereader.structured:334: Interpolating before (2025-09-24 07:00:00) in space  (linearNDFast)
19:11:45 DEBUG   opendrift.readers.interpolation.structured:97: Initialising interpolator.
19:11:45 DEBUG   opendrift.readers.interpolation.interpolators:131: Linear2DInterpolator informational: NaN values for 1 elements, expanding data 1
19:11:45 DEBUG   opendrift.readers.interpolation.interpolators:131: Linear2DInterpolator informational: NaN values for 1 elements, expanding data 1
19:11:45 DEBUG   opendrift.readers.interpolation.interpolators:131: Linear2DInterpolator informational: NaN values for 1 elements, expanding data 1
19:11:45 DEBUG   opendrift.readers.interpolation.interpolators:131: Linear2DInterpolator informational: NaN values for 1 elements, expanding data 1
19:11:45 DEBUG   opendrift.readers.interpolation.interpolators:131: Linear2DInterpolator informational: NaN values for 1 elements, expanding data 1
19:11:45 DEBUG   opendrift.readers.interpolation.interpolators:131: Linear2DInterpolator informational: NaN values for 1 elements, expanding data 1
19:11:45 DEBUG   opendrift.readers.basereader.structured:388: No time interpolation needed - right on time.
19:11:45 DEBUG   opendrift.readers.basereader.variables:581: Calculating variable mapping: ['sea_water_speed', 'sea_water_to_direction'] -> x_sea_water_velocity
19:11:45 DEBUG   opendrift.readers.basereader.variables:581: Calculating variable mapping: ['sea_water_speed', 'sea_water_to_direction'] -> y_sea_water_velocity
19:11:45 DEBUG   opendrift.readers.basereader.variables:581: Calculating variable mapping: ['x_sea_water_velocity', 'y_sea_water_velocity'] -> sea_water_speed
19:11:45 DEBUG   opendrift.readers.basereader.variables:581: Calculating variable mapping: ['sea_surface_wave_stokes_drift_x_velocity', 'sea_surface_wave_stokes_drift_y_velocity'] -> sea_surface_wave_stokes_drift_speed
19:11:45 DEBUG   opendrift.readers.basereader.variables:797: Reader projection is latlon - rotation of vectors is not needed.
19:11:45 DEBUG   opendrift.models.basemodel.environment:762: Obtained data for all elements.
19:11:45 DEBUG   opendrift.models.basemodel.environment:775: ---------------------------------------
19:11:45 DEBUG   opendrift.models.basemodel.environment:776: Finished processing all variable groups
19:11:45 DEBUG   opendrift.models.basemodel.environment:801:       Using fallback value 0 for x_sea_water_velocity for all profiles
19:11:45 DEBUG   opendrift.models.basemodel.environment:801:       Using fallback value 0 for y_sea_water_velocity for all profiles
19:11:45 DEBUG   opendrift.models.basemodel.environment:801:       Using fallback value 2 for sea_water_temperature for all profiles
19:11:45 DEBUG   opendrift.models.basemodel.environment:801:       Using fallback value 35 for sea_water_salinity for all profiles
19:11:45 DEBUG   opendrift.models.basemodel.environment:898: ------------ SUMMARY -------------
19:11:45 DEBUG   opendrift.models.basemodel.environment:900:     x_sea_water_velocity: 0.152543 (min) 0.186709 (max)
19:11:45 DEBUG   opendrift.models.basemodel.environment:900:     y_sea_water_velocity: 0.0547066 (min) 0.0637612 (max)
19:11:45 DEBUG   opendrift.models.basemodel.environment:900:     sea_floor_depth_below_sea_level: 29.8311 (min) 70.4394 (max)
19:11:45 DEBUG   opendrift.models.basemodel.environment:900:     sea_surface_height: 0 (min) 0 (max)
19:11:45 DEBUG   opendrift.models.basemodel.environment:900:     sea_surface_x_slope: 0 (min) 0 (max)
19:11:45 DEBUG   opendrift.models.basemodel.environment:900:     sea_surface_y_slope: 0 (min) 0 (max)
19:11:45 DEBUG   opendrift.models.basemodel.environment:900:     x_wind: 0 (min) 0 (max)
19:11:45 DEBUG   opendrift.models.basemodel.environment:900:     y_wind: 0 (min) 0 (max)
19:11:45 DEBUG   opendrift.models.basemodel.environment:900:     horizontal_diffusivity: 0 (min) 0 (max)
19:11:45 DEBUG   opendrift.models.basemodel.environment:900:     sea_surface_wave_significant_height: 1.41038 (min) 1.5753 (max)
19:11:45 DEBUG   opendrift.models.basemodel.environment:900:     sea_surface_wave_from_direction: 177.186 (min) 178.947 (max)
19:11:45 DEBUG   opendrift.models.basemodel.environment:900:     sea_surface_wave_stokes_drift_x_velocity: -0.0593537 (min) -0.0515989 (max)
19:11:45 DEBUG   opendrift.models.basemodel.environment:900:     sea_surface_wave_stokes_drift_y_velocity: 0.188482 (min) 0.204624 (max)
19:11:45 DEBUG   opendrift.models.basemodel.environment:900:     sea_water_temperature: 2 (min) 2 (max)
19:11:45 DEBUG   opendrift.models.basemodel.environment:900:     sea_water_salinity: 35 (min) 35 (max)
19:11:45 DEBUG   opendrift.models.basemodel.environment:900:     sea_ice_area_fraction: 0 (min) 0 (max)
19:11:45 DEBUG   opendrift.models.basemodel.environment:900:     sea_ice_thickness: 0 (min) 0 (max)
19:11:45 DEBUG   opendrift.models.basemodel.environment:900:     sea_ice_x_velocity: 0 (min) 0 (max)
19:11:45 DEBUG   opendrift.models.basemodel.environment:900:     sea_ice_y_velocity: 0 (min) 0 (max)
19:11:45 DEBUG   opendrift.models.basemodel.environment:900:     land_binary_mask: 0 (min) 0 (max)
19:11:45 DEBUG   opendrift.models.basemodel.environment:902: ---------------------------------
19:11:45 DEBUG   opendrift:689: No elements hit coastline.
19:11:45 DEBUG   opendrift:760: No elements hit seafloor.
19:11:45 DEBUG   opendrift:1732: No elements to deactivate
19:11:45 DEBUG   opendrift:2193: Calling OpenBerg.update()
19:11:45 DEBUG   opendrift:1680: Horizontal diffusivity is 0, no random walk.
19:11:45 DEBUG   opendrift:904: to be seeded: 250, already seeded 10
19:11:45 DEBUG   opendrift:926: Released 0 new elements.
19:11:45 DEBUG   opendrift:2135: ======================================================================
19:11:45 INFO    opendrift:2136: 2025-09-24 08:00:00 - step 9 of 1872 - 10 active elements (0 deactivated)
19:11:45 DEBUG   opendrift:2142: 250 elements scheduled.
19:11:45 DEBUG   opendrift:2144: ======================================================================
19:11:45 DEBUG   opendrift:2155: 		74.99825286865234 <- latitude -> 75.0332724379063
19:11:45 DEBUG   opendrift:2155: 		-58.211177825927734 <- longitude -> -58.00904261126564
19:11:45 DEBUG   opendrift:2153: 		z = 0.0
19:11:45 DEBUG   opendrift:2156: ---------------------------------
19:11:45 DEBUG   opendrift.models.basemodel.environment:599: ----------------------------------------
19:11:45 DEBUG   opendrift.models.basemodel.environment:600: Variable group ['land_binary_mask']
19:11:45 DEBUG   opendrift.models.basemodel.environment:601: ----------------------------------------
19:11:45 DEBUG   opendrift.models.basemodel.environment:605: Calling reader global_landmask
19:11:45 DEBUG   opendrift.models.basemodel.environment:606: ----------------------------------------
19:11:45 DEBUG   opendrift.models.basemodel.environment:626: Data needed for 10 elements
19:11:45 DEBUG   opendrift.readers.basereader.variables:761: Fetching variables from global_landmask covering 10 elements
19:11:45 DEBUG   opendrift.readers.basereader.continuous:37: Fetched env-before
19:11:45 DEBUG   opendrift.readers.basereader.variables:639: Checking land_binary_mask for invalid values
19:11:45 DEBUG   opendrift.readers.basereader.variables:797: Reader projection is latlon - rotation of vectors is not needed.
19:11:45 DEBUG   opendrift.models.basemodel.environment:762: Obtained data for all elements.
19:11:45 DEBUG   opendrift.models.basemodel.environment:599: ----------------------------------------
19:11:45 DEBUG   opendrift.models.basemodel.environment:600: Variable group ['sea_ice_area_fraction', 'sea_ice_thickness', 'sea_surface_wave_significant_height', 'sea_surface_wave_from_direction', 'sea_surface_wave_stokes_drift_x_velocity', 'sea_surface_wave_stokes_drift_y_velocity', 'sea_floor_depth_below_sea_level', 'x_sea_water_velocity', 'y_sea_water_velocity']
19:11:45 DEBUG   opendrift.models.basemodel.environment:601: ----------------------------------------
19:11:45 DEBUG   opendrift.models.basemodel.environment:605: Calling reader dataset-wam-arctic-1hr3km-be
19:11:45 DEBUG   opendrift.models.basemodel.environment:606: ----------------------------------------
19:11:45 DEBUG   opendrift.models.basemodel.environment:626: Data needed for 10 elements
19:11:45 DEBUG   opendrift.readers.basereader.variables:761: Fetching variables from dataset-wam-arctic-1hr3km-be covering 10 elements
19:11:45 DEBUG   opendrift.readers.basereader.variables:770: Scheduling x_sea_water_velocity to be derived from ['sea_water_speed', 'sea_water_to_direction']
19:11:45 DEBUG   opendrift.readers.basereader.variables:770: Scheduling y_sea_water_velocity to be derived from ['sea_water_speed', 'sea_water_to_direction']
19:11:45 DEBUG   opendrift.readers.basereader.structured:208: Shifting coordinates to -180-180
19:11:45 DEBUG   opendrift.readers.basereader.structured:220: Reader time:
		2025-09-24 08:00:00 (before)
		2025-09-24 09:00:00 (after)
19:11:45 DEBUG   opendrift.readers.basereader.variables:639: Checking sea_floor_depth_below_sea_level for invalid values
19:11:45 DEBUG   opendrift.readers.basereader.structured:290: Fetched env-block (size 15x9x1) for time before (2025-09-24 08:00:00)
19:11:45 DEBUG   opendrift.readers.basereader.structured:334: Interpolating before (2025-09-24 08:00:00) in space  (linearNDFast)
19:11:45 DEBUG   opendrift.readers.interpolation.structured:97: Initialising interpolator.
19:11:45 DEBUG   opendrift.readers.interpolation.interpolators:131: Linear2DInterpolator informational: NaN values for 1 elements, expanding data 1
19:11:45 DEBUG   opendrift.readers.interpolation.interpolators:131: Linear2DInterpolator informational: NaN values for 1 elements, expanding data 1
19:11:45 DEBUG   opendrift.readers.interpolation.interpolators:131: Linear2DInterpolator informational: NaN values for 1 elements, expanding data 1
19:11:45 DEBUG   opendrift.readers.interpolation.interpolators:131: Linear2DInterpolator informational: NaN values for 1 elements, expanding data 1
19:11:45 DEBUG   opendrift.readers.interpolation.interpolators:131: Linear2DInterpolator informational: NaN values for 1 elements, expanding data 1
19:11:45 DEBUG   opendrift.readers.interpolation.interpolators:131: Linear2DInterpolator informational: NaN values for 1 elements, expanding data 1
19:11:45 DEBUG   opendrift.readers.basereader.structured:388: No time interpolation needed - right on time.
19:11:45 DEBUG   opendrift.readers.basereader.variables:581: Calculating variable mapping: ['sea_water_speed', 'sea_water_to_direction'] -> x_sea_water_velocity
19:11:45 DEBUG   opendrift.readers.basereader.variables:581: Calculating variable mapping: ['sea_water_speed', 'sea_water_to_direction'] -> y_sea_water_velocity
19:11:45 DEBUG   opendrift.readers.basereader.variables:581: Calculating variable mapping: ['x_sea_water_velocity', 'y_sea_water_velocity'] -> sea_water_speed
19:11:45 DEBUG   opendrift.readers.basereader.variables:581: Calculating variable mapping: ['sea_surface_wave_stokes_drift_x_velocity', 'sea_surface_wave_stokes_drift_y_velocity'] -> sea_surface_wave_stokes_drift_speed
19:11:45 DEBUG   opendrift.readers.basereader.variables:797: Reader projection is latlon - rotation of vectors is not needed.
19:11:45 DEBUG   opendrift.models.basemodel.environment:762: Obtained data for all elements.
19:11:45 DEBUG   opendrift.models.basemodel.environment:775: ---------------------------------------
19:11:45 DEBUG   opendrift.models.basemodel.environment:776: Finished processing all variable groups
19:11:45 DEBUG   opendrift.models.basemodel.environment:801:       Using fallback value 0 for x_sea_water_velocity for all profiles
19:11:45 DEBUG   opendrift.models.basemodel.environment:801:       Using fallback value 0 for y_sea_water_velocity for all profiles
19:11:45 DEBUG   opendrift.models.basemodel.environment:801:       Using fallback value 2 for sea_water_temperature for all profiles
19:11:45 DEBUG   opendrift.models.basemodel.environment:801:       Using fallback value 35 for sea_water_salinity for all profiles
19:11:45 DEBUG   opendrift.models.basemodel.environment:898: ------------ SUMMARY -------------
19:11:45 DEBUG   opendrift.models.basemodel.environment:900:     x_sea_water_velocity: 0.155307 (min) 0.195804 (max)
19:11:45 DEBUG   opendrift.models.basemodel.environment:900:     y_sea_water_velocity: 0.0566198 (min) 0.0655141 (max)
19:11:45 DEBUG   opendrift.models.basemodel.environment:900:     sea_floor_depth_below_sea_level: 29.8493 (min) 70.4394 (max)
19:11:45 DEBUG   opendrift.models.basemodel.environment:900:     sea_surface_height: 0 (min) 0 (max)
19:11:45 DEBUG   opendrift.models.basemodel.environment:900:     sea_surface_x_slope: 0 (min) 0 (max)
19:11:45 DEBUG   opendrift.models.basemodel.environment:900:     sea_surface_y_slope: 0 (min) 0 (max)
19:11:45 DEBUG   opendrift.models.basemodel.environment:900:     x_wind: 0 (min) 0 (max)
19:11:45 DEBUG   opendrift.models.basemodel.environment:900:     y_wind: 0 (min) 0 (max)
19:11:45 DEBUG   opendrift.models.basemodel.environment:900:     horizontal_diffusivity: 0 (min) 0 (max)
19:11:45 DEBUG   opendrift.models.basemodel.environment:900:     sea_surface_wave_significant_height: 1.43993 (min) 1.66373 (max)
19:11:45 DEBUG   opendrift.models.basemodel.environment:900:     sea_surface_wave_from_direction: 178.162 (min) 180.994 (max)
19:11:45 DEBUG   opendrift.models.basemodel.environment:900:     sea_surface_wave_stokes_drift_x_velocity: -0.0643695 (min) -0.0620417 (max)
19:11:45 DEBUG   opendrift.models.basemodel.environment:900:     sea_surface_wave_stokes_drift_y_velocity: 0.183936 (min) 0.204197 (max)
19:11:45 DEBUG   opendrift.models.basemodel.environment:900:     sea_water_temperature: 2 (min) 2 (max)
19:11:45 DEBUG   opendrift.models.basemodel.environment:900:     sea_water_salinity: 35 (min) 35 (max)
19:11:45 DEBUG   opendrift.models.basemodel.environment:900:     sea_ice_area_fraction: 0 (min) 0 (max)
19:11:45 DEBUG   opendrift.models.basemodel.environment:900:     sea_ice_thickness: 0 (min) 0 (max)
19:11:45 DEBUG   opendrift.models.basemodel.environment:900:     sea_ice_x_velocity: 0 (min) 0 (max)
19:11:45 DEBUG   opendrift.models.basemodel.environment:900:     sea_ice_y_velocity: 0 (min) 0 (max)
19:11:45 DEBUG   opendrift.models.basemodel.environment:900:     land_binary_mask: 0 (min) 0 (max)
19:11:45 DEBUG   opendrift.models.basemodel.environment:902: ---------------------------------
19:11:45 DEBUG   opendrift:689: No elements hit coastline.
19:11:45 DEBUG   opendrift:760: No elements hit seafloor.
19:11:45 DEBUG   opendrift:1732: No elements to deactivate
19:11:45 DEBUG   opendrift:2193: Calling OpenBerg.update()
19:11:45 DEBUG   opendrift:1680: Horizontal diffusivity is 0, no random walk.
19:11:45 DEBUG   opendrift:904: to be seeded: 250, already seeded 10
19:11:45 DEBUG   opendrift:926: Released 0 new elements.
19:11:45 DEBUG   opendrift:2135: ======================================================================
19:11:45 INFO    opendrift:2136: 2025-09-24 09:00:00 - step 10 of 1872 - 10 active elements (0 deactivated)
19:11:45 DEBUG   opendrift:2142: 250 elements scheduled.
19:11:45 DEBUG   opendrift:2144: ======================================================================
19:11:45 DEBUG   opendrift:2155: 		74.99825286865234 <- latitude -> 75.03908892388058
19:11:45 DEBUG   opendrift:2155: 		-58.211177825927734 <- longitude -> -57.98731817998945
19:11:45 DEBUG   opendrift:2153: 		z = 0.0
19:11:45 DEBUG   opendrift:2156: ---------------------------------
19:11:45 DEBUG   opendrift.models.basemodel.environment:599: ----------------------------------------
19:11:45 DEBUG   opendrift.models.basemodel.environment:600: Variable group ['land_binary_mask']
19:11:45 DEBUG   opendrift.models.basemodel.environment:601: ----------------------------------------
19:11:45 DEBUG   opendrift.models.basemodel.environment:605: Calling reader global_landmask
19:11:45 DEBUG   opendrift.models.basemodel.environment:606: ----------------------------------------
19:11:45 DEBUG   opendrift.models.basemodel.environment:626: Data needed for 10 elements
19:11:45 DEBUG   opendrift.readers.basereader.variables:761: Fetching variables from global_landmask covering 10 elements
19:11:45 DEBUG   opendrift.readers.basereader.continuous:37: Fetched env-before
19:11:45 DEBUG   opendrift.readers.basereader.variables:639: Checking land_binary_mask for invalid values
19:11:45 DEBUG   opendrift.readers.basereader.variables:797: Reader projection is latlon - rotation of vectors is not needed.
19:11:45 DEBUG   opendrift.models.basemodel.environment:762: Obtained data for all elements.
19:11:45 DEBUG   opendrift.models.basemodel.environment:599: ----------------------------------------
19:11:45 DEBUG   opendrift.models.basemodel.environment:600: Variable group ['sea_ice_area_fraction', 'sea_ice_thickness', 'sea_surface_wave_significant_height', 'sea_surface_wave_from_direction', 'sea_surface_wave_stokes_drift_x_velocity', 'sea_surface_wave_stokes_drift_y_velocity', 'sea_floor_depth_below_sea_level', 'x_sea_water_velocity', 'y_sea_water_velocity']
19:11:45 DEBUG   opendrift.models.basemodel.environment:601: ----------------------------------------
19:11:45 DEBUG   opendrift.models.basemodel.environment:605: Calling reader dataset-wam-arctic-1hr3km-be
19:11:45 DEBUG   opendrift.models.basemodel.environment:606: ----------------------------------------
19:11:45 DEBUG   opendrift.models.basemodel.environment:626: Data needed for 10 elements
19:11:45 DEBUG   opendrift.readers.basereader.variables:761: Fetching variables from dataset-wam-arctic-1hr3km-be covering 10 elements
19:11:45 DEBUG   opendrift.readers.basereader.variables:770: Scheduling x_sea_water_velocity to be derived from ['sea_water_speed', 'sea_water_to_direction']
19:11:45 DEBUG   opendrift.readers.basereader.variables:770: Scheduling y_sea_water_velocity to be derived from ['sea_water_speed', 'sea_water_to_direction']
19:11:45 DEBUG   opendrift.readers.basereader.structured:208: Shifting coordinates to -180-180
19:11:45 DEBUG   opendrift.readers.basereader.structured:220: Reader time:
		2025-09-24 09:00:00 (before)
		2025-09-24 10:00:00 (after)
19:11:45 DEBUG   opendrift.readers.basereader.variables:639: Checking sea_floor_depth_below_sea_level for invalid values
19:11:45 DEBUG   opendrift.readers.basereader.structured:290: Fetched env-block (size 16x9x1) for time before (2025-09-24 09:00:00)
19:11:45 DEBUG   opendrift.readers.basereader.structured:334: Interpolating before (2025-09-24 09:00:00) in space  (linearNDFast)
19:11:45 DEBUG   opendrift.readers.interpolation.structured:97: Initialising interpolator.
19:11:45 DEBUG   opendrift.readers.interpolation.interpolators:131: Linear2DInterpolator informational: NaN values for 1 elements, expanding data 1
19:11:45 DEBUG   opendrift.readers.interpolation.interpolators:131: Linear2DInterpolator informational: NaN values for 1 elements, expanding data 1
19:11:45 DEBUG   opendrift.readers.interpolation.interpolators:131: Linear2DInterpolator informational: NaN values for 1 elements, expanding data 1
19:11:45 DEBUG   opendrift.readers.interpolation.interpolators:131: Linear2DInterpolator informational: NaN values for 1 elements, expanding data 1
19:11:45 DEBUG   opendrift.readers.interpolation.interpolators:131: Linear2DInterpolator informational: NaN values for 1 elements, expanding data 1
19:11:45 DEBUG   opendrift.readers.interpolation.interpolators:131: Linear2DInterpolator informational: NaN values for 1 elements, expanding data 1
19:11:45 DEBUG   opendrift.readers.basereader.structured:388: No time interpolation needed - right on time.
19:11:45 DEBUG   opendrift.readers.basereader.variables:581: Calculating variable mapping: ['sea_water_speed', 'sea_water_to_direction'] -> x_sea_water_velocity
19:11:45 DEBUG   opendrift.readers.basereader.variables:581: Calculating variable mapping: ['sea_water_speed', 'sea_water_to_direction'] -> y_sea_water_velocity
19:11:45 DEBUG   opendrift.readers.basereader.variables:581: Calculating variable mapping: ['x_sea_water_velocity', 'y_sea_water_velocity'] -> sea_water_speed
19:11:45 DEBUG   opendrift.readers.basereader.variables:581: Calculating variable mapping: ['sea_surface_wave_stokes_drift_x_velocity', 'sea_surface_wave_stokes_drift_y_velocity'] -> sea_surface_wave_stokes_drift_speed
19:11:45 DEBUG   opendrift.readers.basereader.variables:797: Reader projection is latlon - rotation of vectors is not needed.
19:11:45 DEBUG   opendrift.models.basemodel.environment:762: Obtained data for all elements.
19:11:45 DEBUG   opendrift.models.basemodel.environment:775: ---------------------------------------
19:11:45 DEBUG   opendrift.models.basemodel.environment:776: Finished processing all variable groups
19:11:45 DEBUG   opendrift.models.basemodel.environment:801:       Using fallback value 0 for x_sea_water_velocity for all profiles
19:11:45 DEBUG   opendrift.models.basemodel.environment:801:       Using fallback value 0 for y_sea_water_velocity for all profiles
19:11:45 DEBUG   opendrift.models.basemodel.environment:801:       Using fallback value 2 for sea_water_temperature for all profiles
19:11:45 DEBUG   opendrift.models.basemodel.environment:801:       Using fallback value 35 for sea_water_salinity for all profiles
19:11:45 DEBUG   opendrift.models.basemodel.environment:898: ------------ SUMMARY -------------
19:11:45 DEBUG   opendrift.models.basemodel.environment:900:     x_sea_water_velocity: 0.156905 (min) 0.205446 (max)
19:11:45 DEBUG   opendrift.models.basemodel.environment:900:     y_sea_water_velocity: 0.0584158 (min) 0.0653865 (max)
19:11:45 DEBUG   opendrift.models.basemodel.environment:900:     sea_floor_depth_below_sea_level: 27.3757 (min) 70.4396 (max)
19:11:45 DEBUG   opendrift.models.basemodel.environment:900:     sea_surface_height: 0 (min) 0 (max)
19:11:45 DEBUG   opendrift.models.basemodel.environment:900:     sea_surface_x_slope: 0 (min) 0 (max)
19:11:45 DEBUG   opendrift.models.basemodel.environment:900:     sea_surface_y_slope: 0 (min) 0 (max)
19:11:45 DEBUG   opendrift.models.basemodel.environment:900:     x_wind: 0 (min) 0 (max)
19:11:45 DEBUG   opendrift.models.basemodel.environment:900:     y_wind: 0 (min) 0 (max)
19:11:45 DEBUG   opendrift.models.basemodel.environment:900:     horizontal_diffusivity: 0 (min) 0 (max)
19:11:45 DEBUG   opendrift.models.basemodel.environment:900:     sea_surface_wave_significant_height: 1.48766 (min) 1.74187 (max)
19:11:45 DEBUG   opendrift.models.basemodel.environment:900:     sea_surface_wave_from_direction: 178.545 (min) 183.101 (max)
19:11:45 DEBUG   opendrift.models.basemodel.environment:900:     sea_surface_wave_stokes_drift_x_velocity: -0.0690131 (min) -0.0657295 (max)
19:11:45 DEBUG   opendrift.models.basemodel.environment:900:     sea_surface_wave_stokes_drift_y_velocity: 0.184102 (min) 0.202873 (max)
19:11:45 DEBUG   opendrift.models.basemodel.environment:900:     sea_water_temperature: 2 (min) 2 (max)
19:11:45 DEBUG   opendrift.models.basemodel.environment:900:     sea_water_salinity: 35 (min) 35 (max)
19:11:45 DEBUG   opendrift.models.basemodel.environment:900:     sea_ice_area_fraction: 0 (min) 0 (max)
19:11:45 DEBUG   opendrift.models.basemodel.environment:900:     sea_ice_thickness: 0 (min) 0 (max)
19:11:45 DEBUG   opendrift.models.basemodel.environment:900:     sea_ice_x_velocity: 0 (min) 0 (max)
19:11:45 DEBUG   opendrift.models.basemodel.environment:900:     sea_ice_y_velocity: 0 (min) 0 (max)
19:11:45 DEBUG   opendrift.models.basemodel.environment:900:     land_binary_mask: 0 (min) 0 (max)
19:11:45 DEBUG   opendrift.models.basemodel.environment:902: ---------------------------------
19:11:45 DEBUG   opendrift:689: No elements hit coastline.
19:11:45 DEBUG   opendrift:760: No elements hit seafloor.
19:11:45 DEBUG   opendrift:1732: No elements to deactivate
19:11:45 DEBUG   opendrift:2193: Calling OpenBerg.update()
19:11:45 DEBUG   opendrift:1680: Horizontal diffusivity is 0, no random walk.
19:11:45 DEBUG   opendrift:904: to be seeded: 250, already seeded 10
19:11:45 DEBUG   opendrift:926: Released 0 new elements.
19:11:45 DEBUG   opendrift:2135: ======================================================================
19:11:45 INFO    opendrift:2136: 2025-09-24 10:00:00 - step 11 of 1872 - 10 active elements (0 deactivated)
19:11:45 DEBUG   opendrift:2142: 250 elements scheduled.
19:11:45 DEBUG   opendrift:2144: ======================================================================
19:11:45 DEBUG   opendrift:2155: 		74.99825286865234 <- latitude -> 75.045013203228
19:11:45 DEBUG   opendrift:2155: 		-58.211177825927734 <- longitude -> -57.96595571013464
19:11:45 DEBUG   opendrift:2153: 		z = 0.0
19:11:45 DEBUG   opendrift:2156: ---------------------------------
19:11:45 DEBUG   opendrift.models.basemodel.environment:599: ----------------------------------------
19:11:45 DEBUG   opendrift.models.basemodel.environment:600: Variable group ['land_binary_mask']
19:11:45 DEBUG   opendrift.models.basemodel.environment:601: ----------------------------------------
19:11:45 DEBUG   opendrift.models.basemodel.environment:605: Calling reader global_landmask
19:11:45 DEBUG   opendrift.models.basemodel.environment:606: ----------------------------------------
19:11:45 DEBUG   opendrift.models.basemodel.environment:626: Data needed for 10 elements
19:11:45 DEBUG   opendrift.readers.basereader.variables:761: Fetching variables from global_landmask covering 10 elements
19:11:45 DEBUG   opendrift.readers.basereader.continuous:37: Fetched env-before
19:11:45 DEBUG   opendrift.readers.basereader.variables:639: Checking land_binary_mask for invalid values
19:11:45 DEBUG   opendrift.readers.basereader.variables:797: Reader projection is latlon - rotation of vectors is not needed.
19:11:45 DEBUG   opendrift.models.basemodel.environment:762: Obtained data for all elements.
19:11:45 DEBUG   opendrift.models.basemodel.environment:599: ----------------------------------------
19:11:45 DEBUG   opendrift.models.basemodel.environment:600: Variable group ['sea_ice_area_fraction', 'sea_ice_thickness', 'sea_surface_wave_significant_height', 'sea_surface_wave_from_direction', 'sea_surface_wave_stokes_drift_x_velocity', 'sea_surface_wave_stokes_drift_y_velocity', 'sea_floor_depth_below_sea_level', 'x_sea_water_velocity', 'y_sea_water_velocity']
19:11:45 DEBUG   opendrift.models.basemodel.environment:601: ----------------------------------------
19:11:45 DEBUG   opendrift.models.basemodel.environment:605: Calling reader dataset-wam-arctic-1hr3km-be
19:11:45 DEBUG   opendrift.models.basemodel.environment:606: ----------------------------------------
19:11:45 DEBUG   opendrift.models.basemodel.environment:626: Data needed for 10 elements
19:11:45 DEBUG   opendrift.readers.basereader.variables:761: Fetching variables from dataset-wam-arctic-1hr3km-be covering 10 elements
19:11:45 DEBUG   opendrift.readers.basereader.variables:770: Scheduling x_sea_water_velocity to be derived from ['sea_water_speed', 'sea_water_to_direction']
19:11:45 DEBUG   opendrift.readers.basereader.variables:770: Scheduling y_sea_water_velocity to be derived from ['sea_water_speed', 'sea_water_to_direction']
19:11:45 DEBUG   opendrift.readers.basereader.structured:208: Shifting coordinates to -180-180
19:11:45 DEBUG   opendrift.readers.basereader.structured:220: Reader time:
		2025-09-24 10:00:00 (before)
		2025-09-24 11:00:00 (after)
19:11:45 DEBUG   opendrift.readers.basereader.variables:639: Checking sea_floor_depth_below_sea_level for invalid values
19:11:45 DEBUG   opendrift.readers.basereader.structured:290: Fetched env-block (size 17x10x1) for time before (2025-09-24 10:00:00)
19:11:45 DEBUG   opendrift.readers.basereader.structured:334: Interpolating before (2025-09-24 10:00:00) in space  (linearNDFast)
19:11:45 DEBUG   opendrift.readers.interpolation.structured:97: Initialising interpolator.
19:11:45 DEBUG   opendrift.readers.interpolation.interpolators:131: Linear2DInterpolator informational: NaN values for 1 elements, expanding data 1
19:11:45 DEBUG   opendrift.readers.interpolation.interpolators:131: Linear2DInterpolator informational: NaN values for 1 elements, expanding data 1
19:11:45 DEBUG   opendrift.readers.interpolation.interpolators:131: Linear2DInterpolator informational: NaN values for 1 elements, expanding data 1
19:11:45 DEBUG   opendrift.readers.interpolation.interpolators:131: Linear2DInterpolator informational: NaN values for 1 elements, expanding data 1
19:11:45 DEBUG   opendrift.readers.interpolation.interpolators:131: Linear2DInterpolator informational: NaN values for 1 elements, expanding data 1
19:11:45 DEBUG   opendrift.readers.interpolation.interpolators:131: Linear2DInterpolator informational: NaN values for 1 elements, expanding data 1
19:11:45 DEBUG   opendrift.readers.basereader.structured:388: No time interpolation needed - right on time.
19:11:45 DEBUG   opendrift.readers.basereader.variables:581: Calculating variable mapping: ['sea_water_speed', 'sea_water_to_direction'] -> x_sea_water_velocity
19:11:45 DEBUG   opendrift.readers.basereader.variables:581: Calculating variable mapping: ['sea_water_speed', 'sea_water_to_direction'] -> y_sea_water_velocity
19:11:45 DEBUG   opendrift.readers.basereader.variables:581: Calculating variable mapping: ['x_sea_water_velocity', 'y_sea_water_velocity'] -> sea_water_speed
19:11:45 DEBUG   opendrift.readers.basereader.variables:581: Calculating variable mapping: ['sea_surface_wave_stokes_drift_x_velocity', 'sea_surface_wave_stokes_drift_y_velocity'] -> sea_surface_wave_stokes_drift_speed
19:11:45 DEBUG   opendrift.readers.basereader.variables:797: Reader projection is latlon - rotation of vectors is not needed.
19:11:45 DEBUG   opendrift.models.basemodel.environment:762: Obtained data for all elements.
19:11:45 DEBUG   opendrift.models.basemodel.environment:775: ---------------------------------------
19:11:45 DEBUG   opendrift.models.basemodel.environment:776: Finished processing all variable groups
19:11:45 DEBUG   opendrift.models.basemodel.environment:801:       Using fallback value 0 for x_sea_water_velocity for all profiles
19:11:45 DEBUG   opendrift.models.basemodel.environment:801:       Using fallback value 0 for y_sea_water_velocity for all profiles
19:11:45 DEBUG   opendrift.models.basemodel.environment:801:       Using fallback value 2 for sea_water_temperature for all profiles
19:11:45 DEBUG   opendrift.models.basemodel.environment:801:       Using fallback value 35 for sea_water_salinity for all profiles
19:11:45 DEBUG   opendrift.models.basemodel.environment:898: ------------ SUMMARY -------------
19:11:45 DEBUG   opendrift.models.basemodel.environment:900:     x_sea_water_velocity: 0.158888 (min) 0.217256 (max)
19:11:45 DEBUG   opendrift.models.basemodel.environment:900:     y_sea_water_velocity: 0.0554815 (min) 0.0616311 (max)
19:11:45 DEBUG   opendrift.models.basemodel.environment:900:     sea_floor_depth_below_sea_level: 28.9931 (min) 70.4394 (max)
19:11:45 DEBUG   opendrift.models.basemodel.environment:900:     sea_surface_height: 0 (min) 0 (max)
19:11:45 DEBUG   opendrift.models.basemodel.environment:900:     sea_surface_x_slope: 0 (min) 0 (max)
19:11:45 DEBUG   opendrift.models.basemodel.environment:900:     sea_surface_y_slope: 0 (min) 0 (max)
19:11:45 DEBUG   opendrift.models.basemodel.environment:900:     x_wind: 0 (min) 0 (max)
19:11:45 DEBUG   opendrift.models.basemodel.environment:900:     y_wind: 0 (min) 0 (max)
19:11:45 DEBUG   opendrift.models.basemodel.environment:900:     horizontal_diffusivity: 0 (min) 0 (max)
19:11:45 DEBUG   opendrift.models.basemodel.environment:900:     sea_surface_wave_significant_height: 1.46396 (min) 1.77822 (max)
19:11:45 DEBUG   opendrift.models.basemodel.environment:900:     sea_surface_wave_from_direction: 181.078 (min) 185.311 (max)
19:11:45 DEBUG   opendrift.models.basemodel.environment:900:     sea_surface_wave_stokes_drift_x_velocity: -0.065131 (min) -0.0624974 (max)
19:11:45 DEBUG   opendrift.models.basemodel.environment:900:     sea_surface_wave_stokes_drift_y_velocity: 0.174761 (min) 0.198275 (max)
19:11:45 DEBUG   opendrift.models.basemodel.environment:900:     sea_water_temperature: 2 (min) 2 (max)
19:11:45 DEBUG   opendrift.models.basemodel.environment:900:     sea_water_salinity: 35 (min) 35 (max)
19:11:45 DEBUG   opendrift.models.basemodel.environment:900:     sea_ice_area_fraction: 0 (min) 0 (max)
19:11:45 DEBUG   opendrift.models.basemodel.environment:900:     sea_ice_thickness: 0 (min) 0 (max)
19:11:45 DEBUG   opendrift.models.basemodel.environment:900:     sea_ice_x_velocity: 0 (min) 0 (max)
19:11:45 DEBUG   opendrift.models.basemodel.environment:900:     sea_ice_y_velocity: 0 (min) 0 (max)
19:11:45 DEBUG   opendrift.models.basemodel.environment:900:     land_binary_mask: 0 (min) 0 (max)
19:11:45 DEBUG   opendrift.models.basemodel.environment:902: ---------------------------------
19:11:45 DEBUG   opendrift:689: No elements hit coastline.
19:11:45 DEBUG   opendrift:760: No elements hit seafloor.
19:11:45 DEBUG   opendrift:1732: No elements to deactivate
19:11:45 DEBUG   opendrift:2193: Calling OpenBerg.update()
19:11:45 DEBUG   opendrift:1680: Horizontal diffusivity is 0, no random walk.
19:11:45 DEBUG   opendrift:904: to be seeded: 250, already seeded 10
19:11:45 DEBUG   opendrift:926: Released 0 new elements.
19:11:45 DEBUG   opendrift:2135: ======================================================================
19:11:45 INFO    opendrift:2136: 2025-09-24 11:00:00 - step 12 of 1872 - 10 active elements (0 deactivated)
19:11:45 DEBUG   opendrift:2142: 250 elements scheduled.
19:11:45 DEBUG   opendrift:2144: ======================================================================
19:11:45 DEBUG   opendrift:2155: 		74.99825286865234 <- latitude -> 75.05048089566229
19:11:45 DEBUG   opendrift:2155: 		-58.211177825927734 <- longitude -> -57.9443113742342
19:11:45 DEBUG   opendrift:2153: 		z = 0.0
19:11:45 DEBUG   opendrift:2156: ---------------------------------
19:11:45 DEBUG   opendrift.models.basemodel.environment:599: ----------------------------------------
19:11:45 DEBUG   opendrift.models.basemodel.environment:600: Variable group ['land_binary_mask']
19:11:45 DEBUG   opendrift.models.basemodel.environment:601: ----------------------------------------
19:11:45 DEBUG   opendrift.models.basemodel.environment:605: Calling reader global_landmask
19:11:45 DEBUG   opendrift.models.basemodel.environment:606: ----------------------------------------
19:11:45 DEBUG   opendrift.models.basemodel.environment:626: Data needed for 10 elements
19:11:45 DEBUG   opendrift.readers.basereader.variables:761: Fetching variables from global_landmask covering 10 elements
19:11:45 DEBUG   opendrift.readers.basereader.continuous:37: Fetched env-before
19:11:45 DEBUG   opendrift.readers.basereader.variables:639: Checking land_binary_mask for invalid values
19:11:45 DEBUG   opendrift.readers.basereader.variables:797: Reader projection is latlon - rotation of vectors is not needed.
19:11:45 DEBUG   opendrift.models.basemodel.environment:762: Obtained data for all elements.
19:11:45 DEBUG   opendrift.models.basemodel.environment:599: ----------------------------------------
19:11:45 DEBUG   opendrift.models.basemodel.environment:600: Variable group ['sea_ice_area_fraction', 'sea_ice_thickness', 'sea_surface_wave_significant_height', 'sea_surface_wave_from_direction', 'sea_surface_wave_stokes_drift_x_velocity', 'sea_surface_wave_stokes_drift_y_velocity', 'sea_floor_depth_below_sea_level', 'x_sea_water_velocity', 'y_sea_water_velocity']
19:11:45 DEBUG   opendrift.models.basemodel.environment:601: ----------------------------------------
19:11:45 DEBUG   opendrift.models.basemodel.environment:605: Calling reader dataset-wam-arctic-1hr3km-be
19:11:45 DEBUG   opendrift.models.basemodel.environment:606: ----------------------------------------
19:11:45 DEBUG   opendrift.models.basemodel.environment:626: Data needed for 10 elements
19:11:45 DEBUG   opendrift.readers.basereader.variables:761: Fetching variables from dataset-wam-arctic-1hr3km-be covering 10 elements
19:11:45 DEBUG   opendrift.readers.basereader.variables:770: Scheduling x_sea_water_velocity to be derived from ['sea_water_speed', 'sea_water_to_direction']
19:11:45 DEBUG   opendrift.readers.basereader.variables:770: Scheduling y_sea_water_velocity to be derived from ['sea_water_speed', 'sea_water_to_direction']
19:11:45 DEBUG   opendrift.readers.basereader.structured:208: Shifting coordinates to -180-180
19:11:45 DEBUG   opendrift.readers.basereader.structured:220: Reader time:
		2025-09-24 11:00:00 (before)
		2025-09-24 12:00:00 (after)
19:11:46 DEBUG   opendrift.readers.basereader.variables:639: Checking sea_floor_depth_below_sea_level for invalid values
19:11:46 DEBUG   opendrift.readers.basereader.structured:290: Fetched env-block (size 18x10x1) for time before (2025-09-24 11:00:00)
19:11:46 DEBUG   opendrift.readers.basereader.structured:334: Interpolating before (2025-09-24 11:00:00) in space  (linearNDFast)
19:11:46 DEBUG   opendrift.readers.interpolation.structured:97: Initialising interpolator.
19:11:46 DEBUG   opendrift.readers.interpolation.interpolators:131: Linear2DInterpolator informational: NaN values for 1 elements, expanding data 1
19:11:46 DEBUG   opendrift.readers.interpolation.interpolators:131: Linear2DInterpolator informational: NaN values for 1 elements, expanding data 1
19:11:46 DEBUG   opendrift.readers.interpolation.interpolators:131: Linear2DInterpolator informational: NaN values for 1 elements, expanding data 1
19:11:46 DEBUG   opendrift.readers.interpolation.interpolators:131: Linear2DInterpolator informational: NaN values for 1 elements, expanding data 1
19:11:46 DEBUG   opendrift.readers.interpolation.interpolators:131: Linear2DInterpolator informational: NaN values for 1 elements, expanding data 1
19:11:46 DEBUG   opendrift.readers.interpolation.interpolators:131: Linear2DInterpolator informational: NaN values for 1 elements, expanding data 1
19:11:46 DEBUG   opendrift.readers.basereader.structured:388: No time interpolation needed - right on time.
19:11:46 DEBUG   opendrift.readers.basereader.variables:581: Calculating variable mapping: ['sea_water_speed', 'sea_water_to_direction'] -> x_sea_water_velocity
19:11:46 DEBUG   opendrift.readers.basereader.variables:581: Calculating variable mapping: ['sea_water_speed', 'sea_water_to_direction'] -> y_sea_water_velocity
19:11:46 DEBUG   opendrift.readers.basereader.variables:581: Calculating variable mapping: ['x_sea_water_velocity', 'y_sea_water_velocity'] -> sea_water_speed
19:11:46 DEBUG   opendrift.readers.basereader.variables:581: Calculating variable mapping: ['sea_surface_wave_stokes_drift_x_velocity', 'sea_surface_wave_stokes_drift_y_velocity'] -> sea_surface_wave_stokes_drift_speed
19:11:46 DEBUG   opendrift.readers.basereader.variables:797: Reader projection is latlon - rotation of vectors is not needed.
19:11:46 DEBUG   opendrift.models.basemodel.environment:762: Obtained data for all elements.
19:11:46 DEBUG   opendrift.models.basemodel.environment:775: ---------------------------------------
19:11:46 DEBUG   opendrift.models.basemodel.environment:776: Finished processing all variable groups
19:11:46 DEBUG   opendrift.models.basemodel.environment:801:       Using fallback value 0 for x_sea_water_velocity for all profiles
19:11:46 DEBUG   opendrift.models.basemodel.environment:801:       Using fallback value 0 for y_sea_water_velocity for all profiles
19:11:46 DEBUG   opendrift.models.basemodel.environment:801:       Using fallback value 2 for sea_water_temperature for all profiles
19:11:46 DEBUG   opendrift.models.basemodel.environment:801:       Using fallback value 35 for sea_water_salinity for all profiles
19:11:46 DEBUG   opendrift.models.basemodel.environment:898: ------------ SUMMARY -------------
19:11:46 DEBUG   opendrift.models.basemodel.environment:900:     x_sea_water_velocity: 0.175473 (min) 0.235893 (max)
19:11:46 DEBUG   opendrift.models.basemodel.environment:900:     y_sea_water_velocity: 0.0484964 (min) 0.0557087 (max)
19:11:46 DEBUG   opendrift.models.basemodel.environment:900:     sea_floor_depth_below_sea_level: 40.5429 (min) 80.6301 (max)
19:11:46 DEBUG   opendrift.models.basemodel.environment:900:     sea_surface_height: 0 (min) 0 (max)
19:11:46 DEBUG   opendrift.models.basemodel.environment:900:     sea_surface_x_slope: 0 (min) 0 (max)
19:11:46 DEBUG   opendrift.models.basemodel.environment:900:     sea_surface_y_slope: 0 (min) 0 (max)
19:11:46 DEBUG   opendrift.models.basemodel.environment:900:     x_wind: 0 (min) 0 (max)
19:11:46 DEBUG   opendrift.models.basemodel.environment:900:     y_wind: 0 (min) 0 (max)
19:11:46 DEBUG   opendrift.models.basemodel.environment:900:     horizontal_diffusivity: 0 (min) 0 (max)
19:11:46 DEBUG   opendrift.models.basemodel.environment:900:     sea_surface_wave_significant_height: 1.37747 (min) 1.77573 (max)
19:11:46 DEBUG   opendrift.models.basemodel.environment:900:     sea_surface_wave_from_direction: 184.027 (min) 187.321 (max)
19:11:46 DEBUG   opendrift.models.basemodel.environment:900:     sea_surface_wave_stokes_drift_x_velocity: -0.0606554 (min) -0.0577001 (max)
19:11:46 DEBUG   opendrift.models.basemodel.environment:900:     sea_surface_wave_stokes_drift_y_velocity: 0.165527 (min) 0.193476 (max)
19:11:46 DEBUG   opendrift.models.basemodel.environment:900:     sea_water_temperature: 2 (min) 2 (max)
19:11:46 DEBUG   opendrift.models.basemodel.environment:900:     sea_water_salinity: 35 (min) 35 (max)
19:11:46 DEBUG   opendrift.models.basemodel.environment:900:     sea_ice_area_fraction: 0 (min) 0 (max)
19:11:46 DEBUG   opendrift.models.basemodel.environment:900:     sea_ice_thickness: 0 (min) 0 (max)
19:11:46 DEBUG   opendrift.models.basemodel.environment:900:     sea_ice_x_velocity: 0 (min) 0 (max)
19:11:46 DEBUG   opendrift.models.basemodel.environment:900:     sea_ice_y_velocity: 0 (min) 0 (max)
19:11:46 DEBUG   opendrift.models.basemodel.environment:900:     land_binary_mask: 0 (min) 0 (max)
19:11:46 DEBUG   opendrift.models.basemodel.environment:902: ---------------------------------
19:11:46 DEBUG   opendrift:689: No elements hit coastline.
19:11:46 DEBUG   opendrift:760: No elements hit seafloor.
19:11:46 DEBUG   opendrift:1732: No elements to deactivate
19:11:46 DEBUG   opendrift:2193: Calling OpenBerg.update()
19:11:46 DEBUG   opendrift:1680: Horizontal diffusivity is 0, no random walk.
19:11:46 DEBUG   opendrift:904: to be seeded: 250, already seeded 10
19:11:46 DEBUG   opendrift:926: Released 0 new elements.
19:11:46 DEBUG   opendrift:2135: ======================================================================
19:11:46 INFO    opendrift:2136: 2025-09-24 12:00:00 - step 13 of 1872 - 10 active elements (0 deactivated)
19:11:46 DEBUG   opendrift:2142: 250 elements scheduled.
19:11:46 DEBUG   opendrift:2144: ======================================================================
19:11:46 DEBUG   opendrift:2155: 		74.99825286865234 <- latitude -> 75.05520499127515
19:11:46 DEBUG   opendrift:2155: 		-58.211177825927734 <- longitude -> -57.92099444426148
19:11:46 DEBUG   opendrift:2153: 		z = 0.0
19:11:46 DEBUG   opendrift:2156: ---------------------------------
19:11:46 DEBUG   opendrift.models.basemodel.environment:599: ----------------------------------------
19:11:46 DEBUG   opendrift.models.basemodel.environment:600: Variable group ['land_binary_mask']
19:11:46 DEBUG   opendrift.models.basemodel.environment:601: ----------------------------------------
19:11:46 DEBUG   opendrift.models.basemodel.environment:605: Calling reader global_landmask
19:11:46 DEBUG   opendrift.models.basemodel.environment:606: ----------------------------------------
19:11:46 DEBUG   opendrift.models.basemodel.environment:626: Data needed for 10 elements
19:11:46 DEBUG   opendrift.readers.basereader.variables:761: Fetching variables from global_landmask covering 10 elements
19:11:46 DEBUG   opendrift.readers.basereader.continuous:37: Fetched env-before
19:11:46 DEBUG   opendrift.readers.basereader.variables:639: Checking land_binary_mask for invalid values
19:11:46 DEBUG   opendrift.readers.basereader.variables:797: Reader projection is latlon - rotation of vectors is not needed.
19:11:46 DEBUG   opendrift.models.basemodel.environment:762: Obtained data for all elements.
19:11:46 DEBUG   opendrift.models.basemodel.environment:599: ----------------------------------------
19:11:46 DEBUG   opendrift.models.basemodel.environment:600: Variable group ['sea_ice_area_fraction', 'sea_ice_thickness', 'sea_surface_wave_significant_height', 'sea_surface_wave_from_direction', 'sea_surface_wave_stokes_drift_x_velocity', 'sea_surface_wave_stokes_drift_y_velocity', 'sea_floor_depth_below_sea_level', 'x_sea_water_velocity', 'y_sea_water_velocity']
19:11:46 DEBUG   opendrift.models.basemodel.environment:601: ----------------------------------------
19:11:46 DEBUG   opendrift.models.basemodel.environment:605: Calling reader dataset-wam-arctic-1hr3km-be
19:11:46 DEBUG   opendrift.models.basemodel.environment:606: ----------------------------------------
19:11:46 DEBUG   opendrift.models.basemodel.environment:626: Data needed for 10 elements
19:11:46 DEBUG   opendrift.readers.basereader.variables:761: Fetching variables from dataset-wam-arctic-1hr3km-be covering 10 elements
19:11:46 DEBUG   opendrift.readers.basereader.variables:770: Scheduling x_sea_water_velocity to be derived from ['sea_water_speed', 'sea_water_to_direction']
19:11:46 DEBUG   opendrift.readers.basereader.variables:770: Scheduling y_sea_water_velocity to be derived from ['sea_water_speed', 'sea_water_to_direction']
19:11:46 DEBUG   opendrift.readers.basereader.structured:208: Shifting coordinates to -180-180
19:11:46 DEBUG   opendrift.readers.basereader.structured:220: Reader time:
		2025-09-24 12:00:00 (before)
		2025-09-24 13:00:00 (after)
19:11:46 DEBUG   opendrift.readers.basereader.variables:639: Checking sea_floor_depth_below_sea_level for invalid values
19:11:46 DEBUG   opendrift.readers.basereader.structured:290: Fetched env-block (size 18x10x1) for time before (2025-09-24 12:00:00)
19:11:46 DEBUG   opendrift.readers.basereader.structured:334: Interpolating before (2025-09-24 12:00:00) in space  (linearNDFast)
19:11:46 DEBUG   opendrift.readers.interpolation.structured:97: Initialising interpolator.
19:11:46 DEBUG   opendrift.readers.interpolation.interpolators:131: Linear2DInterpolator informational: NaN values for 1 elements, expanding data 1
19:11:46 DEBUG   opendrift.readers.interpolation.interpolators:131: Linear2DInterpolator informational: NaN values for 1 elements, expanding data 1
19:11:46 DEBUG   opendrift.readers.interpolation.interpolators:131: Linear2DInterpolator informational: NaN values for 1 elements, expanding data 1
19:11:46 DEBUG   opendrift.readers.interpolation.interpolators:131: Linear2DInterpolator informational: NaN values for 1 elements, expanding data 1
19:11:46 DEBUG   opendrift.readers.interpolation.interpolators:131: Linear2DInterpolator informational: NaN values for 1 elements, expanding data 1
19:11:46 DEBUG   opendrift.readers.interpolation.interpolators:131: Linear2DInterpolator informational: NaN values for 1 elements, expanding data 1
19:11:46 DEBUG   opendrift.readers.basereader.structured:388: No time interpolation needed - right on time.
19:11:46 DEBUG   opendrift.readers.basereader.variables:581: Calculating variable mapping: ['sea_water_speed', 'sea_water_to_direction'] -> x_sea_water_velocity
19:11:46 DEBUG   opendrift.readers.basereader.variables:581: Calculating variable mapping: ['sea_water_speed', 'sea_water_to_direction'] -> y_sea_water_velocity
19:11:46 DEBUG   opendrift.readers.basereader.variables:581: Calculating variable mapping: ['x_sea_water_velocity', 'y_sea_water_velocity'] -> sea_water_speed
19:11:46 DEBUG   opendrift.readers.basereader.variables:581: Calculating variable mapping: ['sea_surface_wave_stokes_drift_x_velocity', 'sea_surface_wave_stokes_drift_y_velocity'] -> sea_surface_wave_stokes_drift_speed
19:11:46 DEBUG   opendrift.readers.basereader.variables:797: Reader projection is latlon - rotation of vectors is not needed.
19:11:46 DEBUG   opendrift.models.basemodel.environment:762: Obtained data for all elements.
19:11:46 DEBUG   opendrift.models.basemodel.environment:775: ---------------------------------------
19:11:46 DEBUG   opendrift.models.basemodel.environment:776: Finished processing all variable groups
19:11:46 DEBUG   opendrift.models.basemodel.environment:801:       Using fallback value 0 for x_sea_water_velocity for all profiles
19:11:46 DEBUG   opendrift.models.basemodel.environment:801:       Using fallback value 0 for y_sea_water_velocity for all profiles
19:11:46 DEBUG   opendrift.models.basemodel.environment:801:       Using fallback value 2 for sea_water_temperature for all profiles
19:11:46 DEBUG   opendrift.models.basemodel.environment:801:       Using fallback value 35 for sea_water_salinity for all profiles
19:11:46 DEBUG   opendrift.models.basemodel.environment:898: ------------ SUMMARY -------------
19:11:46 DEBUG   opendrift.models.basemodel.environment:900:     x_sea_water_velocity: 0.179414 (min) 0.250759 (max)
19:11:46 DEBUG   opendrift.models.basemodel.environment:900:     y_sea_water_velocity: 0.0430157 (min) 0.0506841 (max)
19:11:46 DEBUG   opendrift.models.basemodel.environment:900:     sea_floor_depth_below_sea_level: 40.5429 (min) 146.361 (max)
19:11:46 DEBUG   opendrift.models.basemodel.environment:900:     sea_surface_height: 0 (min) 0 (max)
19:11:46 DEBUG   opendrift.models.basemodel.environment:900:     sea_surface_x_slope: 0 (min) 0 (max)
19:11:46 DEBUG   opendrift.models.basemodel.environment:900:     sea_surface_y_slope: 0 (min) 0 (max)
19:11:46 DEBUG   opendrift.models.basemodel.environment:900:     x_wind: 0 (min) 0 (max)
19:11:46 DEBUG   opendrift.models.basemodel.environment:900:     y_wind: 0 (min) 0 (max)
19:11:46 DEBUG   opendrift.models.basemodel.environment:900:     horizontal_diffusivity: 0 (min) 0 (max)
19:11:46 DEBUG   opendrift.models.basemodel.environment:900:     sea_surface_wave_significant_height: 1.31709 (min) 1.74739 (max)
19:11:46 DEBUG   opendrift.models.basemodel.environment:900:     sea_surface_wave_from_direction: 185.301 (min) 188.806 (max)
19:11:46 DEBUG   opendrift.models.basemodel.environment:900:     sea_surface_wave_stokes_drift_x_velocity: -0.0555572 (min) -0.0518764 (max)
19:11:46 DEBUG   opendrift.models.basemodel.environment:900:     sea_surface_wave_stokes_drift_y_velocity: 0.160519 (min) 0.187491 (max)
19:11:46 DEBUG   opendrift.models.basemodel.environment:900:     sea_water_temperature: 2 (min) 2 (max)
19:11:46 DEBUG   opendrift.models.basemodel.environment:900:     sea_water_salinity: 35 (min) 35 (max)
19:11:46 DEBUG   opendrift.models.basemodel.environment:900:     sea_ice_area_fraction: 0 (min) 0 (max)
19:11:46 DEBUG   opendrift.models.basemodel.environment:900:     sea_ice_thickness: 0 (min) 0 (max)
19:11:46 DEBUG   opendrift.models.basemodel.environment:900:     sea_ice_x_velocity: 0 (min) 0 (max)
19:11:46 DEBUG   opendrift.models.basemodel.environment:900:     sea_ice_y_velocity: 0 (min) 0 (max)
19:11:46 DEBUG   opendrift.models.basemodel.environment:900:     land_binary_mask: 0 (min) 0 (max)
19:11:46 DEBUG   opendrift.models.basemodel.environment:902: ---------------------------------
19:11:46 DEBUG   opendrift:689: No elements hit coastline.
19:11:46 DEBUG   opendrift:760: No elements hit seafloor.
19:11:46 DEBUG   opendrift:1732: No elements to deactivate
19:11:46 DEBUG   opendrift:2193: Calling OpenBerg.update()
19:11:46 DEBUG   opendrift:1680: Horizontal diffusivity is 0, no random walk.
19:11:46 DEBUG   opendrift:904: to be seeded: 250, already seeded 10
19:11:46 DEBUG   opendrift:926: Released 0 new elements.
19:11:46 DEBUG   opendrift:2135: ======================================================================
19:11:46 INFO    opendrift:2136: 2025-09-24 13:00:00 - step 14 of 1872 - 10 active elements (0 deactivated)
19:11:46 DEBUG   opendrift:2142: 250 elements scheduled.
19:11:46 DEBUG   opendrift:2144: ======================================================================
19:11:46 DEBUG   opendrift:2155: 		74.99825286865234 <- latitude -> 75.05951724216347
19:11:46 DEBUG   opendrift:2155: 		-58.211177825927734 <- longitude -> -57.897244812451156
19:11:46 DEBUG   opendrift:2153: 		z = 0.0
19:11:46 DEBUG   opendrift:2156: ---------------------------------
19:11:46 DEBUG   opendrift.models.basemodel.environment:599: ----------------------------------------
19:11:46 DEBUG   opendrift.models.basemodel.environment:600: Variable group ['land_binary_mask']
19:11:46 DEBUG   opendrift.models.basemodel.environment:601: ----------------------------------------
19:11:46 DEBUG   opendrift.models.basemodel.environment:605: Calling reader global_landmask
19:11:46 DEBUG   opendrift.models.basemodel.environment:606: ----------------------------------------
19:11:46 DEBUG   opendrift.models.basemodel.environment:626: Data needed for 10 elements
19:11:46 DEBUG   opendrift.readers.basereader.variables:761: Fetching variables from global_landmask covering 10 elements
19:11:46 DEBUG   opendrift.readers.basereader.continuous:37: Fetched env-before
19:11:46 DEBUG   opendrift.readers.basereader.variables:639: Checking land_binary_mask for invalid values
19:11:46 DEBUG   opendrift.readers.basereader.variables:797: Reader projection is latlon - rotation of vectors is not needed.
19:11:46 DEBUG   opendrift.models.basemodel.environment:762: Obtained data for all elements.
19:11:46 DEBUG   opendrift.models.basemodel.environment:599: ----------------------------------------
19:11:46 DEBUG   opendrift.models.basemodel.environment:600: Variable group ['sea_ice_area_fraction', 'sea_ice_thickness', 'sea_surface_wave_significant_height', 'sea_surface_wave_from_direction', 'sea_surface_wave_stokes_drift_x_velocity', 'sea_surface_wave_stokes_drift_y_velocity', 'sea_floor_depth_below_sea_level', 'x_sea_water_velocity', 'y_sea_water_velocity']
19:11:46 DEBUG   opendrift.models.basemodel.environment:601: ----------------------------------------
19:11:46 DEBUG   opendrift.models.basemodel.environment:605: Calling reader dataset-wam-arctic-1hr3km-be
19:11:46 DEBUG   opendrift.models.basemodel.environment:606: ----------------------------------------
19:11:46 DEBUG   opendrift.models.basemodel.environment:626: Data needed for 10 elements
19:11:46 DEBUG   opendrift.readers.basereader.variables:761: Fetching variables from dataset-wam-arctic-1hr3km-be covering 10 elements
19:11:46 DEBUG   opendrift.readers.basereader.variables:770: Scheduling x_sea_water_velocity to be derived from ['sea_water_speed', 'sea_water_to_direction']
19:11:46 DEBUG   opendrift.readers.basereader.variables:770: Scheduling y_sea_water_velocity to be derived from ['sea_water_speed', 'sea_water_to_direction']
19:11:46 DEBUG   opendrift.readers.basereader.structured:208: Shifting coordinates to -180-180
19:11:46 DEBUG   opendrift.readers.basereader.structured:220: Reader time:
		2025-09-24 13:00:00 (before)
		2025-09-24 14:00:00 (after)
19:11:46 DEBUG   opendrift.readers.basereader.variables:639: Checking sea_floor_depth_below_sea_level for invalid values
19:11:46 DEBUG   opendrift.readers.basereader.structured:290: Fetched env-block (size 19x10x1) for time before (2025-09-24 13:00:00)
19:11:46 DEBUG   opendrift.readers.basereader.structured:334: Interpolating before (2025-09-24 13:00:00) in space  (linearNDFast)
19:11:46 DEBUG   opendrift.readers.interpolation.structured:97: Initialising interpolator.
19:11:46 DEBUG   opendrift.readers.interpolation.interpolators:131: Linear2DInterpolator informational: NaN values for 1 elements, expanding data 1
19:11:46 DEBUG   opendrift.readers.interpolation.interpolators:131: Linear2DInterpolator informational: NaN values for 1 elements, expanding data 1
19:11:46 DEBUG   opendrift.readers.interpolation.interpolators:131: Linear2DInterpolator informational: NaN values for 1 elements, expanding data 1
19:11:46 DEBUG   opendrift.readers.interpolation.interpolators:131: Linear2DInterpolator informational: NaN values for 1 elements, expanding data 1
19:11:46 DEBUG   opendrift.readers.interpolation.interpolators:131: Linear2DInterpolator informational: NaN values for 1 elements, expanding data 1
19:11:46 DEBUG   opendrift.readers.interpolation.interpolators:131: Linear2DInterpolator informational: NaN values for 1 elements, expanding data 1
19:11:46 DEBUG   opendrift.readers.basereader.structured:388: No time interpolation needed - right on time.
19:11:46 DEBUG   opendrift.readers.basereader.variables:581: Calculating variable mapping: ['sea_water_speed', 'sea_water_to_direction'] -> x_sea_water_velocity
19:11:46 DEBUG   opendrift.readers.basereader.variables:581: Calculating variable mapping: ['sea_water_speed', 'sea_water_to_direction'] -> y_sea_water_velocity
19:11:46 DEBUG   opendrift.readers.basereader.variables:581: Calculating variable mapping: ['x_sea_water_velocity', 'y_sea_water_velocity'] -> sea_water_speed
19:11:46 DEBUG   opendrift.readers.basereader.variables:581: Calculating variable mapping: ['sea_surface_wave_stokes_drift_x_velocity', 'sea_surface_wave_stokes_drift_y_velocity'] -> sea_surface_wave_stokes_drift_speed
19:11:46 DEBUG   opendrift.readers.basereader.variables:797: Reader projection is latlon - rotation of vectors is not needed.
19:11:46 DEBUG   opendrift.models.basemodel.environment:762: Obtained data for all elements.
19:11:46 DEBUG   opendrift.models.basemodel.environment:775: ---------------------------------------
19:11:46 DEBUG   opendrift.models.basemodel.environment:776: Finished processing all variable groups
19:11:46 DEBUG   opendrift.models.basemodel.environment:801:       Using fallback value 0 for x_sea_water_velocity for all profiles
19:11:46 DEBUG   opendrift.models.basemodel.environment:801:       Using fallback value 0 for y_sea_water_velocity for all profiles
19:11:46 DEBUG   opendrift.models.basemodel.environment:801:       Using fallback value 2 for sea_water_temperature for all profiles
19:11:46 DEBUG   opendrift.models.basemodel.environment:801:       Using fallback value 35 for sea_water_salinity for all profiles
19:11:46 DEBUG   opendrift.models.basemodel.environment:898: ------------ SUMMARY -------------
19:11:46 DEBUG   opendrift.models.basemodel.environment:900:     x_sea_water_velocity: 0.167599 (min) 0.258898 (max)
19:11:46 DEBUG   opendrift.models.basemodel.environment:900:     y_sea_water_velocity: 0.0354656 (min) 0.0444321 (max)
19:11:46 DEBUG   opendrift.models.basemodel.environment:900:     sea_floor_depth_below_sea_level: 40.5431 (min) 202.189 (max)
19:11:46 DEBUG   opendrift.models.basemodel.environment:900:     sea_surface_height: 0 (min) 0 (max)
19:11:46 DEBUG   opendrift.models.basemodel.environment:900:     sea_surface_x_slope: 0 (min) 0 (max)
19:11:46 DEBUG   opendrift.models.basemodel.environment:900:     sea_surface_y_slope: 0 (min) 0 (max)
19:11:46 DEBUG   opendrift.models.basemodel.environment:900:     x_wind: 0 (min) 0 (max)
19:11:46 DEBUG   opendrift.models.basemodel.environment:900:     y_wind: 0 (min) 0 (max)
19:11:46 DEBUG   opendrift.models.basemodel.environment:900:     horizontal_diffusivity: 0 (min) 0 (max)
19:11:46 DEBUG   opendrift.models.basemodel.environment:900:     sea_surface_wave_significant_height: 1.26516 (min) 1.71527 (max)
19:11:46 DEBUG   opendrift.models.basemodel.environment:900:     sea_surface_wave_from_direction: 183.951 (min) 188.531 (max)
19:11:46 DEBUG   opendrift.models.basemodel.environment:900:     sea_surface_wave_stokes_drift_x_velocity: -0.0593784 (min) -0.0545564 (max)
19:11:46 DEBUG   opendrift.models.basemodel.environment:900:     sea_surface_wave_stokes_drift_y_velocity: 0.158021 (min) 0.183207 (max)
19:11:46 DEBUG   opendrift.models.basemodel.environment:900:     sea_water_temperature: 2 (min) 2 (max)
19:11:46 DEBUG   opendrift.models.basemodel.environment:900:     sea_water_salinity: 35 (min) 35 (max)
19:11:46 DEBUG   opendrift.models.basemodel.environment:900:     sea_ice_area_fraction: 0 (min) 0 (max)
19:11:46 DEBUG   opendrift.models.basemodel.environment:900:     sea_ice_thickness: 0 (min) 0 (max)
19:11:46 DEBUG   opendrift.models.basemodel.environment:900:     sea_ice_x_velocity: 0 (min) 0 (max)
19:11:46 DEBUG   opendrift.models.basemodel.environment:900:     sea_ice_y_velocity: 0 (min) 0 (max)
19:11:46 DEBUG   opendrift.models.basemodel.environment:900:     land_binary_mask: 0 (min) 1 (max)
19:11:46 DEBUG   opendrift.models.basemodel.environment:902: ---------------------------------
19:11:46 DEBUG   opendrift:692: 1 elements hit land, moving them to the coastline.
19:11:46 DEBUG   opendrift:1705: Added status stranded
19:11:46 DEBUG   opendrift:1716: 1 elements scheduled for deactivation (stranded)
19:11:46 DEBUG   opendrift:1718: 	(z: 0.000000 to 0.000000)
